Name;Straße;PLZ;Ort;Land;Betriebsstandort;Region;Telefon;E-Mail;Quelle
10er Vock;Steinbergweg 3;2223;Hohenruppersdorf;AT;Niederösterreich;Weinviertel;+43 2574 85221;office@weingut10er-vock.at;ÖWM-Betriebssuche
13er Haus;Jubiläumsstrasse 13;2352;Gumpoldskirchen;AT;Niederösterreich;Thermenregion;+43 2252 62412;weinbaustoeger@hotmail.com;ÖWM-Betriebssuche
20er Schulz;Kirchenstraße 15;2464;Göttlesbrunn-Arbesthal;AT;Niederösterreich;Carnuntum;+43 2162 8247;info@schulz.co.at;ÖWM-Betriebssuche
20ers Winzerei & Buschenschank;Hauptstraße 22;2202;Enzersfeld im Weinviertel;AT;Niederösterreich;Weinviertel;+43 664 5101251;wein@20ers.at;ÖWM-Betriebssuche
Aas Veronika;Königsbrunnerstraße 27;2102;Hagenbrunn;AT;Niederösterreich;Weinviertel;+43 2262 672581;;ÖWM-Betriebssuche
Achter;Hauptstraße 34;2123;Kronberg;AT;Niederösterreich;Weinviertel;+43 2245 4856;;ÖWM-Betriebssuche
Ackerl;Alfred Ziegerg. 8;2070;Mitterretzbach;AT;Niederösterreich;Weinviertel;+43 2942 2789;;ÖWM-Betriebssuche
Adam-Mühle;Auf der Wehr 13;3620;Spitz;AT;Niederösterreich;Wachau;+43 676 6338664;kontakt@adam-muehle.at;ÖWM-Betriebssuche
Agis;Unterloiben 42;3601;Dürnstein;AT;Niederösterreich;Wachau;+43 2732 59124;;ÖWM-Betriebssuche
Aichenbergkellerei;Wiener Strasse 12;3702;Niederrußbach;AT;Niederösterreich;Weinviertel;+43 2955 70408;office@aichenberg.com;ÖWM-Betriebssuche
Aichinger (Am Raiffeisenplatz);Am Raiffeisenplatz 13;2523;Tattendorf;AT;Niederösterreich;Thermenregion;+43 2253 81250;;ÖWM-Betriebssuche
Aichinger (Hauptstrasse);Hauptstrasse 15;3562;Schönberg;AT;Niederösterreich;Kamptal;+43 2733 8237;kamptal@wein-aichinger.at;ÖWM-Betriebssuche (Update bestehender Leadlisten-Eintrag)
Aichinger (Stratzdorfer Strasse);Stratzdorfer Strasse 21;3494;Theiß;AT;Niederösterreich;Kremstal;+43 2735 8650;;ÖWM-Betriebssuche
Aichinger (Untere Hauptstrasse);Untere Hauptstrasse 27;3494;Theiß;AT;Niederösterreich;Kremstal;+43 2735 8216;office@aichingers.at;ÖWM-Betriebssuche
Aichinger (Wienerstrasse);Wienerstrasse 5;3494;Gedersdorf;AT;Niederösterreich;Kremstal;+43 2735 8490;weinbau.aichinger@aon.at;ÖWM-Betriebssuche
Aigner (Am Berg);Am Berg 29;3511;Oberfucha;AT;Niederösterreich;Kremstal;+43 2739 2516;;ÖWM-Betriebssuche
Aigner (Burgschleinitz);Burgschleinitz 52;3730;Burgschleinitz-Kühnring;AT;Niederösterreich;Weinviertel;+43 2984 20282;;ÖWM-Betriebssuche
Aigner (Hauptstrasse);Hauptstrasse 42;3400;Klosterneuburg;AT;Niederösterreich;Wagram;+43 2243 35737;;ÖWM-Betriebssuche
Aigner (Jubiläumsstrasse);Jubiläumsstrasse 1;2352;Gumpoldskirchen;AT;Niederösterreich;Thermenregion;+43 2252 62313;;ÖWM-Betriebssuche
Aigner (Weinzierl);Weinzierl 53;3500;Krems an der Donau;AT;Niederösterreich;Kremstal;+43 2732 84558;info@aigner-wein.at;ÖWM-Betriebssuche (Update bestehender Leadlisten-Eintrag)
Aigner Franz;;3714;Roseldorf;AT;Niederösterreich;Weinviertel;+43 2959 2641;franz.aigner@aon.at;ÖWM-Betriebssuche
Aigner-Weinlinger;Eduard-Rösch Straße 30;2000;Stockerau;AT;Niederösterreich;Weinviertel;+43 650 8318448;Weinbau-weinlinger@aon.at;ÖWM-Betriebssuche
Albert;Kunigundbergstrasse 35;2380;Perchtoldsdorf;AT;Niederösterreich;Thermenregion;+43 1 8691050;;ÖWM-Betriebssuche
Alex Nebenführ;Winzergasse 1;2070;Mitterretzbach;AT;Niederösterreich;Weinviertel;+43 664 4219169;alex@nebenfuehr.com;ÖWM-Betriebssuche
Alexander Minnich;In Kirchbigeln 13;2100;Leobendorf;AT;Niederösterreich;Weinviertel;+43 680 2401387;weinbauminnich@gmail.com;ÖWM-Betriebssuche
Alexander Zöller;Hauptstr. 58;3552;Droß;AT;Niederösterreich;Kremstal;+43 650 5552539;office@weingutzoeller.at;ÖWM-Betriebssuche
Alfons;Nußdorf ob der Traisen 77;3133;Traismauer;AT;Niederösterreich;Traisental;+43 2783 82675;;ÖWM-Betriebssuche
Alfred Markus Deim;Mollandserstraße 14;3562;Schönberg;AT;Niederösterreich;Kamptal;+43 664 3502312;weinbau@deim.info;ÖWM-Betriebssuche (Update bestehender Leadlisten-Eintrag)
Allram;Herrengasse 3;3491;Straß im Straßertale;AT;Niederösterreich;Kamptal;+43 2735 2232;weingut@allram.at;ÖWM-Betriebssuche (Update bestehender Leadlisten-Eintrag)
Alphart;Wiener Straße 46;2514;Traiskirchen;AT;Niederösterreich;Thermenregion;+43 2252 52328;weingut@alphart.com;ÖWM-Betriebssuche (Update bestehender Leadlisten-Eintrag)
Alphart am Mühlbach;Wassergasse 9;2514;Traiskirchen;AT;Niederösterreich;Thermenregion;+43 2252 52292;info@alphart.at;ÖWM-Betriebssuche
Alt (Hauptstrasse 11);Hauptstrasse 11;3562;Schönberg;AT;Niederösterreich;Kamptal;+43 2733 8414;alt-weine@aon.at;ÖWM-Betriebssuche
Alt (Hauptstrasse 32);Hauptstrasse 32;3471;Großriedenthal;AT;Niederösterreich;Wagram;+43 2279 7228;wagram@weingut-alt.at;ÖWM-Betriebssuche
Altenburger;Braunsdorf 9;3714;Sitzendorf an der;AT;Niederösterreich;Weinviertel;+43 2959 2638;schmidaweingut.altenburger@gmx.at;ÖWM-Betriebssuche
Altenriederer (Kirschenweg);Kirschenweg 1;3134;Nußdorf ob der Traisen;AT;Niederösterreich;Traisental;+43 2783 6475;obsthof@altenriederer.at;ÖWM-Betriebssuche
Altenriederer (Thallerner Hauptstrasse);Thallerner Hauptstrasse 71;3511;Furth bei Göttweig;AT;Niederösterreich;Kremstal;+43 2739 2183;;ÖWM-Betriebssuche
Altmann;Fabrikstraße 1;3452;Trasdorf;AT;Niederösterreich;Wagram;+43 699 17051927;office@winzerhof-altmann.at;ÖWM-Betriebssuche
Alzinger;Unterloiben 11;3601;Dürnstein;AT;Niederösterreich;Wachau;+43 2732 77900;weingut@alzinger.at;ÖWM-Betriebssuche (Update bestehender Leadlisten-Eintrag)
Amon (Bachgasse);Bachgasse 92;3610;Weißenkirchen in der Wachau;AT;Niederösterreich;Wachau;+43 2715 2518;;ÖWM-Betriebssuche
Amon (Baumgarten);Baumgarten 9;3512;Mautern an der Donau;AT;Niederösterreich;Wachau;+43 2732 72540;;ÖWM-Betriebssuche
Amon (Weinstrasse);Weinstrasse 13;3550;Gobelsburg;AT;Niederösterreich;Kamptal;+43 664 3436399;weingut.amon@gmail.com;ÖWM-Betriebssuche (Update bestehender Leadlisten-Eintrag)
Amon (Wildendürnbach);Wildendürnbach 26;2164;Wildendürnbach;AT;Niederösterreich;Weinviertel;;;ÖWM-Betriebssuche
Amon (Zeile);Zeile 8;2170;Kleinhadersdorf;AT;Niederösterreich;Weinviertel;+43 664 1858038;office@amon.bio;ÖWM-Betriebssuche
Anderl (Gföhler Straße);Gföhler Straße 7;3552;Lengenfeld;AT;Niederösterreich;Kremstal;+43 650 5131397;info@anderlwein.at;ÖWM-Betriebssuche (Update bestehender Leadlisten-Eintrag)
Anderl (Ottenthal);Ottenthal 59;2163;Ottenthal;AT;Niederösterreich;Weinviertel;+43 664 6433136;andreas.anderl1@gmx.at;ÖWM-Betriebssuche
Andre;Großinzersdorf 131;2225;Großinzersdorf;AT;Niederösterreich;Weinviertel;+43 2532 2872;info@andreweine.at;ÖWM-Betriebssuche
Andreas Außer;Poysbrunner Straße 27a;2171;Herrnbaumgarten;AT;Niederösterreich;Weinviertel;+43 660 6846848;office@ausser.at;ÖWM-Betriebssuche
Andreas Bsteh;Wulzeshofen Nr. 48;2064;Wulzeshofen;AT;Niederösterreich;Weinviertel;+43 676 6863316;weinbau.bsteh@speed.at;ÖWM-Betriebssuche
Andreas Harm;Grundgasse 51;3508;Paudorf;AT;Niederösterreich;Kremstal;+43 660 5083048;office@harmwein.at;ÖWM-Betriebssuche
Andreas Steinmetz;Kremserstraße 7/2/6;3712;Maissau;AT;Niederösterreich;Weinviertel;;biohofkiblitz@gmail.com;ÖWM-Betriebssuche
Angerer (Gföhlerstrasse);Gföhlerstrasse 17a;3552;Lengenfeld;AT;Niederösterreich;Kremstal;+43 2719 2143;;ÖWM-Betriebssuche
Angerer (Untere Hauptstrasse);Untere Hauptstrasse 4;3495;Rohrendorf bei Krems;AT;Niederösterreich;Kremstal;+43 2732 86451;;ÖWM-Betriebssuche
Angerer Kurt;Annagasse 101;3552;Lengenfeld;AT;Niederösterreich;Kremstal;+43 676 4306901;kurt.angerer@aon.at;ÖWM-Betriebssuche (Update bestehender Leadlisten-Eintrag)
Anna Forstner;Sonnenzeile 35;2002;Großmugl;AT;Niederösterreich;Weinviertel;+43 670 4056656;Robert-forstner@gmx.at;ÖWM-Betriebssuche
Anton Bauer;Neufang 42;3483;Feuersbrunn;AT;Niederösterreich;Wagram;+43 2738 2556;office@antonbauer.at;ÖWM-Betriebssuche (Update bestehender Leadlisten-Eintrag)
Antoni;Ginzersdorf 66;2143;Großkrut;AT;Niederösterreich;Weinviertel;+43 2556 379;;ÖWM-Betriebssuche
Arkadenheuriger Seitz;Anton-Rauch- Strasse 5;2525;Günselsdorf;AT;Niederösterreich;Thermenregion;+43 2256 63387;;ÖWM-Betriebssuche
Arkadenhof Hausdorf;Neudegg 6;3471;Großriedenthal;AT;Niederösterreich;Wagram;+43 2279 7214;wein@hausdorf.at;ÖWM-Betriebssuche
Arkadenhof- Buchmayer;Pillersdorf 7;2073;Schrattenthal;AT;Niederösterreich;Weinviertel;+43 2946 8246;harald@buchmayer.at;ÖWM-Betriebssuche
Arkadenhofheuriger;Adletzberg 29;3454;Sitzenberg-Reidling;AT;Niederösterreich;Wagram;+43 2276 76013;;ÖWM-Betriebssuche
Arnauer;Frauendorf 8;3710;Ziersdorf;AT;Niederösterreich;Weinviertel;+43 2959 2625;;ÖWM-Betriebssuche
Arndorfer Martin & Anna;Weinbergweg 16;3491;Straß im Straßertale;AT;Niederösterreich;Kamptal;+43 664 5157044;info@ma-arndorfer.at;ÖWM-Betriebssuche (Update bestehender Leadlisten-Eintrag)
Arocker;Hauptplatz 12;3712;Maissau;AT;Niederösterreich;Weinviertel;+43 2958 8514;office@arocker.at;ÖWM-Betriebssuche
ArteVinea Jahn e.U. Weingut;Viendorf 51;2013;Göllersdorf;AT;Niederösterreich;Weinviertel;+43 650 6540657;manfred.jahn@artevinea.at;ÖWM-Betriebssuche
Arthold;Ortstrasse 20;2051;Zellerndorf;AT;Niederösterreich;Weinviertel;+43 2945 2223;office@arthold.info;ÖWM-Betriebssuche
Artner (Dorfstrasse 8);Dorfstrasse 8;2464;Göttlesbrunn-Arbesthal;AT;Niederösterreich;Carnuntum;+43 2162 8495;weingaertnerei@bioartner.at;ÖWM-Betriebssuche
Artner (Dorfstrasse 93);Dorfstrasse 93;2465;Höflein;AT;Niederösterreich;Carnuntum;+43 2162 63142;weingut@artner.co.at;ÖWM-Betriebssuche (Update bestehender Leadlisten-Eintrag)
Artner (Gartengasse);Gartengasse 4;2521;Trumau;AT;Niederösterreich;Thermenregion;+43 664 4555887;servus@artnerweine.at;ÖWM-Betriebssuche
Asbacher Klosterkeller Stradinger;Hollerzeile 19;3552;Stratzing;AT;Niederösterreich;Kremstal;+43 2719 30030;klosterkeller@stradinger.at;ÖWM-Betriebssuche
Aschauer (Drosseramt);Drosseramt 4;3552;Droß;AT;Niederösterreich;Kremstal;+43 664 1175275;info@aschauerwein.at;ÖWM-Betriebssuche
Aschauer (Nr.);Nr. 33;3512;Mautern an der Donau;AT;Niederösterreich;Wachau;+43 676 7134853;info@weinbau-aschauer.at;ÖWM-Betriebssuche
Asperger;Grossharras 19;2034;Großharras;AT;Niederösterreich;Weinviertel;+43 2526 6857;;ÖWM-Betriebssuche
Atzberg Wein GmbH;Mieslingtal 3;3620;Spitz;AT;Niederösterreich;Wachau;+43 650 3517353;office@atzberg.at;ÖWM-Betriebssuche
Auer;Theyerner Dorfstraße 12;3134;Theyern;AT;Niederösterreich;Traisental;+43 2783 7276;winzerhof-auer@gmx.at;ÖWM-Betriebssuche
Auer Familie;Pottendorferstrasse 14;2523;Tattendorf;AT;Niederösterreich;Thermenregion;+43 2253 81251;office@weingutauer.at;ÖWM-Betriebssuche (Update bestehender Leadlisten-Eintrag)
Auer Michael;Hoher Weg;2465;Höflein;AT;Niederösterreich;Carnuntum;+43 699 11608281;office@weingut-auer.com;ÖWM-Betriebssuche
Aufgeweckt;Laaerstrasse 10;2054;Haugsdorf;AT;Niederösterreich;Weinviertel;+43 2944 2568;;ÖWM-Betriebssuche
Aufreiter;Dorfstraße 92;3506;Krems an der Donau;AT;Niederösterreich;Kremstal;+43 2739 2205;willkommen@weinhof.at;ÖWM-Betriebssuche
Aumann Leo;Oberwaltersdorferstrasse 105;2512;Tribuswinkel;AT;Niederösterreich;Thermenregion;+43 2252 80502;office@aumann.at;ÖWM-Betriebssuche (Update bestehender Leadlisten-Eintrag)
Autherith;Weinzierlweg 5;3714;Niederschleinz;AT;Niederösterreich;Weinviertel;+43 664 3966193;weine@autherith.com;ÖWM-Betriebssuche
Autherith Johannes;Hauptplatz 12;3714;Sitzendorf an der Schmida;AT;Niederösterreich;Weinviertel;+43 2959 2005;;ÖWM-Betriebssuche
Autrieth;Hadres 24;2061;Hadres;AT;Niederösterreich;Weinviertel;+43 664 9222557;info@weingut-autrieth.at;ÖWM-Betriebssuche
AWP Angela und Walter Pernikl;Oberer Markt 4;3134;Nußdorf ob der Traisen;AT;Niederösterreich;Traisental;+43 2783 6290;awp@pernikl.at;ÖWM-Betriebssuche
Axter;Wilhelmsdorferstraße 35;2170;Poysdorf;AT;Niederösterreich;Weinviertel;+43 660 3475585;axter.guenther@gmail.com;ÖWM-Betriebssuche
Babor Christine;Nr. 253;2164;Wildendürnbach;AT;Niederösterreich;Weinviertel;+43 2523 8734;thomasbabor@aon.at;ÖWM-Betriebssuche
Bacher;Hollabrunnerstr. 48;3702;Oberrußbach;AT;Niederösterreich;Weinviertel;+43 664 8300487;johann.bacher@gmx.at;ÖWM-Betriebssuche
Bachhammer;Eibesthal 115;2130;Mistelbach;AT;Niederösterreich;Weinviertel;+43 2572 34663;;ÖWM-Betriebssuche
Bachl (Großnondorf);Großnondorf 20;2042;Guntersdorf;AT;Niederösterreich;Weinviertel;+43 699 10917340;f.bachl@gmx.net;ÖWM-Betriebssuche
Bachl (Kleinbaumgarten);Kleinbaumgarten 22;2154;Unterstinkenbrunn;AT;Niederösterreich;Weinviertel;+43 2522 88129;;ÖWM-Betriebssuche
Bachl Josef;Grossnondorf 103;2042;Guntersdorf;AT;Niederösterreich;Weinviertel;+43 699 12309790;josef.bachl@gmx.at;ÖWM-Betriebssuche
Bachmayer;Herrenzeile 35;2192;Kettlasbrunn;AT;Niederösterreich;Weinviertel;+43 2573 25922;josef@gasthof-schmidt.at;ÖWM-Betriebssuche
Backknecht;Unterer Mitterweg 10;3495;Rohrendorf bei Krems;AT;Niederösterreich;Kremstal;+43 2732 84494;office@rebschule.at;ÖWM-Betriebssuche
Baier;Stetteldorferstraße 23;3702;Rußbach;AT;Niederösterreich;Weinviertel;+43 650 5817691;office@weingut-baier.at;ÖWM-Betriebssuche
Bannert;Obermarkersdorf 198;2073;Obermarkersdorf;AT;Niederösterreich;Weinviertel;+43 2942 8337;office@weingutbannert.com;ÖWM-Betriebssuche (Update bestehender Leadlisten-Eintrag)
Barbach;Rudolfgasse 8;2380;Perchtoldsdorf;AT;Niederösterreich;Thermenregion;+43 1 8698378;mail@weinbau-barbach.at;ÖWM-Betriebssuche
Barbara Öhlzelt;Eichelbergstrasse 32;3561;Zöbing;AT;Niederösterreich;Kamptal;+43 2734 4857;barbara@weinberggeiss.at;ÖWM-Betriebssuche (Update bestehender Leadlisten-Eintrag)
Barnet;Puch 1;2014;Breitenwaida;AT;Niederösterreich;Weinviertel;+43 2954 2023;weingut@barnet.at;ÖWM-Betriebssuche
Bartl (Hauptstrasse);Hauptstrasse 40;3471;Großriedenthal;AT;Niederösterreich;Wagram;+43 2279 7616;weinbau.bartl@gmail.com;ÖWM-Betriebssuche
Bartl (Hohenwarth);Hohenwarth 21;3472;Hohenwarth-Mühlbach a.M.;AT;Niederösterreich;Weinviertel;+43 2957 253;;ÖWM-Betriebssuche
Bartmann;Kirchenplatz 12;2512;Traiskirchen;AT;Niederösterreich;Thermenregion;+43 2252 81532;info@weinbau-bartmann.at;ÖWM-Betriebssuche (Update bestehender Leadlisten-Eintrag)
Bauer (Alchemistenstraße);Alchemistenstraße 43;3470;Oberstockstall;AT;Niederösterreich;Wagram;+43 2279 2103;info@weinhofbauer.at;ÖWM-Betriebssuche
Bauer (Alt-Höflein);Alt-Höflein 90;2143;Großkrut;AT;Niederösterreich;Weinviertel;+43 2556 5383;;ÖWM-Betriebssuche
Bauer (Ameistal);Ameistal 4;3701;Großweikersdorf;AT;Niederösterreich;Wagram;+43 2955 71572;;ÖWM-Betriebssuche
Bauer (Gneixendorfer Hauptstrasse);Gneixendorfer Hauptstrasse 47;3500;Krems an der Donau;AT;Niederösterreich;Kremstal;+43 2732 86774;;ÖWM-Betriebssuche
Bauer (Grosse Zeile);Grosse Zeile 13;2172;Schrattenberg;AT;Niederösterreich;Weinviertel;+43 2555 2276;wein.bauer@aon.at;ÖWM-Betriebssuche
Bauer (Karl-Eyblgasse);Karl-Eyblgasse 5/21;3500;Krems an der Donau;AT;Niederösterreich;Kremstal;;michaela.bauer84@a1.net;ÖWM-Betriebssuche
Bauer (Maustrenk);Maustrenk 70;2225;Maustrenk;AT;Niederösterreich;Weinviertel;+43 2532 82692;;ÖWM-Betriebssuche
Bauer (Neuberg);Neuberg 1;2221;Groß-Schweinbarth;AT;Niederösterreich;Weinviertel;;bl@sandberg-weinviertel.at;ÖWM-Betriebssuche
Bauer (Radlbach);Radlbach 8;3620;Spitz;AT;Niederösterreich;Wachau;+43 2713 2835;;ÖWM-Betriebssuche
Bauer (Rohrbacher Straße);Rohrbacher Straße 9;2100;Leobendorf;AT;Niederösterreich;Weinviertel;+43 699 11712317;office@heurigen-bauer.at;ÖWM-Betriebssuche
Bauer (Seefeld);Seefeld 209;2062;Seefeld-Kadolz;AT;Niederösterreich;Weinviertel;+43 2943 3927;;ÖWM-Betriebssuche
Bauer (Wallner-Vetter-Gasse);Wallner-Vetter-Gasse 12;3483;Feuersbrunn;AT;Niederösterreich;Wagram;+43 2738 8777;weinerlebnis.bauer@gmail.com;ÖWM-Betriebssuche
Bauer (Weidling);Weidling 4;3125;Statzendorf;AT;Niederösterreich;Traisental;+43 2786 2348;winzerhof.bauer@a1.net;ÖWM-Betriebssuche
Bauer Christoph;Jetzelsdorf 49;2053;Haugsdorf;AT;Niederösterreich;Weinviertel;+43 2944 2304;office@bauerwein.at;ÖWM-Betriebssuche (Update bestehender Leadlisten-Eintrag)
Bauer Emil;Ottenthal 26;3470;Großriedenthal;AT;Niederösterreich;Wagram;+43 664 9251433;weingut@emilbauer.at;ÖWM-Betriebssuche
Bauer Ernst (Hauptstraße);Hauptstraße 83;2221;Groß-Schweinbarth;AT;Niederösterreich;Weinviertel;+43 664 1300200;bauer@sandberg-weinviertel.at;ÖWM-Betriebssuche
Bauer Ernst (Nr.);Nr. 70;2225;Maustrenk;AT;Niederösterreich;Weinviertel;+43 2532 82692;bauers.weine@aon.at;ÖWM-Betriebssuche
Bauer Familie;Hauptstrasse 26;2251;Ebenthal;AT;Niederösterreich;Weinviertel;+43 2538 85651;office@derweinbauer.at;ÖWM-Betriebssuche
Bauer Franz;Hauptplatz 9;2013;Göllersdorf;AT;Niederösterreich;Weinviertel;+43 2954 3217;office@bauer-weine.at;ÖWM-Betriebssuche
Bauer Gerlinde;Volksschulsiedlung 5;2061;Hadres;AT;Niederösterreich;Weinviertel;+43 2943 2109;;ÖWM-Betriebssuche
Bauer Harald;Denkmalgasse 18;2172;Schrattenberg;AT;Niederösterreich;Weinviertel;+43 664 5017492;bauerh@gmx.at;ÖWM-Betriebssuche
Bauer Heinz;Sommerzeile 32;2222;Kollnbrunn;AT;Niederösterreich;Weinviertel;+43 2574 2517;info@heinzbauer.at;ÖWM-Betriebssuche
Bauer Hermann und Maria;Mühlberggasse 7;3743;Röschitz;AT;Niederösterreich;Weinviertel;+43 676 9516230;info@bauers-wein.at;ÖWM-Betriebssuche
Bauer Leopold;Landstrasse 63;3462;Bierbaum am Kleebühel;AT;Niederösterreich;Wagram;+43 676 5244534;aon.964521514@aon.at;ÖWM-Betriebssuche
Bauer Lorenz;Tiefenthal 12;3701;Großweikersdorf;AT;Niederösterreich;Wagram;+43 664 1739946;lorenz.bauer@aon.at;ÖWM-Betriebssuche
Bauer Norbert;Jetzelsdorf 180;2053;Jetzelsdorf;AT;Niederösterreich;Weinviertel;+43 2944 2565;office@bauer-wein.com;ÖWM-Betriebssuche
Bauer Rupert;Hauptstrasse 32;2183;Neusiedl an der Zaya;AT;Niederösterreich;Weinviertel;+43 2533 89224;wein-bauer@aon.at;ÖWM-Betriebssuche
Bauer Stefan;Rathausplatz 19;3465;Königsbrunn am Wagram;AT;Niederösterreich;Wagram;+43 2278 2771;stefan@weingutbauer.at;ÖWM-Betriebssuche
Bauer-Feichtinger;Hasendorf 19;3454;Sitzenberg-Reidling;AT;Niederösterreich;Wagram;;;ÖWM-Betriebssuche
Baumgartner (Bergstrasse);Bergstrasse 33;3451;Spital;AT;Niederösterreich;Wagram;+43 2275 5777;heurigen@der-baumgartner.at;ÖWM-Betriebssuche
Baumgartner (Oberndorfer Ortsstraße);Oberndorfer Ortsstraße 38;3130;Herzogenburg;AT;Niederösterreich;Traisental;+43 2782 82611;office@baumgartner-wein.com;ÖWM-Betriebssuche
Baumgartner (Untermarkersdorf);Untermarkersdorf 39;2061;Untermarkersdorf;AT;Niederösterreich;Weinviertel;+43 2944 2395;info@obstbrand.at;ÖWM-Betriebssuche
Baumgartner (Zwettler Strasse);Zwettler Strasse 104;3500;Senftenberg;AT;Niederösterreich;Kremstal;+43 2734 2711;karl@weingut-baumgartner.at;ÖWM-Betriebssuche
Baumgartner Baumhausweine;Schloßstrasse 66;3550;Gobelsburg;AT;Niederösterreich;Kamptal;+43 664 4105660;office@baumgartner-weine.at;ÖWM-Betriebssuche (Update bestehender Leadlisten-Eintrag)
Bayer (Hauptstraße);Hauptstraße 44;2100;Leobendorf;AT;Niederösterreich;Weinviertel;+43 664 2860799;e.resinger@gmx.net;ÖWM-Betriebssuche
Bayer (St. Michael);St. Michael 4;3610;Weißenkirchen in der Wachau;AT;Niederösterreich;Wachau;+43 2713 2364;office@weingut-bayer.com;ÖWM-Betriebssuche
Bayer Franz;Kremserstr. 17;3465;Königsbrunn am Wagram;AT;Niederösterreich;Wagram;+43 2278 2345;fb@weingutfranzbayer.at;ÖWM-Betriebssuche
Bayer Karin;Wieden 72;2162;Falkenstein;AT;Niederösterreich;Weinviertel;+43 664 1733550;weinbau.bayer@aon.at;ÖWM-Betriebssuche
Bayler;Gasse 28;2276;Reintal;AT;Niederösterreich;Weinviertel;+43 2557 5143;weingut@weingut-bayler.at;ÖWM-Betriebssuche
Beate Wandl;Sauberg 1;3550;Langenlois;AT;Niederösterreich;Kamptal;+43 2734 3033;office@weingutwandl.at;ÖWM-Betriebssuche
Beer;Nr. 250;3471;Großriedenthal;AT;Niederösterreich;Wagram;+43 2279 7615;office@weingutbeer.at;ÖWM-Betriebssuche
Behr;Kleinwiesendorf 1;3701;Großweikersdorf;AT;Niederösterreich;Wagram;+43 2955 72802;;ÖWM-Betriebssuche
Beier;Hauptstraße 85;2252;Angern an der March;AT;Niederösterreich;Weinviertel;+43 2282 3326;h.beier@gmx.at;ÖWM-Betriebssuche
Bender;Niederfladnitz 37;2081;Niederfladnitz;AT;Niederösterreich;Weinviertel;+43 2949 2580;;ÖWM-Betriebssuche
Bendl Familie Herbert;Jetzelsdorf 41;2053;Pernersdorf;AT;Niederösterreich;Weinviertel;+43 2944 2303;bendl@weingut-bendl.at;ÖWM-Betriebssuche
Benedikt;Mallon 26;3470;Kirchberg am Wagram;AT;Niederösterreich;Wagram;+43 676 6362490;office@benedikt.cc;ÖWM-Betriebssuche (Update bestehender Leadlisten-Eintrag)
Benediktinerstift Altenburg;Abt-Placidus-Much- Straße 1;3591;Altenburg;AT;Niederösterreich;;+43 2982 345121;kultur.tourismus@stift-altenburg.at;ÖWM-Betriebssuche
Benischek;Lerchenfelderstrasse 37;3133;Traismauer;AT;Niederösterreich;Traisental;+43 2783 7632;;ÖWM-Betriebssuche
Beranek (Alte Strasse);Alte Strasse 3;3552;Stratzing;AT;Niederösterreich;Kremstal;+43 2719 8790;;ÖWM-Betriebssuche
Beranek (Lengenfelder Strasse);Lengenfelder Strasse 3;3552;Stratzing;AT;Niederösterreich;Kremstal;+43 2719 2906;;ÖWM-Betriebssuche
Beranek (Wiener Strasse);Wiener Strasse 45;2345;Brunn am Gebirge;AT;Niederösterreich;Thermenregion;+43 2236 377193;weinwerkstatt.beranek@aon.at;ÖWM-Betriebssuche
Berchtesgadnerhof;Nr. 60;2225;Zistersdorf;AT;Niederösterreich;Weinviertel;+43 699 10513985;j.kopp@aon.at;ÖWM-Betriebssuche
Berger (Enzersdorf);Enzersdorf 75;2134;Staatz;AT;Niederösterreich;Weinviertel;+43 664 3260026;hallo@bergersfinewine.com;ÖWM-Betriebssuche
Berger (Hauptstrasse);Hauptstrasse 15;2171;Herrnbaumgarten;AT;Niederösterreich;Weinviertel;+43 2555 2760;wein.berger@nanet.at;ÖWM-Betriebssuche
Berger (Kellergasse);Kellergasse 10;2212;Großengersdorf;AT;Niederösterreich;Weinviertel;+43 676 6391415;thbe@gmx.at;ÖWM-Betriebssuche
Berger (Schloßstraße);Schloßstraße 2;3491;Wiedendorf;AT;Niederösterreich;Kamptal;+43 2735 79214;;ÖWM-Betriebssuche
Berger (Weinbergstraße);Weinbergstraße 2;3494;Gedersdorf;AT;Niederösterreich;Kremstal;+43 2735 8234;office@weingut-berger.com;ÖWM-Betriebssuche (Update bestehender Leadlisten-Eintrag)
Berger Christian;Gartenweg 3;3390;Melk;AT;Niederösterreich;;+43 676 5047670;berger8@gmx.net;ÖWM-Betriebssuche
Berger Familie;Winzerstrasse 9;3743;Röschitz;AT;Niederösterreich;Weinviertel;+43 664 6423847;office@bergerwein.at;ÖWM-Betriebssuche
Berger Martina;Hadres 118;2061;Hadres;AT;Niederösterreich;Weinviertel;+43 664 2504215;r.m.berger@aon.at;ÖWM-Betriebssuche
Berger Walter;Rehberger Hauptstrasse 29;3500;Krems an der Donau;AT;Niederösterreich;Kremstal;+43 2732 72619;;ÖWM-Betriebssuche
Bergkellerei Godfried Steinschade;Grafenegger Strasse 13;3492;Engabrunn;AT;Niederösterreich;Kamptal;+43 2735 2548;wein@steinschaden.com;ÖWM-Betriebssuche
Bergkirchner Josef;Mitterarnsdorf 1;3621;Rossatz-Arnsdorf;AT;Niederösterreich;Wachau;+43 664 1405331;office@bergkirchner-wachau.at;ÖWM-Betriebssuche
Bergmann;Am Anger 3;2070;Retz;AT;Niederösterreich;Weinviertel;+43 664 73866875;office@windmuehle.at;ÖWM-Betriebssuche
Berndl;Höllgasse 1;3550;Langenlois;AT;Niederösterreich;Kamptal;+43 2734 2992;;ÖWM-Betriebssuche
Bernhard;Laimgrubgasse 158;3610;Weißenkirchen in der Wachau;AT;Niederösterreich;Wachau;+43 2715 2564;office@bernhard-wachau.at;ÖWM-Betriebssuche
Bernhard Leitgeb;;2540;Bad Vöslau;AT;Niederösterreich;Thermenregion;;b.leitgeb@gmx.at;ÖWM-Betriebssuche
Bernhard Plos;Weinbergstrasse 7;2504;Sooß;AT;Niederösterreich;Thermenregion;+43 699 19520892;info@plosweinbergstrasse.at;ÖWM-Betriebssuche
Bernreiter;Satzer Kellergasse 7;2020;Hollabrunn;AT;Niederösterreich;Weinviertel;+43 2952 20828;lukas.bernreiter@aon.at;ÖWM-Betriebssuche
Berthiller;Ottenthal 14;3470;Kirchberg am Wagram;AT;Niederösterreich;Wagram;+43 2279 2325;;ÖWM-Betriebssuche
Berthold (Hauptstraße);Hauptstraße 174;2214;Auersthal;AT;Niederösterreich;Weinviertel;;leopoldberthold@aon.at;ÖWM-Betriebssuche
Berthold (Mühlgasse);Mühlgasse 20;2225;Loidesthal;AT;Niederösterreich;Weinviertel;+43 664 2619160;winzerhofberthold@hotmail.com;ÖWM-Betriebssuche
Beyer (Birnzeile);Birnzeile 24;3714;Roseldorf;AT;Niederösterreich;Weinviertel;+43 676 6457118;office@weingutbeyer.at;ÖWM-Betriebssuche
Beyer (Watzelsdorf);Watzelsdorf 111;2051;Zellerndorf;AT;Niederösterreich;Weinviertel;+43 2945 2841;office@beyer-wein.at;ÖWM-Betriebssuche
Beyer Matthias;Hauptplatz 5;3743;Röschitz;AT;Niederösterreich;Weinviertel;+43 680 1168661;info@beyerwein.at;ÖWM-Betriebssuche
Bichler (Hafnerstrasse);Hafnerstrasse 10;3511;Furth bei Göttweig;AT;Niederösterreich;Kremstal;+43 2732 76921;;ÖWM-Betriebssuche
Bichler (Hauptstrasse);Hauptstrasse 1;3434;Tulbing;AT;Niederösterreich;Wagram;+43 2273 7258;j-bichler@gmx.at;ÖWM-Betriebssuche
Bichler Matthias;Dorfstraße 65;2465;Höflein;AT;Niederösterreich;Carnuntum;+43 680 2001441;;ÖWM-Betriebssuche
Biegler;Wiener Straße 14-18;2352;Gumpoldskirchen;AT;Niederösterreich;Thermenregion;+43 2252 62196;weingut.biegler@kabsi.at;ÖWM-Betriebssuche (Update bestehender Leadlisten-Eintrag)
Bieglmayer;Mittergrabern 39;2020;Hollabrunn;AT;Niederösterreich;Weinviertel;+43 676 6703358;office@weingut-bieglmayer.at;ÖWM-Betriebssuche
Bierleitgeb;Bürgthalstraße 14;2215;Matzen-Raggendorf;AT;Niederösterreich;Weinviertel;+43 2289 2457;heinrich.bierleitgeb@aon.at;ÖWM-Betriebssuche
Binder;Hauptstraße 6;2262;Stillfried;AT;Niederösterreich;Weinviertel;+43 2283 22592033;binder-weine@gmx.at;ÖWM-Betriebssuche
Binder Florian;Wartberg 13;3730;Straning-Grafenberg;AT;Niederösterreich;Weinviertel;+43 676 4019501;florian_binder@gmx.at;ÖWM-Betriebssuche
Binder Gabriele;25;3720;Parisdorf;AT;Niederösterreich;Weinviertel;+43 2958 82461;;ÖWM-Betriebssuche
Bio-Musterweingut Josef Loimer;Rudolfstraße 35;3550;Langenlois;AT;Niederösterreich;Kamptal;+43 2734 2313;info@loimerwein.at;ÖWM-Betriebssuche (Update bestehender Leadlisten-Eintrag)
Bio-Weingut Gössinger;Wiener Straße 23;2211;Pillichsdorf;AT;Niederösterreich;Weinviertel;+43 680 3058163;info@goessingerwein.at;ÖWM-Betriebssuche
Bio-Weingut Schwarz;Kleine Zeile 8 | Große Zeile 36;2172;Schrattenberg;AT;Niederösterreich;Weinviertel;+43 2555 2544;office@schwarzwines.com;ÖWM-Betriebssuche (Update bestehender Leadlisten-Eintrag)
Biohof Stich;Hauptstraße 32;2203;Manhartsbrunn;AT;Niederösterreich;Weinviertel;+43 664 5881603;info@biohof-stich.at;ÖWM-Betriebssuche
Biowein Lenhart;St.Urbanstraße 11;3481;Fels am Wagram;AT;Niederösterreich;Wagram;+43 650 2050002;office@biowein-lenhart.at;ÖWM-Betriebssuche
Bioweinbau Familie Graf;Sommerseite 21;2074;Unterretzbach;AT;Niederösterreich;Weinviertel;+43 2942 2907;info@weinbaugraf.at;ÖWM-Betriebssuche
Bioweingut Oppenauer;Hindenburgstraße 37;2170;Poysdorf;AT;Niederösterreich;Weinviertel;+43 664 1971452;bio@weingut-oppenauer.at;ÖWM-Betriebssuche
Biribauer;Minichhofen 23;3720;Ravelsbach;AT;Niederösterreich;Weinviertel;+43 676 9137710;biribauer@aon.at;ÖWM-Betriebssuche
Birsak (Bäckergasse);Bäckergasse 5;2273;Hohenau an der March;AT;Niederösterreich;Weinviertel;+43 699 17101401;office@wein-birsak.at;ÖWM-Betriebssuche
Birsak (Granitz);Granitz 5;3743;Röschitz;AT;Niederösterreich;Weinviertel;+43 664 3981482;info@weinbau-birsak.at;ÖWM-Betriebssuche
Bisamberger Weinstadl;Hauptstrasse 42;2102;Bisamberg;AT;Niederösterreich;Weinviertel;+43 2262 62701;;ÖWM-Betriebssuche
Bischof;Klein Weikersdorf 112;2023;Nappersdorf-Kammersdorf;AT;Niederösterreich;Weinviertel;+43 677 62936328;office@weingut-bischof.at;ÖWM-Betriebssuche
Blaha Martin;Im Winkl 7;3743;Röschitz;AT;Niederösterreich;Weinviertel;+43 664 4464679;office@weingut-blaha.at;ÖWM-Betriebssuche
Blaim;Frauenberg 1;3500;Krems an der Donau;AT;Niederösterreich;Kremstal;+43 2732 83163;;ÖWM-Betriebssuche
Blank;Bauernstrasse 24;2514;Traiskirchen;AT;Niederösterreich;Thermenregion;+43 2252 54122;;ÖWM-Betriebssuche
Blauensteiner (Mitterstockstall);Mitterstockstall 26;3470;Kirchberg am Wagram;AT;Niederösterreich;Wagram;+43 2279 2573;blauensteinerfranz1980@gmail.com;ÖWM-Betriebssuche
Blauensteiner (Obere Zeile);Obere Zeile 12;3482;Gösing am Wagram;AT;Niederösterreich;Wagram;+43 664 9233096;weingut@blauensteiner.com;ÖWM-Betriebssuche (Update bestehender Leadlisten-Eintrag)
Blauensteiner (Ottenthal);Ottenthal 61;3470;Kirchberg am Wagram;AT;Niederösterreich;Wagram;+43 2279 2048;info@hofblauensteiner.at;ÖWM-Betriebssuche
Blutaumüller;Klosterhof 4a;3552;Lengenfeld;AT;Niederösterreich;Kremstal;+43 2719 8752;weingut.blutaumueller@gmail.com;ÖWM-Betriebssuche
Bock;Hauptstrasse 25;2511;Pfaffstätten;AT;Niederösterreich;Thermenregion;+43 2252 89732;;ÖWM-Betriebssuche
Bodansky;Watzelsdorf 36;2051;Zellerndorf;AT;Niederösterreich;Weinviertel;;;ÖWM-Betriebssuche
Bodansky Cornelia;Winterseite 11;2074;Unterretzbach;AT;Niederösterreich;Weinviertel;+43 2942 20765;erwin.bodansky@aon.at;ÖWM-Betriebssuche
Bogner (Hauptstraße);Hauptstraße 66;3441;Baumgarten am Tullnerfeld;AT;Niederösterreich;Wagram;+43 676 3464256;berndi.grassl@yahoo.com;ÖWM-Betriebssuche
Bogner (Obere Hauptstrasse);Obere Hauptstrasse 24;3495;Rohrendorf bei Krems;AT;Niederösterreich;Kremstal;+43 2732 84460;office@winzerhof-bogner.at;ÖWM-Betriebssuche
Bohrn Weingut - Gästezimmer;Hauptstrasse 65;2171;Herrnbaumgarten;AT;Niederösterreich;Weinviertel;+43 664 4803600;office@weingut-bohrn.at;ÖWM-Betriebssuche
Bracher;Marstal 7;3620;Spitz;AT;Niederösterreich;Wachau;;;ÖWM-Betriebssuche
Brachmann;Geymüllergasse 4;3133;Traismauer;AT;Niederösterreich;Traisental;+43 664 73708904;office@weingutbrachmann.at;ÖWM-Betriebssuche
Brand;Straning 56;3722;Straning-Grafenberg;AT;Niederösterreich;Weinviertel;+43 2984 7271;johann.brand@aon.at;ÖWM-Betriebssuche
Brandl (Lauserkellergasse);Lauserkellergasse 1;3561;Zöbing;AT;Niederösterreich;Kamptal;+43 2734 2635;office@weingut-brandl.at;ÖWM-Betriebssuche (Update bestehender Leadlisten-Eintrag)
Brandl (Ob. Hauptstrasse);Ob. Hauptstrasse 33;2472;Prellenkirchen;AT;Niederösterreich;Carnuntum;+43 2145 2645;;ÖWM-Betriebssuche
Brandl (Obere Hauptstrasse);Obere Hauptstrasse 21;2472;Prellenkirchen;AT;Niederösterreich;Carnuntum;+43 2145 2026;;ÖWM-Betriebssuche
Brandl (Oberort);Oberort 1;2014;Kleedorf;AT;Niederösterreich;Weinviertel;+43 664 9191344;info@weinbau-brandl.at;ÖWM-Betriebssuche
Brandl Christoph;Radlbrunn 40a;3710;Ziersdorf;AT;Niederösterreich;Weinviertel;+43 664 3785303;info@weinhof-brandl.at;ÖWM-Betriebssuche
Brandl Thomas;Marktplatz 74;3491;Straß im Straßertale;AT;Niederösterreich;Kamptal;+43 664 4819191;brandlweingut@gmail.com;ÖWM-Betriebssuche (Update bestehender Leadlisten-Eintrag)
Brandl-Oswald;Puch 28;2014;Breitenwaida;AT;Niederösterreich;Weinviertel;+43 2954 2052;winzerhof-brandl-oswald@gmx.at;ÖWM-Betriebssuche
Brandner;Rossatz 186;3602;Rossatz-Arnsdorf;AT;Niederösterreich;Wachau;+43 660 6909592;g.mayer@brandner.at;ÖWM-Betriebssuche
Brandstetter;Holsteingasse 2;3704;Großwetzdorf;AT;Niederösterreich;Weinviertel;+43 664 5020665;;ÖWM-Betriebssuche
Brandstätter Karl;Hofmühlgasse 12;2020;Kleinstelzendorf;AT;Niederösterreich;Weinviertel;;;ÖWM-Betriebssuche
Braun (Gartenring);Gartenring 5;3133;Traismauer;AT;Niederösterreich;Traisental;+43 2783 312;;ÖWM-Betriebssuche
Braun (Hauptstraße);Hauptstraße 86;3610;Wösendorf in der Wachau;AT;Niederösterreich;Wachau;+43 676 6966311;office@braun.wine;ÖWM-Betriebssuche
Braun (Nr.);Nr. 166;2225;Zistersdorf;AT;Niederösterreich;Weinviertel;+43 2532 8667;erwin.braun@aon.at;ÖWM-Betriebssuche
Braun (Talstrasse);Talstrasse 148;3491;Straß im Straßertale;AT;Niederösterreich;Kamptal;+43 2735 36011;weinbau-braun@gmx.at;ÖWM-Betriebssuche
Braunschweig;Brunnkirchen 8;3511;Furth bei Göttweig;AT;Niederösterreich;Kremstal;+43 2739 2243;;ÖWM-Betriebssuche
Breitenfelder Harald;Kleinriedenthal Weinstraße 5;2070;Retz;AT;Niederösterreich;Weinviertel;+43 676 3959112;office@weingut-breitenfelder.at;ÖWM-Betriebssuche
Brenner (Langstrasse);Langstrasse 1;2244;Spannberg;AT;Niederösterreich;Weinviertel;+43 2538 8972;gertraudbrenner@gmx.at;ÖWM-Betriebssuche
Brenner (Obere Ortsstraße);Obere Ortsstraße 17- 19;3142;Langmannersdorf;AT;Niederösterreich;Traisental;+43 2784 2434;;ÖWM-Betriebssuche
Brenner Ingrid;Kurze Zeile 12;2212;Großengersdorf;AT;Niederösterreich;Weinviertel;+43 2245 88528;weinbau.brenner@aon.at;ÖWM-Betriebssuche
Brenninger Josef;Groß Stelzendorf 72;2013;Göllersdorf;AT;Niederösterreich;Weinviertel;+43 676 3203846;jbrenninger@aon.at;ÖWM-Betriebssuche
Bretz;Vohburgerstraße 38;2465;Höflein;AT;Niederösterreich;Carnuntum;+43 664 2032923;wein@bretzjoerg.com;ÖWM-Betriebssuche
Breyer (Hauptstrasse);Hauptstrasse 19;2511;Pfaffstätten;AT;Niederösterreich;Thermenregion;+43 2252 89733;;ÖWM-Betriebssuche
Breyer (Rohrgasse);Rohrgasse 18;2500;Baden;AT;Niederösterreich;Thermenregion;+43 650 8645306;office@weingut-breyer.at;ÖWM-Betriebssuche
Brindlmayer Karl;Wachaustrasse 23;3133;Traismauer;AT;Niederösterreich;Traisental;+43 650 8740080;wein@brindlmayer.at;ÖWM-Betriebssuche (Update bestehender Leadlisten-Eintrag)
Brodl;Brunnergasse 11;2380;Perchtoldsdorf;AT;Niederösterreich;Thermenregion;+43 1 8658605;stefanie.brodl@gmail.com;ÖWM-Betriebssuche
Bruch;St. Michael Nr. 5;3610;Weißenkirchen in der Wachau;AT;Niederösterreich;Wachau;+43 699 10101702;office@weingut-bruch.at;ÖWM-Betriebssuche
Bruckberger;Wienerstrasse 1;2352;Gumpoldskirchen;AT;Niederösterreich;Thermenregion;+43 2252 62230;;ÖWM-Betriebssuche
Bruckner (Blumenthal);Blumenthal 24;2225;Zistersdorf;AT;Niederösterreich;Weinviertel;+43 2532 88208;karl_bruckner@aon.at;ÖWM-Betriebssuche
Bruckner (Gaiselberg);Gaiselberg 17;2225;Zistersdorf;AT;Niederösterreich;Weinviertel;+43 2532 88665;bruckner@hagel.at;ÖWM-Betriebssuche
Bruckner (Nr.);Nr. 103;2164;Wildendürnbach;AT;Niederösterreich;Weinviertel;+43 2523 8744;;ÖWM-Betriebssuche
Bruckner Christoph;Gösting 54;2225;Zistersdorf;AT;Niederösterreich;Weinviertel;+43 676 4744297;bruckner@hagel.at;ÖWM-Betriebssuche
Bruckner GnbR;Gösting 54;2225;Gösting;AT;Niederösterreich;Weinviertel;+43 676 4744297;brucknerman@gmail.com;ÖWM-Betriebssuche
Bruckner Michaela;Wildendürnbach 76;2164;Wildendürnbach;AT;Niederösterreich;Weinviertel;+43 2523 20176;bruckner76@aon.at;ÖWM-Betriebssuche
Bruckner Walter;Nr. 1;2225;Gaiselberg;AT;Niederösterreich;Weinviertel;+43 2532 88240;wm.bruckner@gmx.at;ÖWM-Betriebssuche
Brunner;Weinbergweg 301;3491;Straß im Straßertale;AT;Niederösterreich;Kamptal;+43 2735 3165;;ÖWM-Betriebssuche
Brunthaler;Seefeldgasse 99;2024;Mailberg;AT;Niederösterreich;Weinviertel;+43 2943 2263;karl.brunthaler@aon.at;ÖWM-Betriebssuche
Brustbauer (Mauternbach);Mauternbach 21;3512;Mautern an der Donau;AT;Niederösterreich;Wachau;+43 2732 86594;brustbauer.wein@gmx.at;ÖWM-Betriebssuche
Brustbauer (Oberloiben);Oberloiben 2;3601;Dürnstein;AT;Niederösterreich;Wachau;+43 699 17261418;maximilian@brustbauer.at;ÖWM-Betriebssuche
Bräutigam;Ameistal 16;3701;Großweikersdorf;AT;Niederösterreich;Wagram;+43 2955 71772;;ÖWM-Betriebssuche
Brückner;Hausenbach 4;3121;Karlstetten;AT;Niederösterreich;Traisental;+43 2741 8369;;ÖWM-Betriebssuche
Brüger Martina;Haidegasse 4;2135;Altruppersdorf;AT;Niederösterreich;Weinviertel;+43 664 4981517;mimi.1977@gmx.at;ÖWM-Betriebssuche
Bründlmayer;Zwettler Straße 23;3550;Langenlois;AT;Niederösterreich;Kamptal;+43 2734 21720;weingut@bruendlmayer.at;ÖWM-Betriebssuche (Update bestehender Leadlisten-Eintrag)
Bründlmayer Josef & Philipp;Ortsring 44;3485;Grunddorf;AT;Niederösterreich;Kamptal;+43 2735 5112;office@jpbm.at;ÖWM-Betriebssuche
BRÜNDY Wein Werk Wagram;Neufang 31;3483;Feuersbrunn;AT;Niederösterreich;Wagram;+43 2738 8735;office@bruendy.at;ÖWM-Betriebssuche
BS Naturfrucht GmbH;Kirchenplatz 10;2120;Wolkersdorf im Weinviertel;AT;Niederösterreich;Weinviertel;+43 2245 24678;office@naturfrucht.at;ÖWM-Betriebssuche
Buchart (Hauptstrasse);Hauptstrasse 58;2504;Sooß;AT;Niederösterreich;Thermenregion;+43 664 2154592;wein@buchart58.at;ÖWM-Betriebssuche
Buchart (Wr. Neustädterstrasse);Wr. Neustädterstrasse 36;2540;Bad Vöslau;AT;Niederösterreich;Thermenregion;+43 2252 70288;weinbau.buchart@drei.at;ÖWM-Betriebssuche
Buchecker;Weinbergstrasse 11;3494;Gedersdorf;AT;Niederösterreich;Kremstal;+43 664 2322436;office@weingut-buchecker.at;ÖWM-Betriebssuche
Buchegger;Dross 300;3552;Droß;AT;Niederösterreich;Kremstal;+43 2719 30056;buchegger@vorspannhof.at;ÖWM-Betriebssuche (Update bestehender Leadlisten-Eintrag)
Bucher;Lundenburgerstrasse 55;2193;Wilfersdorf;AT;Niederösterreich;Weinviertel;+43 2573 2365;;ÖWM-Betriebssuche
Buchholzer;Hauptstraße 1;3485;Sittendorf;AT;Niederösterreich;Kamptal;+43 664 1512899;info@weinbau-buchholzer.at;ÖWM-Betriebssuche
Buchinger;Margarethenstrasse 28;2431;Enzersdorf an der Fischa;AT;Niederösterreich;Carnuntum;+43 2230 9616;;ÖWM-Betriebssuche
Buchmayer;Pillersdorf 19;2073;Zellerndorf;AT;Niederösterreich;Weinviertel;+43 2942 8242;;ÖWM-Betriebssuche
Buchmayer Thomas u. Maria;Pillersdorf Nr. 3;2073;Pillersdorf;AT;Niederösterreich;Weinviertel;+43 650 3536828;office@weingut-buchmayer.at;ÖWM-Betriebssuche
Buder;Wilfersdorferstrasse 15;3434;Tulbing;AT;Niederösterreich;Wagram;+43 2273 7980;;ÖWM-Betriebssuche
Burger (Dörfl);Dörfl 6;3470;Kirchberg am Wagram;AT;Niederösterreich;Wagram;+43 2279 27265;;ÖWM-Betriebssuche
Burger (Ottenthal);Ottenthal 42;3470;Kirchberg am Wagram;AT;Niederösterreich;Wagram;+43 2279 2334;office@weinbauburger.at;ÖWM-Betriebssuche
Burger (Unterdürnbach);Unterdürnbach 9;3721;Limberg;AT;Niederösterreich;Weinviertel;+43 2958 88221;gerhard.burger@gmx.at;ÖWM-Betriebssuche
Burger (Zeiselberg);Zeiselberg 18;3550;Langenlois;AT;Niederösterreich;Kamptal;+43 2734 2584;office@burgerwein.at;ÖWM-Betriebssuche
Burger Johannes;Kalladorf 68;2042;Wullersdorf;AT;Niederösterreich;Weinviertel;+43 664 1045522;info@weingut-burger.at;ÖWM-Betriebssuche
Burgstaller (Heiligensteinstrasse);Heiligensteinstrasse 5;3561;Zöbing;AT;Niederösterreich;Kamptal;+43 2734 2234;;ÖWM-Betriebssuche
Burgstaller (Weinbergweg);Weinbergweg 2;3562;Mollands;AT;Niederösterreich;Kamptal;+43 2733 8341;office@winzerhof-burgstaller.at;ÖWM-Betriebssuche
Buric;Sitzenhart 9;3714;Sitzendorf an der Schmida;AT;Niederösterreich;Weinviertel;+43 2959 2482;;ÖWM-Betriebssuche
Burkhart;Hauptstraße 23;2413;Berg;AT;Niederösterreich;Carnuntum;+43 2143 2237;gasthaus-burkhart@hotmail.com;ÖWM-Betriebssuche
Bäckerei & Weinbau Josef Salomon;Hauptstrasse 71;3610;Wösendorf in der Wachau;AT;Niederösterreich;Wachau;+43 2715 2271;salomon@brotwein.at;ÖWM-Betriebssuche
Bärnhof;Schlossbergstrasse 1;3470;Kirchberg am Wagram;AT;Niederösterreich;Wagram;+43 2279 3390;johann.wuerger@aon.at;ÖWM-Betriebssuche
Bärnthaler;Stuchsengasse 15;2460;Bruck an der Leitha;AT;Niederösterreich;Carnuntum;+43 2162 66520;;ÖWM-Betriebssuche
Bäuerl (Oberloiben);Oberloiben 28;3601;Dürnstein;AT;Niederösterreich;Wachau;+43 664 4440620;wein@baeuerl.at;ÖWM-Betriebssuche
Bäuerl (Weinbergstrasse);Weinbergstrasse 16;3610;Joching;AT;Niederösterreich;Wachau;+43 2715 2381;baeuerl@aon.at;ÖWM-Betriebssuche
Böck (Badenerstrasse);Badenerstrasse 4;2511;Pfaffstätten;AT;Niederösterreich;Thermenregion;+43 2252 88941;office@weingut-boeck.at;ÖWM-Betriebssuche
Böck (Eichenbrunn);Eichenbrunn 33;2152;Eichenbrunn;AT;Niederösterreich;Weinviertel;+43 2525 6700;bm56bi@gmx.at;ÖWM-Betriebssuche
Böck (Nr.);Nr. 68;2164;Wildendürnbach;AT;Niederösterreich;Weinviertel;+43 664 4846977;b.boeck@a1.net;ÖWM-Betriebssuche
Böck (Patzmannsdorf);Patzmannsdorf 209;2153;Stronsdorf;AT;Niederösterreich;Weinviertel;;weinbauboeck@a1.net;ÖWM-Betriebssuche
Böck (Weissenkirchen);Weissenkirchen 109;3610;Weißenkirchen in der Wachau;AT;Niederösterreich;Wachau;+43 2715 21372;;ÖWM-Betriebssuche
Böck Familie;Hauptstraße 24;3730;Burgschleinitz-Kühnring;AT;Niederösterreich;Weinviertel;+43 2984 2684;edelstahl.boeck@aon.at;ÖWM-Betriebssuche
Böheim;Hauptstrasse 38 & 40;2464;Göttlesbrunn-Arbesthal;AT;Niederösterreich;Carnuntum;+43 2162 8859;wein@gut-boeheim.at;ÖWM-Betriebssuche
Böhmer;Dürnstein 22;3601;Dürnstein;AT;Niederösterreich;Wachau;+43 2711 239;weinbau.boehmer@aon.at;ÖWM-Betriebssuche
Bös;Stützenhofen 8;2165;Drasenhofen;AT;Niederösterreich;Weinviertel;+43 2554 288;;ÖWM-Betriebssuche
Böswirth;Windisch Baumgartner Straße 16;2225;Zistersdorf;AT;Niederösterreich;Weinviertel;+43 664 3002276;boeswirthfranz97@aon.at;ÖWM-Betriebssuche
Bürlein-Tauber;Weitenbergweg 107;3610;Weißenkirchen in der Wachau;AT;Niederösterreich;Wachau;+43 2715 2747;christian.tauber@weissenkirchen-wachau.at;ÖWM-Betriebssuche
Carda;Alte Laaerstraße 1;2134;Staatz;AT;Niederösterreich;Weinviertel;;carda_lukas@hotmail.com;ÖWM-Betriebssuche
Carnuntumgut;Langegasse 18;2404;Petronell-Carnuntum;AT;Niederösterreich;Carnuntum;+43 676 3225840;fam.reinschedl@aon.at;ÖWM-Betriebssuche
Ceidl;Wienerstrasse 35;2500;Baden;AT;Niederösterreich;Thermenregion;+43 2252 86577;;ÖWM-Betriebssuche
Ceidl Bernhard;Vöslauerstrasse 15;2500;Baden;AT;Niederösterreich;Thermenregion;+43 664 2305474;weingut@ceidl.at;ÖWM-Betriebssuche
Charly Rol;Presslgraben 14;3550;Langenlois;AT;Niederösterreich;Kamptal;+43 699 19277193;charlyrol@ymail.com;ÖWM-Betriebssuche
Chateau Kierling;Hauptstraße 252;3400;Kierling;AT;Niederösterreich;Wagram;+43 676 4190253;info@chateaukierling.at;ÖWM-Betriebssuche
Christandl;Unterer Markt 5;3134;Nußdorf ob der Traisen;AT;Niederösterreich;Traisental;+43 2783 8837;;ÖWM-Betriebssuche
Christen (Große Zeile);Große Zeile 16;2171;Herrnbaumgarten;AT;Niederösterreich;Weinviertel;+43 664 3819265;office@weingutchristen.at;ÖWM-Betriebssuche
Christen (Oberhoferstr.);Oberhoferstr. 48;2130;Mistelbach;AT;Niederösterreich;Weinviertel;+43 2572 5134;weinbau.christen@gmx.at;ÖWM-Betriebssuche
Christian Steiner;Josefsplatz 6/14;2500;Baden;AT;Niederösterreich;Thermenregion;+43 664 7995989;christian@steiner-wein.at;ÖWM-Betriebssuche
Christian Zillner;Schönbergneustift 7;3562;Schönberg;AT;Niederösterreich;Kamptal;+43 2733 8436;christianzillner@aon.at;ÖWM-Betriebssuche
Christina & Rainer Wess;Unterloiben 6;3601;Dürnstein;AT;Niederösterreich;Wachau;+43 660 2202101;hallo@wess.co.at;ÖWM-Betriebssuche
Christoph Donabaum;Laaben 16;3620;Spitz;AT;Niederösterreich;Wachau;+43 660 1909911;office@weindonabaum.at;ÖWM-Betriebssuche
Christoph Grabner;Hauptstraße 43;2504;Sooß;AT;Niederösterreich;Thermenregion;+43 2252 89603;info@weingutgrabner.at;ÖWM-Betriebssuche
Christoph Hoch;Schlosssteig 3;3506;Hollenburg;AT;Niederösterreich;Kremstal;+43 660 6562567;hollenburg@christoph-hoch.at;ÖWM-Betriebssuche
Cobaneshof;Weinstrasse 37;3550;Gobelsburg;AT;Niederösterreich;Kamptal;+43 2734 2564;office@cobaneshof.at;ÖWM-Betriebssuche
Czermak;Nr. 220;2162;Falkenstein;AT;Niederösterreich;Weinviertel;;czermakhanspeter@gmail.com;ÖWM-Betriebssuche
Czipin;Obere Hauptstrasse 4;3552;Stratzing;AT;Niederösterreich;Kremstal;+43 2719 8136;;ÖWM-Betriebssuche
Dachauer Hannes;Am Raiffeisenplatz 9;2523;Tattendorf;AT;Niederösterreich;Thermenregion;+43 2253 81293;dachauer.johannes@gmx.at;ÖWM-Betriebssuche
Daffert;Roggendorf 23;3730;Röschitz;AT;Niederösterreich;Weinviertel;+43 2984 4745;office@winzerhofdaffert.com;ÖWM-Betriebssuche
Dam;Kellergasse am Eichberg;3133;Hilpersdorf;AT;Niederösterreich;Traisental;+43 676 9185321;office@weingut-dam.at;ÖWM-Betriebssuche
Daniel Schrammel;Franz Holzer-Straße 7;2120;Wolkersdorf im Weinviertel;AT;Niederösterreich;Weinviertel;+43 660 6946526;daniel@alternativwein.at;ÖWM-Betriebssuche
Danzinger Feiler Wein;Wienerstraße 10;3481;Fels am Wagram;AT;Niederösterreich;Wagram;+43 664 73900817;r.danzinger@aon.at;ÖWM-Betriebssuche
Daschl;Weinstrasse 29;3550;Gobelsburg;AT;Niederösterreich;Kamptal;+43 2734 32249;weingut@daschl.at;ÖWM-Betriebssuche
Daschütz Christoph;Mitterstockstall 38;3470;Kirchberg am Wagram;AT;Niederösterreich;Wagram;+43 2279 2443;weingut@daschuetz.at;ÖWM-Betriebssuche
Dastl;Siedlung 15;2054;Haugsdorf;AT;Niederösterreich;Weinviertel;+43 2944 2982;;ÖWM-Betriebssuche
Daurer-Schodl;Brunngasse 12;2170;Poysdorf;AT;Niederösterreich;Weinviertel;+43 2552 2346;;ÖWM-Betriebssuche
Degn;Sommerzeile 22;2222;Kollnbrunn;AT;Niederösterreich;Weinviertel;+43 2574 2269;;ÖWM-Betriebssuche
Degn.wein;Parkstraße 26;2223;Hohenruppersdorf;AT;Niederösterreich;Weinviertel;+43 664 8600333;wein@degn.at;ÖWM-Betriebssuche
Deim Agrar KG;Sonndorf 6;3730;Burgschleinitz-Kühnring;AT;Niederösterreich;Weinviertel;+43 677 61295898;biohof.deim@outlook.at;ÖWM-Betriebssuche
Deimel;Pointstraße 6;3131;Inzersdorf-Getzersdorf;AT;Niederösterreich;Traisental;+43 2782 85497;kontakt@weindeimel.at;ÖWM-Betriebssuche
Deissenberger (Braunsdorferstraße);Braunsdorferstraße 27;3500;Egelsee;AT;Niederösterreich;Kremstal;+43 664 4283347;f.deissenberger@aon.at;ÖWM-Betriebssuche
Deissenberger (Kremserstrasse);Kremserstrasse 11;3500;Krems an der Donau;AT;Niederösterreich;Kremstal;+43 2732 41351;;ÖWM-Betriebssuche
Demeter Weingut Matthias Hager;Weinstraße 45;3562;Schönberg am Kamp;AT;Niederösterreich;Kamptal;+43 2733 8283;wein@hagermatthias.at;ÖWM-Betriebssuche
Demmer;Schubertgasse 3;2242;Prottes;AT;Niederösterreich;Weinviertel;+43 699 11070492;demmer.ingrid@aon.at;ÖWM-Betriebssuche
Denk (Am Wenzelberg);Am Wenzelberg 2;2225;Zistersdorf;AT;Niederösterreich;Weinviertel;+43 2532 2473;weinhof-denk@aon.at;ÖWM-Betriebssuche
Denk (Weissenkirchen);Weissenkirchen 150;3610;Weißenkirchen in der Wachau;AT;Niederösterreich;Wachau;+43 2715 2250;info@weingut-denk.net;ÖWM-Betriebssuche
Denk (Wösendorf);Wösendorf 25;3610;Weißenkirchen in der Wachau;AT;Niederösterreich;Wachau;+43 2715 2294;;ÖWM-Betriebssuche
Denk Martin;Nr. 76;3610;Weißenkirchen in der Wachau;AT;Niederösterreich;Wachau;+43 2715 2503;;ÖWM-Betriebssuche
Denner;Bundesstraße 49;2170;Kleinhadersdorf;AT;Niederösterreich;Weinviertel;+43 699 19281397;denner_weine@gmx.at;ÖWM-Betriebssuche
Denninger;Hohenwarth 14;3472;Hohenwarth-Mühlbach a.M.;AT;Niederösterreich;Weinviertel;+43 2957 218;info@weingut-denninger.at;ÖWM-Betriebssuche
Der Aichinger;Hauptstrasse 44;3494;Brunn im Felde;AT;Niederösterreich;Kremstal;+43 660 1236469;wein@deraichinger.at;ÖWM-Betriebssuche
Der Bauer;Mallon 10;3470;Kirchberg am Wagram;AT;Niederösterreich;Wagram;+43 2279 2039;raimund@derbauer.wine;ÖWM-Betriebssuche
Der Haslinger;Mitterarnsdorf 67;3621;Rossatz-Arnsdorf;AT;Niederösterreich;Wachau;+43 2714 8484;info@derhaslinger.at;ÖWM-Betriebssuche
Der Körner;;;;AT;Niederösterreich;;;clara.schreiber@weinviertelost.at;ÖWM-Betriebssuche
Der Winzer (Pscheidt);Hadersfelderstrasse 3;3420;Kritzendorf;AT;Niederösterreich;Wagram;+43 2243 25418;p.pscheidt@derwinzer.at;ÖWM-Betriebssuche
Dersch;Schottenfeldstrasse 29;2114;Großrußbach;AT;Niederösterreich;Weinviertel;+43 2263 2250;office@weingut-dersch.at;ÖWM-Betriebssuche
Detz;Trautsohngasse 1;2170;Poysdorf;AT;Niederösterreich;Weinviertel;+43 664 8505904;christoph.detz@weinobst.at;ÖWM-Betriebssuche
Deuretzbacher;Bahnhofstraße 139;3511;Furth bei Göttweig;AT;Niederösterreich;Kremstal;+43 2732 84987;adeu@aon.at;ÖWM-Betriebssuche
Deutsch;Weinberggasse 40;2102;Hagenbrunn;AT;Niederösterreich;Weinviertel;+43 2262 672562;office@weingut-deutsch.at;ÖWM-Betriebssuche
Dick Florian;Schöngrabern Nr. 103;2020;Schöngrabern;AT;Niederösterreich;Weinviertel;+43 680 2331251;floriandick60@gmail.com;ÖWM-Betriebssuche
die Rupp's;Am Anger 18;2465;Höflein;AT;Niederösterreich;Carnuntum;+43 2162 63130;office@dierupps.at;ÖWM-Betriebssuche
Die Schwertführerinnen;Hauptstrasse 35;2504;Sooß;AT;Niederösterreich;Thermenregion;+43 660 5654543;weingut@schwertfuehrer.at;ÖWM-Betriebssuche
Die Weinstadt - Johannes Gruber;Mittelberg 36;3550;Langenlois;AT;Niederösterreich;Kamptal;;office@dieweinstadt.at;ÖWM-Betriebssuche
Diem (Jetzelsdorf);Jetzelsdorf 48;2053;Haugsdorf;AT;Niederösterreich;Weinviertel;+43 2944 26006;wein@diem.at;ÖWM-Betriebssuche
Diem (Morandusplatz);Morandusplatz 3;2223;Matzen-Raggendorf;AT;Niederösterreich;Weinviertel;+43 2574 8628;carpediem-weine@aon.at;ÖWM-Betriebssuche
Diem Ewald;Obere Hauptstraße 28;2223;Hohenruppersdorf;AT;Niederösterreich;Weinviertel;+43 2574 8292;info@wein-diem.at;ÖWM-Betriebssuche
Diem Gerald und Andrea;Obermarkersdorf 87;2073;Schrattenthal;AT;Niederösterreich;Weinviertel;+43 676 3900889;office@diem-weine.at;ÖWM-Betriebssuche (Update bestehender Leadlisten-Eintrag)
Dietrich (Hauptplatz);Hauptplatz 1 Dietrich;2472;Prellenkirchen;AT;Niederösterreich;Carnuntum;+43 699 10500673;christian.dietrich@aon.at;ÖWM-Betriebssuche
Dietrich (Hauptstrasse);Hauptstrasse 36;2404;Petronell-Carnuntum;AT;Niederösterreich;Carnuntum;+43 2163 2818;office@dietrich-weine.at;ÖWM-Betriebssuche
Dietz;Hauptstrasse 40;3506;Krems an der Donau;AT;Niederösterreich;Kremstal;+43 2739 2294;;ÖWM-Betriebssuche
Dietzl;Hauptstrasse 65;2264;Sierndorf an der March;AT;Niederösterreich;Weinviertel;+43 699 81642983;office@dietzl.at;ÖWM-Betriebssuche
Diewald;Hauptstraße 13;3702;Stranzendorf;AT;Niederösterreich;Weinviertel;+43 2954 2836;weinbau-diewald@aon.at;ÖWM-Betriebssuche
Dinterer Josef;Hauptstraße 36;3484;Seebarn am Wagram;AT;Niederösterreich;Wagram;+43 664 73595277;daniel.dinterer@gmx.at;ÖWM-Betriebssuche
Direder;Mitterstockstall 1a;3470;Kirchberg am Wagram;AT;Niederösterreich;Wagram;+43 664 4322236;weingut@direder.at;ÖWM-Betriebssuche (Update bestehender Leadlisten-Eintrag)
Dirl;Fladnitzer Strasse 61;2070;Retz;AT;Niederösterreich;Weinviertel;+43 2942 28335;;ÖWM-Betriebssuche
Dirmüller;Mauternbach 31;3512;Mautern an der Donau;AT;Niederösterreich;Wachau;+43 2732 72268;;ÖWM-Betriebssuche
Dirnwöber;Hauptstrasse 60;2120;Obersdorf;AT;Niederösterreich;Weinviertel;+43 2245 2737;johann_d@gmx.at;ÖWM-Betriebssuche
Diry;Hofstrasse 11;3123;Zagging;AT;Niederösterreich;Traisental;+43 2742 365959;office@weinhof-diry.at;ÖWM-Betriebssuche
Distl;Brunnergasse 32;2380;Perchtoldsdorf;AT;Niederösterreich;Thermenregion;+43 664 3854042;f.distl@kabsi.at;ÖWM-Betriebssuche
Ditz Lehenhof;Weinzierl 17;3500;Krems an der Donau;AT;Niederösterreich;Kremstal;+43 2732 83390;lehenhofditz@gmail.com;ÖWM-Betriebssuche
Diwald;Hauptstrasse 35;3471;Großriedenthal;AT;Niederösterreich;Wagram;+43 2279 7225;office@diwald.at;ÖWM-Betriebssuche
Diwald Karl;Grossriedenthal 33;3471;Großriedenthal;AT;Niederösterreich;Wagram;+43 2279 7218;office@weinbau-karl-diwald.at;ÖWM-Betriebssuche
Dockner (Landstrasse);Landstrasse 22;3494;Gedersdorf;AT;Niederösterreich;Kremstal;+43 2735 8295;;ÖWM-Betriebssuche
Dockner (Obere Landstraße);Obere Landstraße 357;3511;Furth bei Göttweig;AT;Niederösterreich;Kremstal;+43 2732 82723;johann.dockner@aon.at;ÖWM-Betriebssuche
Dockner (Theyerner Dorfstraße);Theyerner Dorfstraße 5;3134;Theyern;AT;Niederösterreich;Traisental;+43 2783 8401;info@weinhof-dockner.at;ÖWM-Betriebssuche
Dockner Josef;Ortsstraße 30;3508;Höbenbach;AT;Niederösterreich;Kremstal;+43 2736 7262;winzerhof@dockner.at;ÖWM-Betriebssuche
Dockner Tom;Traminerweg 3;3134;Nußdorf ob der Traisen;AT;Niederösterreich;Traisental;+43 664 5441779;weingut@docknertom.at;ÖWM-Betriebssuche (Update bestehender Leadlisten-Eintrag)
Dolinek Kurt;Obere Hauptstraße 72;2223;Hohenruppersdorf;AT;Niederösterreich;Weinviertel;+43 664 4228106;kurt.dolinek@aon.at;ÖWM-Betriebssuche
Dolle Peter;Herrengasse 2;3491;Straß im Straßertale;AT;Niederösterreich;Kamptal;+43 2735 2326;weingut@dolle.at;ÖWM-Betriebssuche
Dollinger;Hauptplatz 5;2244;Spannberg;AT;Niederösterreich;Weinviertel;+43 2538 85482;rudi.dollinger@aon.at;ÖWM-Betriebssuche
Dommaier;Groß Nondorf;2042;Guntersdorf;AT;Niederösterreich;Weinviertel;+43 2959 2801;hermann.dommaier-bachl@lk-noe.at;ÖWM-Betriebssuche
Domäne Baron Geymüller;Schloss Hollenburg 57;3506;Krems an der Donau;AT;Niederösterreich;Kremstal;+43 2739 2229;;ÖWM-Betriebssuche
Domäne Baumgartner - Ing.W.Baumgartner;Weingut Baumgartner Platz 1;2061;Untermarkersdorf;AT;Niederösterreich;Weinviertel;+43 2943 2590;weinkellerei@wein-baumgartner.at;ÖWM-Betriebssuche
Domäne Grafenegg Franz Fischer e.U.;Hauptstrasse 25;3492;Walkersdorf am Kamp;AT;Niederösterreich;Kamptal;+43 2735 36010;office@kapellenhof.at;ÖWM-Betriebssuche
Domäne Roland Chan;Sankt Michael 2;3610;St. Michael;AT;Niederösterreich;Wachau;+43 650 2266855;office@domaene-rolandchan.at;ÖWM-Betriebssuche
Domäne Wachau;Dürnstein 107;3601;Dürnstein;AT;Niederösterreich;Wachau;+43 2711 371;office@domaene-wachau.at;ÖWM-Betriebssuche (Update bestehender Leadlisten-Eintrag)
Donabaum;Haidgasse 10;3620;Spitz;AT;Niederösterreich;Wachau;+43 2713 2940;helmut.donabaum@aon.at;ÖWM-Betriebssuche
Donabaum Johann;Laaben 15;3620;Spitz;AT;Niederösterreich;Wachau;+43 676 9313150;info@weingut-donabaum.at;ÖWM-Betriebssuche (Update bestehender Leadlisten-Eintrag)
Donabaum Sighardt;Zornberg 4;3620;Spitz;AT;Niederösterreich;Wachau;+43 2713 2287;sighardt@donabaum.com;ÖWM-Betriebssuche
Donauweibchen;Rossatz 10;3602;Rossatz-Arnsdorf;AT;Niederösterreich;Wachau;+43 2714 6270;;ÖWM-Betriebssuche
Donn;Windmühlgasse 26;2070;Retz;AT;Niederösterreich;Weinviertel;+43 699 11648693;weingut@donn.at;ÖWM-Betriebssuche
Donner;Hauptstraße 57 Donner;3472;Hohenwarth-Mühlbach a.M.;AT;Niederösterreich;Weinviertel;+43 2957 213;weingut.donner@direkt.at;ÖWM-Betriebssuche
Donnerbauer;Merkersdorf 88;2082;Merkersdorf;AT;Niederösterreich;Weinviertel;+43 2942 28440;heribert@donnerbauer.at;ÖWM-Betriebssuche
Dopler (Augasse);Augasse 6;2123;Hautzendorf;AT;Niederösterreich;Weinviertel;+43 2245 894464;;ÖWM-Betriebssuche
Dopler (Pottendorferstrasse);Pottendorferstrasse 8;2523;Tattendorf;AT;Niederösterreich;Thermenregion;+43 1 6282561112;office@weingut-dopler.at;ÖWM-Betriebssuche
Doppler;Kirchengasse 11;2244;Spannberg;AT;Niederösterreich;Weinviertel;+43 2538 85657;;ÖWM-Betriebssuche
Dopplinger Joanna und Leopold;Horner Strasse 51;3702;Oberrußbach;AT;Niederösterreich;Weinviertel;+43 2955 70457;weinbau.dopplinger@aon.at;ÖWM-Betriebssuche
Dorfstüberl Reichersdorf;Reichersdorf 54;3131;Getzersdorf;AT;Niederösterreich;Traisental;+43 2783 6136;karinstoeger@gmx.at;ÖWM-Betriebssuche
Dorli Muhr;Weingartenweg 6;2472;Prellenkirchen;AT;Niederösterreich;Carnuntum;+43 664 1804039;dorli@dorlimuhr.at;ÖWM-Betriebssuche (Update bestehender Leadlisten-Eintrag)
Dormayer;Unterloiben 31;3601;Dürnstein;AT;Niederösterreich;Wachau;+43 2732 73876;weinbau@dormayer.cc;ÖWM-Betriebssuche
Dorner;Landstrasse 17;3741;Pulkau;AT;Niederösterreich;Weinviertel;+43 2946 27535;;ÖWM-Betriebssuche
Dostal Karl;Unter Hauptstraße 5;2111;Harmannsdorf;AT;Niederösterreich;Weinviertel;+43 664 3707009;;ÖWM-Betriebssuche
Drescher;Nivenburggasse 7;3400;Klosterneuburg;AT;Niederösterreich;Wagram;+43 2243 826075;;ÖWM-Betriebssuche
Drexler-Leeb;Hochstrasse 65;2380;Perchtoldsdorf;AT;Niederösterreich;Thermenregion;+43 664 3268512;weinbau@drexler-leeb.at;ÖWM-Betriebssuche (Update bestehender Leadlisten-Eintrag)
Drimmel;Hauptstrasse 41;2504;Sooß;AT;Niederösterreich;Thermenregion;+43 2252 85745;anton.drimmel@gmx.at;ÖWM-Betriebssuche
Drozze;Im Geisseck 4;3552;Droß;AT;Niederösterreich;Kremstal;+43 2719 2674;schwanzelberger@winzerhof-drozze.at;ÖWM-Betriebssuche
Duch;Hauptschulstrasse 2;2183;Neusiedl an der Zaya;AT;Niederösterreich;Weinviertel;+43 2533 8251;;ÖWM-Betriebssuche
Dumba-Park;Oberwaltersdorferstrasse 1;2523;Tattendorf;AT;Niederösterreich;Thermenregion;+43 2253 81446;;ÖWM-Betriebssuche
Dungel;Hauptschulplatz 5;2544;Leobersdorf;AT;Niederösterreich;Thermenregion;+43 2256 62187;heurigen@dungel.at;ÖWM-Betriebssuche
Dunkl;Lange Zeile 24/Kellergasse Marktweg (Buschenschank);3743;Röschitz;AT;Niederösterreich;Weinviertel;+43 664 3949197;office@dunkl-roeschitz.at;ÖWM-Betriebssuche
Durstmüller;Pfaffenbergweg 2;3500;Krems an der Donau;AT;Niederösterreich;Kremstal;+43 2732 71815;;ÖWM-Betriebssuche
Dworzak weinstimmig;Deinzendorf 115;2051;Zellerndorf;AT;Niederösterreich;Weinviertel;+43 2945 2246;info@weinstimmig.at;ÖWM-Betriebssuche
Döller (Eichbüchlerstrasse);Eichbüchlerstrasse 43;2801;Katzelsdorf;AT;Niederösterreich;Thermenregion;+43 2622 78405;info@weinbau-doeller.at;ÖWM-Betriebssuche
Döller (Gr. Reipersdorf);Gr. Reipersdorf 51;3741;Pulkau;AT;Niederösterreich;Weinviertel;+43 664 73583340;weinhof.doeller@aon.at;ÖWM-Betriebssuche
Döller (Nr.);Nr. 49;2051;Zellerndorf;AT;Niederösterreich;Weinviertel;+43 2945 27272;office@urlaub-doeller.at;ÖWM-Betriebssuche
Döllinger;Neubaugasse 22;2214;Auersthal;AT;Niederösterreich;Weinviertel;+43 676 5446689;weingut@doellinger.at;ÖWM-Betriebssuche
Döltl;Gruber Hauptstraße 10;2262;Stillfried;AT;Niederösterreich;Weinviertel;+43 2283 2356;info@weingut-doeltl.at;ÖWM-Betriebssuche
Dötzl-Strobl;Hauptstrasse 20;2054;Haugsdorf;AT;Niederösterreich;Weinviertel;+43 676 3167590;doetzl-strobl@aon.at;ÖWM-Betriebssuche
Dürauer;Aignerstraße 11;3511;Furth bei Göttweig;AT;Niederösterreich;Kremstal;+43 2732 76203;info@winzerhof-duerauer.at;ÖWM-Betriebssuche
Dürnberg;Neuer Weg 284;2162;Falkenstein;AT;Niederösterreich;Weinviertel;+43 2554 85355;weingut@duernberg.at;ÖWM-Betriebssuche (Update bestehender Leadlisten-Eintrag)
Dürr;Sierndorferstraße 36;2264;Jedenspeigen;AT;Niederösterreich;Weinviertel;+43 699 10796815;duerr.martin@gmx.at;ÖWM-Betriebssuche
E & C Hirsch;Nr. 116;2051;Zellerndorf;AT;Niederösterreich;Weinviertel;+43 664 9276367;office@weinguthirsch.at;ÖWM-Betriebssuche
Ebenauer;Grosse Zeile 18;2172;Schrattenberg;AT;Niederösterreich;Weinviertel;+43 2555 24395;;ÖWM-Betriebssuche
Eberhart;Ringstrasse 15;2191;Höbersbrunn;AT;Niederösterreich;Weinviertel;+43 2574 2703;josefeberhart@gmail.com;ÖWM-Betriebssuche
Ebinger;Brunngasse 161;2170;Poysdorf;AT;Niederösterreich;Weinviertel;+43 660 1404055;office@weingut-ebinger.at;ÖWM-Betriebssuche
Ebner (Oberthern);Oberthern 28;3701;Unterthern;AT;Niederösterreich;;+43 2955 72472;;ÖWM-Betriebssuche
Ebner (Weinbergstrasse);Weinbergstrasse 23;3601;Weißenkirchen in der Wachau;AT;Niederösterreich;Wachau;+43 2715 2379;;ÖWM-Betriebssuche
Ebner-Ebenauer;Laaer Strasse 3-5;2170;Poysdorf;AT;Niederösterreich;Weinviertel;+43 2552 2653;office@ebner-ebenauer.at;ÖWM-Betriebssuche (Update bestehender Leadlisten-Eintrag)
Ebner-Mitterhauser;Nr. 16;3701;Unterthern;AT;Niederösterreich;;+43 2955 70633;office@winzerhof-em.at;ÖWM-Betriebssuche
Ecker (Deinzendorf);Deinzendorf 36;2051;Zellerndorf;AT;Niederösterreich;Weinviertel;+43 2945 2316;fam.ecker@gmx.net;ÖWM-Betriebssuche
Ecker (Grafenberg);Grafenberg 11;3730;Straning-Grafenberg;AT;Niederösterreich;Weinviertel;+43 699 12614066;office@weingut-ecker.com;ÖWM-Betriebssuche
Ecker (Granitz);Granitz 27;3743;Röschitz;AT;Niederösterreich;Weinviertel;+43 2984 2902;wein.kartoffel.ecker@gmail.com;ÖWM-Betriebssuche
Ecker (Mailberg);Mailberg 94;2024;Mailberg;AT;Niederösterreich;Weinviertel;+43 2943 2578;;ÖWM-Betriebssuche
Ecker (Pernersdorf);Pernersdorf 183;2052;Pernersdorf;AT;Niederösterreich;Weinviertel;+43 2944 8236;office@weingut-ecker.at;ÖWM-Betriebssuche
Ecker (Ringgasse);Ringgasse 3;3465;Unterstockstall;AT;Niederösterreich;Wagram;+43 2279 2320;winzerhof-ecker@aon.at;ÖWM-Betriebssuche
Ecker (Straning 103);Straning 103;3722;Straning-Grafenberg;AT;Niederösterreich;Weinviertel;+43 2984 7268;;ÖWM-Betriebssuche
Ecker (Straning 149);Straning 149;3722;Straning-Grafenberg;AT;Niederösterreich;Weinviertel;+43 2984 7305;;ÖWM-Betriebssuche
Ecker - Eckhof;Mitterstockstall 25;3470;Kirchberg am Wagram;AT;Niederösterreich;Wagram;+43 2279 2440;weingut@eckhof.at;ÖWM-Betriebssuche (Update bestehender Leadlisten-Eintrag)
Eckerl;Katzelsdorferstrasse 3;3434;Tulbing;AT;Niederösterreich;Wagram;+43 2273 7960;;ÖWM-Betriebssuche
Eckl;Nr. 35;2033;Dürnleis;AT;Niederösterreich;Weinviertel;+43 2953 27444;info@weingut-eckl.at;ÖWM-Betriebssuche
Edelbauer Christoph;im Neuberg, Kremserstraße 86;3550;Langenlois;AT;Niederösterreich;Kamptal;+43 676 7734811;info@weingut-edelbauer.at;ÖWM-Betriebssuche (Update bestehender Leadlisten-Eintrag)
Edelmann;Rosenbergstrasse 31;2464;Göttlesbrunn-Arbesthal;AT;Niederösterreich;Carnuntum;+43 2162 8455;weingut@edelmann.co.at;ÖWM-Betriebssuche
Edelmann Christian u. Brigitte;Kirchenstraße 25;2464;Göttlesbrunn-Arbesthal;AT;Niederösterreich;Carnuntum;+43 2162 8474;wein@weingut-edelmann.at;ÖWM-Betriebssuche
Eder (Am Mitterfeld);Am Mitterfeld 1;2440;Reisenberg;AT;Niederösterreich;Carnuntum;+43 2234 80248;office@weinbau-eder.at;ÖWM-Betriebssuche
Eder (Hauptstraße);Hauptstraße 68;2054;Alberndorf im Pulkautal;AT;Niederösterreich;Weinviertel;+43 676 6065771;office@weingut-eder.com;ÖWM-Betriebssuche
Eder (Obere Ortsstraße);Obere Ortsstraße 19;3484;Jettsdorf;AT;Niederösterreich;Wagram;+43 2738 3322;office@weingut-eder.at;ÖWM-Betriebssuche
Eder (Weinbergstrasse);Weinbergstrasse 66;3494;Gedersdorf;AT;Niederösterreich;Kremstal;+43 676 3467333;office@weinguteder.at;ÖWM-Betriebssuche
Eder Erika;Nr. 282;2164;Wildendürnbach;AT;Niederösterreich;Weinviertel;+43 2523 8836;erika.johann@hotmail.com;ÖWM-Betriebssuche
Eder Wachau;Mauternbach 98;3512;Mautern an der Donau;AT;Niederösterreich;Wachau;+43 664 2109715;office@eder-wachau.at;ÖWM-Betriebssuche
Edl;Hauptstraße 39;2144;Altlichtenwarth;AT;Niederösterreich;Weinviertel;+43 2533 801807;office@weingut-edl.at;ÖWM-Betriebssuche
Edlinger (Lindengasse);Lindengasse 22;3511;Furth bei Göttweig;AT;Niederösterreich;Kremstal;+43 2732 77622;office@edlingerwein.at;ÖWM-Betriebssuche (Update bestehender Leadlisten-Eintrag)
Edlinger (Unterloiben);Unterloiben 6;3601;Dürnstein;AT;Niederösterreich;Wachau;+43 2732 70600;office@georgedlinger.at;ÖWM-Betriebssuche
Edlinger Hannes;Granitz 15;3743;Röschitz;AT;Niederösterreich;Weinviertel;+43 664 4523124;wein@edlinger-roeschitz.at;ÖWM-Betriebssuche
Eggenhofer;Stoitzendorf 66;3730;Stoitzendorf;AT;Niederösterreich;Weinviertel;+43 664 9742088;gertraud.eggenhofer@gmx.at;ÖWM-Betriebssuche
Ehm;Alte Marktstraße 13;2225;Zistersdorf;AT;Niederösterreich;Weinviertel;+43 660 1599168;office@weingut-ehm.at;ÖWM-Betriebssuche
Ehm - Weine;Hauptstrasse 25;2263;Waidendorf;AT;Niederösterreich;Weinviertel;+43 664 1983657;ehm-weine@aon.at;ÖWM-Betriebssuche
Ehmoser Josef;Tiefenthal 9;3701;Großweikersdorf;AT;Niederösterreich;Wagram;+43 2955 70442;office@weingut-ehmoser.at;ÖWM-Betriebssuche (Update bestehender Leadlisten-Eintrag)
EHN;Kapellenberg 47;3470;Engelmannsbrunn;AT;Niederösterreich;Wagram;+43 664 1951163;office@weinhofehn.at;ÖWM-Betriebssuche
Ehn Ludwig;Bahnstrasse 3;3550;Langenlois;AT;Niederösterreich;Kamptal;+43 2734 2236;weingut.ehn@ehnwein.at;ÖWM-Betriebssuche (Update bestehender Leadlisten-Eintrag)
Ehrentraud;Hauptstraße 18;3472;Hohenwarth-Mühlbach a.M.;AT;Niederösterreich;Weinviertel;+43 664 5600990;m_ehrentraud@gmx.at;ÖWM-Betriebssuche
Ehrentraut;Ottenthal 91;3470;Kirchberg am Wagram;AT;Niederösterreich;Wagram;+43 2279 3349;;ÖWM-Betriebssuche
Eichberger (Aukeller);Aukeller 6;2202;Enzersfeld;AT;Niederösterreich;Weinviertel;+43 676 3535091;buschenschank@eichberger.at;ÖWM-Betriebssuche
Eichberger (Hauptstraße);Hauptstraße 20;2202;Enzersfeld;AT;Niederösterreich;Weinviertel;+43 2262 673148;heuriger@eichbergers.at;ÖWM-Betriebssuche
Eichberger Gotthard und Doris;Grossebersdorferstrasse 12;2203;Eibesbrunn;AT;Niederösterreich;Weinviertel;+43 2245 2476;office@weinguteichberger.at;ÖWM-Betriebssuche (Update bestehender Leadlisten-Eintrag)
Eichinger (Hauptstrasse);Hauptstrasse 4;2242;Prottes;AT;Niederösterreich;Weinviertel;+43 2282 8139;;ÖWM-Betriebssuche
Eichinger (Langenloiserstrasse);Langenloiserstrasse 365;3491;Straß im Straßertale;AT;Niederösterreich;Kamptal;+43 2735 5648;office@weingut-eichinger.at;ÖWM-Betriebssuche (Update bestehender Leadlisten-Eintrag)
Eichler;Berggasse 11;2171;Herrnbaumgarten;AT;Niederösterreich;Weinviertel;+43 664 3609225;office@eichlerwein.at;ÖWM-Betriebssuche
Eigl;Weinbergstrasse 19;3610;Joching;AT;Niederösterreich;Wachau;+43 664 4472544;wein@weingut-eigl.at;ÖWM-Betriebssuche
Eisenbock (Hauptstrasse);Hauptstrasse 2;3562;Schönberg;AT;Niederösterreich;Kamptal;+43 2733 8761;info@weingut-eisenbock.at;ÖWM-Betriebssuche (Update bestehender Leadlisten-Eintrag)
Eisenbock (Talstrasse);Talstrasse 136;3491;Straß im Straßertale;AT;Niederösterreich;Kamptal;+43 2735 2637;info@weinbau-eisenbock.at;ÖWM-Betriebssuche
Eisenhut;Am Graben 4;2141;Ameis;AT;Niederösterreich;Weinviertel;+43 2524 2036;franz.eisenhut@aon.at;ÖWM-Betriebssuche
Eitler;Ferdinand-Pichler- Gasse 10;2500;Baden;AT;Niederösterreich;Thermenregion;+43 2252 87511;weinbau-eitler@aon.at;ÖWM-Betriebssuche
Eitzinger;Kremserstrasse 50;3550;Langenlois;AT;Niederösterreich;Kamptal;+43 676 5730335;wein@eitzinger.at;ÖWM-Betriebssuche
Elias Haidl;Großriedenthal 103;3471;Großriedenthal;AT;Niederösterreich;Wagram;+43 676 9345012;office@weinguthaidl.at;ÖWM-Betriebssuche
Elsbeerhof Josef Auer;Trumauerstrasse 28;2522;Oberwaltersdorf;AT;Niederösterreich;Thermenregion;+43 2253 6200;auer@elsbeerhof.at;ÖWM-Betriebssuche
Elsensohn;Kapellenberg 5;3470;Kirchberg am Wagram;AT;Niederösterreich;Wagram;+43 664 2816640;elsensohn.manuel@live.at;ÖWM-Betriebssuche
Emberger;Scheibenhof 6;3500;Krems an der Donau;AT;Niederösterreich;Kremstal;+43 2732 41208;;ÖWM-Betriebssuche
Eminger;Obersulz 4/ 261;2224;Sulz im Weinviertel;AT;Niederösterreich;Weinviertel;+43 664 5939895;wein@winzerhof-eminger.at;ÖWM-Betriebssuche
Eminger Wilhelm;Niedersulz Neues Dorf 42;2224;Sulz im Weinviertel;AT;Niederösterreich;Weinviertel;+43 664 1218691;weinbau@willi-eminger.at;ÖWM-Betriebssuche
Emminger;Altes Dorf 21;2224;Sulz im Weinviertel;AT;Niederösterreich;Weinviertel;+43 664 389793;l.emminger87@gmx.at;ÖWM-Betriebssuche
Endler Andreas;Radlbrunn 190;3710;Ziersdorf;AT;Niederösterreich;Weinviertel;+43 680 1230262;weinendler@gmail.com;ÖWM-Betriebssuche
Endlweber;Schulstrasse 11;2103;Langenzersdorf;AT;Niederösterreich;Weinviertel;+43 2244 4430;;ÖWM-Betriebssuche
Engelbrecht (Nr.);Nr. 30;3730;Straning-Grafenberg;AT;Niederösterreich;Weinviertel;+43 2984 4433;daniela.engelbrecht@aon.at;ÖWM-Betriebssuche
Engelbrecht (Obere Marktstrasse);Obere Marktstrasse 1;3492;Etsdorf am Kamp;AT;Niederösterreich;Kamptal;+43 2735 2320;office@engelbrechtwein.at;ÖWM-Betriebssuche
Englhart- Schoderböck;Dorfstraße 24;3131;Inzersdorf-Getzersdorf;AT;Niederösterreich;Traisental;+43 2782 82151;englhart@aon.at;ÖWM-Betriebssuche
Englmaier;Retzerstraße 20;2070;Retz;AT;Niederösterreich;Weinviertel;+43 2942 28223;m.englmaier@aon.at;ÖWM-Betriebssuche
Englmayer;Kirchenplatz 2;3710;Rohrbach;AT;Niederösterreich;Weinviertel;+43 664 5028811;office@winzerhof-englmayer.at;ÖWM-Betriebssuche
Ensbacher;Heiligensteinerstrasse 47;3561;Zöbing;AT;Niederösterreich;Kamptal;+43 2734 32792;;ÖWM-Betriebssuche
Epp (Hauptstrasse);Hauptstrasse 18;2263;Waidendorf;AT;Niederösterreich;Weinviertel;+43 2538 85487;office@weingut-epp.at;ÖWM-Betriebssuche
Epp (Meierhofgasse);Meierhofgasse 2;2221;Groß-Schweinbarth;AT;Niederösterreich;Weinviertel;+43 2289 2520;josef.epp@gmx.at;ÖWM-Betriebssuche
Epp-Krottendorfer;Linke Vorstadt 13;2223;Hohenruppersdorf;AT;Niederösterreich;Weinviertel;+43 699 10319393;krodi@gmx.net;ÖWM-Betriebssuche
Erber (Landstrasse);Landstrasse 2 Erber;3508;Paudorf;AT;Niederösterreich;Kremstal;+43 2736 7382;winzerhof-erber@gmx.at;ÖWM-Betriebssuche
Erber (Unterer Markt);Unterer Markt 10;3124;Oberwölbling;AT;Niederösterreich;Traisental;+43 676 5400977;info@erber-wein.at;ÖWM-Betriebssuche
Erber Karl;Hans Kudlich Gasse 32;3512;Mautern an der Donau;AT;Niederösterreich;Wachau;+43 664 8582453;karlerb32@gmail.com;ÖWM-Betriebssuche
Erich Schmid;Wassergasse 311;2252;Angern an der March;AT;Niederösterreich;Weinviertel;+43 660 196408;e.schmid@gdeweikendorf.at;ÖWM-Betriebssuche
Ernst (Grosswiesendorf);Grosswiesendorf 34;3701;Großweikersdorf;AT;Niederösterreich;Wagram;+43 664 1771338;weingut.ernst@aon.at;ÖWM-Betriebssuche
Ernst (Hadres);8a;2061;Hadres;AT;Niederösterreich;Weinviertel;+43 664 3682934;office@rebveredelung.at;ÖWM-Betriebssuche
Ernst (Oberkreuzstetten);Oberkreuzstetten, Hauptstrasse 189;2124;Niederkreuzstetten;AT;Niederösterreich;Weinviertel;+43 2263 6340;;ÖWM-Betriebssuche
Ernst Thaller;Prangerplatz 4;3552;Lengenfeld;AT;Niederösterreich;Kremstal;+43 676 7683381;m.leonhartsberger@magnatech.at;ÖWM-Betriebssuche
Ernst Weilner;Marktplatz 30;2031;Weyerburg;AT;Niederösterreich;Weinviertel;+43 2953 86482;ernst.weilner@gmx.at;ÖWM-Betriebssuche
Ertl;Hauptstrasse 10;3562;Schönberg;AT;Niederösterreich;Kamptal;+43 2733 6124;;ÖWM-Betriebssuche
Erwin Winkler;Schlickendorf 4;3494;Gedersdorf;AT;Niederösterreich;Kremstal;+43 676 6234024;winkler@weinmitbiss.at;ÖWM-Betriebssuche
Esberger;Brünnerstrasse 12;2191;Gaweinstal;AT;Niederösterreich;Weinviertel;+43 2574 2542;;ÖWM-Betriebssuche
Eschberger;Kurhausstrasse 23a;2222;Bad Pirawarth;AT;Niederösterreich;Weinviertel;+43 664 5119540;weinbau@eschberger.at;ÖWM-Betriebssuche
Eschenhof Holzer;Hauptstraße 30;3471;Großriedenthal;AT;Niederösterreich;Wagram;+43 664 1500769;kontakt@eschenhof-holzer.at;ÖWM-Betriebssuche
Ettenauer;Vorstadt 4;3125;Kuffern;AT;Niederösterreich;Traisental;+43 2786 3127;weingut.ettenauer@gmx.at;ÖWM-Betriebssuche
Ettenauer Ernest und Maria;Zeiselberg 8;3550;Langenlois;AT;Niederösterreich;Kamptal;+43 676 6706424;info@ettenauer-weinlounge.at;ÖWM-Betriebssuche
Ettl Alexandra;Nr. 354;2024;Mailberg;AT;Niederösterreich;Weinviertel;+43 2943 2104;;ÖWM-Betriebssuche
Etz;Hauptstrasse 27;3492;Walkersdorf am Kamp;AT;Niederösterreich;Kamptal;+43 2735 2473;office@etzwine.at;ÖWM-Betriebssuche
F.X. Pichler;Oberloiben 57;3601;Dürnstein;AT;Niederösterreich;Wachau;+43 2732 85375;weingut@fx-pichler.at;ÖWM-Betriebssuche (Update bestehender Leadlisten-Eintrag)
Faber (Oberort);Oberort 17;2130;Eibesthal;AT;Niederösterreich;Weinviertel;+43 2572 20874;;ÖWM-Betriebssuche
Faber (Passionsweg);Passionsweg 18;2130;Mistelbach;AT;Niederösterreich;Weinviertel;+43 2572 4970;;ÖWM-Betriebssuche
Faber Florian;Hofwiese 60;2211;Pillichsdorf;AT;Niederösterreich;Weinviertel;+43 699 10267944;familie.faber@aon.at;ÖWM-Betriebssuche
Faber-Köchl;Am Schenkberg 11;2130;Eibesthal;AT;Niederösterreich;Weinviertel;+43 650 2244797;office@faber-koechl.at;ÖWM-Betriebssuche
Fabianek;Roseldorf 61;3714;Roseldorf;AT;Niederösterreich;Weinviertel;+43 2959 2322;office@fabianek.at;ÖWM-Betriebssuche
Fabich;Obermarkersdorf 92;2073;Obermarkersdorf;AT;Niederösterreich;Weinviertel;+43 676 4442192;office@fabich.at;ÖWM-Betriebssuche
Fahrnecker (Obere Ortsstraße);Obere Ortsstraße 8;3125;Statzendorf;AT;Niederösterreich;Traisental;+43 2786 6827;winzerhof@fahrnecker.at;ÖWM-Betriebssuche
Fahrnecker (Thallerner Str. Nr.);Thallerner Str. Nr. 3;3454;Sitzenberg-Reidling;AT;Niederösterreich;Wagram;+43 664 5369576;;ÖWM-Betriebssuche
Faigl;Zwettler Strasse 91;3550;Langenlois;AT;Niederösterreich;Kamptal;+43 2734 2070;;ÖWM-Betriebssuche
Falk (Am Platz);Am Platz 5;2213;Bockfließ;AT;Niederösterreich;Weinviertel;+43 2288 6803;;ÖWM-Betriebssuche
Falk (Engersdorferstrasse);Engersdorferstrasse 19;2213;Bockfließ;AT;Niederösterreich;Weinviertel;+43 650 3310807;office@weingut-falk.at;ÖWM-Betriebssuche
Falk (Hautzendorf);Hautzendorf 32;2123;Schleinbach;AT;Niederösterreich;Weinviertel;+43 2245 89248;winzerhof.falk@aon.at;ÖWM-Betriebssuche
Fam. Hiller;Dorfstraße 28;2134;Waltersdorf bei Staatz;AT;Niederösterreich;Weinviertel;+43 664 8918903;weinbau.hiller@gmx.at;ÖWM-Betriebssuche
Fam. Pötsch VINOtake;Kardinal-Piffl-Platz 11;3400;Klosterneuburg;AT;Niederösterreich;Wagram;+43 2243 37707;office@weinbau-poetsch.at;ÖWM-Betriebssuche
Familie Bauer Bioweingut;Hauptstrasse 68;3471;Großriedenthal;AT;Niederösterreich;Wagram;+43 2279 7204;info@familiebauer.at;ÖWM-Betriebssuche
Familie Ettenauer;Untere Hauptstrasse 35;3495;Rohrendorf bei Krems;AT;Niederösterreich;Kremstal;+43 676 9129993;josef@ettenauerweine.com;ÖWM-Betriebssuche
Familie Frei;Silberörtl 6;3561;Zöbing;AT;Niederösterreich;Kamptal;+43 2734 2527;info@weingut-frei.at;ÖWM-Betriebssuche
Familie Fritz;Wildendürnbach 29;2164;Wildendürnbach;AT;Niederösterreich;Weinviertel;+43 664 1857958;wein@weingutfritz.com;ÖWM-Betriebssuche
Familie Fuchs;Teesdorferstr. 19;2523;Tattendorf;AT;Niederösterreich;Thermenregion;+43 2253 81270;fuchs@tattendorf.at;ÖWM-Betriebssuche
Familie Gorth;Kremser Strasse 66;3133;Traismauer;AT;Niederösterreich;Traisental;+43 676 4769225;weinbau-gorth@live.at;ÖWM-Betriebssuche
Familie Mayer;Brunnergasse 38;2380;Perchtoldsdorf;AT;Niederösterreich;Thermenregion;+43 664 2703048;weinbau-mayer@kabsi.at;ÖWM-Betriebssuche
Familie Neumann;Hauptstraße 47;3492;Etsdorf am;AT;Niederösterreich;Kamptal;+43 664 4014204;kampoffice@weinbau-neumann.at;ÖWM-Betriebssuche
Familie Peter Strobl;Eibesbrunner Straße 13 - 15;2203;Großebersdorf;AT;Niederösterreich;Weinviertel;+43 2245 5615;peter.strobl@schule.at;ÖWM-Betriebssuche
Familie Proidl;Oberer Markt 5;3541;Senftenberg;AT;Niederösterreich;Kremstal;+43 2719 2458;weingut@proidl.com;ÖWM-Betriebssuche (Update bestehender Leadlisten-Eintrag)
Familie Stefan Hagmann - Hof zu Priel;Priel 9;3541;Senftenberg;AT;Niederösterreich;Kremstal;+43 2719 8127;weingut@hofzupriel.at;ÖWM-Betriebssuche
Familie Wißmann;Bahnstraße 4;2170;Poysdorf;AT;Niederösterreich;Weinviertel;+43 664 5157451;office@weinbau-wissmann.com;ÖWM-Betriebssuche
Familie Öhlzelt;Neufang 15;3483;Feuersbrunn;AT;Niederösterreich;Wagram;+43 676 5055419;andrea.oehlzelt@gmail.com;ÖWM-Betriebssuche
Fasching;Fladnitzer Strasse 65-67;2070;Retz;AT;Niederösterreich;Weinviertel;+43 2942 31955;;ÖWM-Betriebssuche
Fassbinderhof;Wienerstrasse 22;2352;Gumpoldskirchen;AT;Niederösterreich;Thermenregion;+43 2252 62187;info@fassbinderhof.at;ÖWM-Betriebssuche
Fautschek-Hofinger;Herrengasse 18;2074;Unterretzbach;AT;Niederösterreich;Weinviertel;+43 2942 20877;weingut@fautschek-hofinger.at;ÖWM-Betriebssuche
Fegerl;Deinzendorf 54;2051;Zellerndorf;AT;Niederösterreich;Weinviertel;+43 2945 2258;weingut.fegerl@utanet.at;ÖWM-Betriebssuche
Fehlmann Weine;Falkenstein 49;2162;Falkenstein;AT;Niederösterreich;Weinviertel;+43 2554 85349;fehlmann@gmx.at;ÖWM-Betriebssuche
Fehr;Untere Hauptstraße 47;3495;Rohrendorf bei Krems;AT;Niederösterreich;Kremstal;+43 2732 73757;karl@winzerhof-fehr.at;ÖWM-Betriebssuche
Fehringer;Ameistal 6;3701;Großweikersdorf;AT;Niederösterreich;Wagram;+43 2955 7848;;ÖWM-Betriebssuche
Feichtinger;Dr.-Karl-Renner-Strasse 7;2601;Sollenau;AT;Niederösterreich;Thermenregion;+43 2628 47234;gerhard.feichtinger@mac.com;ÖWM-Betriebssuche
Feichtinger Andreas;Siedlung 2;2061;Hadres;AT;Niederösterreich;Weinviertel;+43 2943 3669;auf1983@gmail.com;ÖWM-Betriebssuche
Feiertag;Eggendorf 7;3454;Sitzenberg-Reidling;AT;Niederösterreich;Wagram;;;ÖWM-Betriebssuche
Fein (Hauptstraße);Hauptstraße 80;2102;Klein-Engersdorf;AT;Niederösterreich;Weinviertel;+43 2262 61221;office@weinobstfein.at;ÖWM-Betriebssuche
Fein (Schlossgasse);Schlossgasse 40;2102;Hagenbrunn;AT;Niederösterreich;Weinviertel;+43 2262 672682;office@fein-wein.at;ÖWM-Betriebssuche
Feine Weine Breyer;In Freybergen 49;2120;Obersdorf;AT;Niederösterreich;Weinviertel;+43 2245 6085;feineweine@breyer.at;ÖWM-Betriebssuche
Felber;Neubaugasse 62;2214;Auersthal;AT;Niederösterreich;Weinviertel;+43 2288 6551;m.felber@kwizda-agro.at;ÖWM-Betriebssuche
Feldtheorie;72 Stg.1 Steiner Landstraße;3500;Krems an der Donau;AT;Niederösterreich;Kremstal;+43 681 81553718;weingut@feldtheorie.at;ÖWM-Betriebssuche
Fellner;Bachgasse 5;3610;Wösendorf in der Wachau;AT;Niederösterreich;Wachau;+43 2715 2698;;ÖWM-Betriebssuche
Felsner;Ortsring 61;3485;Grunddorf;AT;Niederösterreich;Kamptal;+43 676 7708170;office@weingut-felsner.at;ÖWM-Betriebssuche
Fembeck (Hauptstrasse 14);Hauptstrasse 14;2272;Ringelsdorf-Niederabsdorf;AT;Niederösterreich;Weinviertel;+43 2536 7958;;ÖWM-Betriebssuche
Fembeck (Hauptstrasse 16);Hauptstrasse 16;2272;Ringelsdorf-Niederabsdorf;AT;Niederösterreich;Weinviertel;+43 2536 2100;;ÖWM-Betriebssuche
Ferdinand & Gabriela Krenn;Hauptstrasse 76;2504;Sooß;AT;Niederösterreich;Thermenregion;+43 2252 87310;;ÖWM-Betriebssuche
Ferdinand Denk;Obere Bachgasse 74;3610;Weißenkirchen in der Wachau;AT;Niederösterreich;Wachau;+43 2715 2365;ferdl.denk@thal-wachau.at;ÖWM-Betriebssuche
Ferdinand Schwarzmann;Windisch Baumgarten 219;2225;Windisch Baumgarten;AT;Niederösterreich;Weinviertel;+43 664 2444524;ferdinand.schwarzmann@gmx.at;ÖWM-Betriebssuche
Fichtenbauer-Mold;Rosenhügelweg 12;3550;Langenlois;AT;Niederösterreich;Kamptal;+43 2734 3714;weingut@fichtenbauer-mold.at;ÖWM-Betriebssuche
Fichtinger-Ratzinger;Baumgarten 13;3512;Mautern an der Donau;AT;Niederösterreich;Wachau;+43 2732 78050;;ÖWM-Betriebssuche
Fidesser;Fladnitzerweg 26;2070;Retz;AT;Niederösterreich;Weinviertel;+43 664 1356660;office@fidesserwein.at;ÖWM-Betriebssuche
Fidesser Rudolf;Platt 39;2051;Zellerndorf;AT;Niederösterreich;Weinviertel;+43 676 9373182;weingut@fidesser.at;ÖWM-Betriebssuche
Fidler;Nr. 177;2053;Jetzelsdorf;AT;Niederösterreich;Weinviertel;+43 2944 2412;office@fidler-wein.at;ÖWM-Betriebssuche
Fiedler;Grossriedenthal 223;3471;Großriedenthal;AT;Niederösterreich;Wagram;+43 2279 7500;;ÖWM-Betriebssuche
Fiegl-Ruby;Göttweigerzeile 4;3492;Engabrunn;AT;Niederösterreich;Kamptal;+43 676 3994138;info@der-veltliner.at;ÖWM-Betriebssuche
Figl-Fischelmaier;Barockstraße 1;3142;Langmannersdorf;AT;Niederösterreich;Traisental;;hans.figl@gmx.at;ÖWM-Betriebssuche
Fink (Hollenburgerstraße);Hollenburgerstraße 2;3508;Paudorf;AT;Niederösterreich;Kremstal;+43 2739 25440;wein@weinhof-fink.at;ÖWM-Betriebssuche
Fink (Meidlinger Strasse);Meidlinger Strasse 3;3508;Höbenbach;AT;Niederösterreich;Kremstal;+43 664 3865921;office@winzerhof-fink.com;ÖWM-Betriebssuche
Fink (Ortsstrasse);Ortsstrasse 29;3508;Höbenbach;AT;Niederösterreich;Kremstal;+43 2736 7261;kontakt@winzerhof-fink.at;ÖWM-Betriebssuche
Fink (Unterwölbling);Unterwölbling 48;3124;Oberwölbling;AT;Niederösterreich;Traisental;+43 2786 2447;info@weingut-fink.at;ÖWM-Betriebssuche
Fink und Kotzian OG;Gauderndorf 40;3730;Eggenburg;AT;Niederösterreich;Weinviertel;+43 664 3902602;christian@weinfink.at;ÖWM-Betriebssuche
Fischer (Enzesfelderstrasse);Enzesfelderstrasse 16;2544;Leobersdorf;AT;Niederösterreich;Thermenregion;+43 2256 62287;lokal@fischerheuriger.at;ÖWM-Betriebssuche
Fischer (Kleinstelzendorf);Kleinstelzendorf 40;2020;Hollabrunn;AT;Niederösterreich;Weinviertel;+43 2959 3243;fischer.weinbau@aon.at;ÖWM-Betriebssuche
Fischer (Oberer Markt);Oberer Markt 18;3541;Senftenberg;AT;Niederösterreich;Kremstal;+43 2719 2350;winzerhoffischer@gmx.at;ÖWM-Betriebssuche
Fischer (Wachaustraße);Wachaustraße 30;3133;Traismauer;AT;Niederösterreich;Traisental;+43 699 11130079;bio@fischer-abhof.at;ÖWM-Betriebssuche (Update bestehender Leadlisten-Eintrag)
Fischer Christian;Hauptstrasse 33;2504;Sooß;AT;Niederösterreich;Thermenregion;+43 676 6035550;office@weingut-fischer.at;ÖWM-Betriebssuche (Update bestehender Leadlisten-Eintrag)
Fischer Gerhard;Akazienweg 10;2122;Riedenthal;AT;Niederösterreich;Weinviertel;;wein.fischer@hotmail.com;ÖWM-Betriebssuche
Fischer Josef (Rossatz);Rossatz 58;3602;Rossatz-Arnsdorf;AT;Niederösterreich;Wachau;+43 650 4962444;office@joseffischer.at;ÖWM-Betriebssuche
Fischer Josef (Schlossgasse);Schlossgasse 38;2102;Hagenbrunn;AT;Niederösterreich;Weinviertel;+43 2262 672792;wein@weingutfischer.com;ÖWM-Betriebssuche
Fischer jun.;Weinstrasse 7;3550;Gobelsburg;AT;Niederösterreich;Kamptal;+43 2734 3050;weingut-fischer@aon.at;ÖWM-Betriebssuche
Fischer Michael & Erika;Schloßgasse 28;2102;Hagenbrunn;AT;Niederösterreich;Weinviertel;+43 2262 672330;info@heuriger-fischer.at;ÖWM-Betriebssuche
Fischer-Kügerl;Prinz-Solms Strasse 16/Leitzenbergergasse 10;2500;Baden;AT;Niederösterreich;Thermenregion;+43 2252 48084;office@fischer-kuegerl.at;ÖWM-Betriebssuche
Fittner;Diepolz 12;2034;Großharras;AT;Niederösterreich;Weinviertel;+43 2526 6323;;ÖWM-Betriebssuche
Fitzka;Kirchengasse 7;2011;Sierndorf;AT;Niederösterreich;Weinviertel;+43 2267 2374;weinbau.fitzka@gmail.com;ÖWM-Betriebssuche
FKK - Franz Krammer Kamptal;Schönberger Straße 11;3561;Langenlois;AT;Niederösterreich;Kamptal;+43 664 5156216;info@weingut-fkk.at;ÖWM-Betriebssuche
Flandorfer;Oberkreuzstetten, Hauptstrasse 115;2124;Niederkreuzstetten;AT;Niederösterreich;Weinviertel;+43 2263 8760;leopold.flandorfer@aon.at;ÖWM-Betriebssuche
Flandorfer Christian;Am Bach 86;2244;Spannberg;AT;Niederösterreich;Weinviertel;+43 664 6421754;flandorfer_christian@gmx.at;ÖWM-Betriebssuche
Flechl;Wiener Neustädter Straße 5;2721;Bad Fischau-Brunn;AT;Niederösterreich;Thermenregion;+43 2639 7531;biohof.flechl@gmail.com;ÖWM-Betriebssuche
Fleckl;Hauptstrasse 30;2263;Waidendorf;AT;Niederösterreich;Weinviertel;+43 664 1242990;office@weingut-fleckl.at;ÖWM-Betriebssuche
Fleckl Robert;Hauptstrasse 23;2263;Waidendorf;AT;Niederösterreich;Weinviertel;+43 2538 8495;Weingut-robert.fleckl@gmx.at;ÖWM-Betriebssuche
Fleischer;Goethestrasse 9;2170;Poysdorf;AT;Niederösterreich;Weinviertel;+43 2552 2786;;ÖWM-Betriebssuche
Fleischhacker;Klein Jetzelsdorf 2;3730;Röschitz;AT;Niederösterreich;Weinviertel;+43 664 1941855;office@weingut-fleischhacker.at;ÖWM-Betriebssuche
Florian Pall;Hadres Nr. 161;2061;Hadres;AT;Niederösterreich;Weinviertel;+43 664 4822222;florianpall@gmail.com;ÖWM-Betriebssuche
Florianihof;Schrannenplatz 7;2352;Gumpoldskirchen;AT;Niederösterreich;Thermenregion;+43 2252 62165;;ÖWM-Betriebssuche
Fock;Kremserstrasse 9;3500;Krems an der Donau;AT;Niederösterreich;Kremstal;+43 2732 41632;;ÖWM-Betriebssuche
Forster (Hauptstrasse);Hauptstrasse 41;2264;Sierndorf an der March;AT;Niederösterreich;Weinviertel;+43 664 1929485;gerhardangerer1@gmail.com;ÖWM-Betriebssuche
Forster (Sommerseite);Sommerseite 23;2070;Kleinhöflein;AT;Niederösterreich;Weinviertel;+43 699 81206130;office@weinkellereiforster.at;ÖWM-Betriebssuche
Forsthuber;Hauptstrasse 25;3741;Pulkau;AT;Niederösterreich;Weinviertel;+43 2946 2674;andrea.forsthuber-schinko@sparmarkt.at;ÖWM-Betriebssuche
Forstreiter;Obere Hollenburger Hauptstraße 36;3506;Hollenburg;AT;Niederösterreich;Kremstal;+43 2739 2296;weingut@forstreiter.at;ÖWM-Betriebssuche (Update bestehender Leadlisten-Eintrag)
Fradinger;Hauptstrasse 45;2264;Jedenspeigen;AT;Niederösterreich;Weinviertel;+43 2536 87274;;ÖWM-Betriebssuche
Frankweine;Dorfstrasse 18;3711;Großmeiseldorf;AT;Niederösterreich;Weinviertel;+43 680 3018737;alexander.frank@frankweine.at;ÖWM-Betriebssuche
Franz Anton Mayer;Mitterstockstall 6;3470;Kirchberg am Wagram;AT;Niederösterreich;Wagram;+43 2279 2925011;office@fam-wein.at;ÖWM-Betriebssuche
Franz Löffler;Untere Landstrasse 10;3511;Furth bei Göttweig;AT;Niederösterreich;Kremstal;+43 2732 84626;bernhard.eisendle@aon.at;ÖWM-Betriebssuche
Franz Parth;Schlossstraße 37;3550;Gobelsburg;AT;Niederösterreich;Kamptal;+43 699 12273025;parthweine@a1.net;ÖWM-Betriebssuche
Franz Pichler;Hauptsraße 68;3610;Wösendorf in der Wachau;AT;Niederösterreich;Wachau;+43 2715 2307;weingut.pichler@aon.at;ÖWM-Betriebssuche
Franz Schenk;Kapellenberg 18;3470;Engelmannsbrunn;AT;Niederösterreich;Wagram;+43 2279 3663;info@weinbau-schenk.at;ÖWM-Betriebssuche
Franz Stockinger;Hollabrunner Strasse 97;2020;Oberfellabrunn;AT;Niederösterreich;Weinviertel;+43 2952 36443;weingut.stockinger@aon.at;ÖWM-Betriebssuche
Franzl (Langenloiser Strasse);Langenloiser Strasse 20;3552;Lengenfeld;AT;Niederösterreich;Kremstal;+43 2719 2150;norbert.franzl@gmx.at;ÖWM-Betriebssuche
Franzl (Pillersdorf);Pillersdorf 41;2073;Zellerndorf;AT;Niederösterreich;Weinviertel;+43 2946 8239;;ÖWM-Betriebssuche
Frauenhofer;St. Urban Strasse 9;3481;Fels am Wagram;AT;Niederösterreich;Wagram;+43 2738 8014;;ÖWM-Betriebssuche
Fraunbaum;Schweinern 53;3123;Obritzberg-Rust;AT;Niederösterreich;Traisental;+43 2786 3152;;ÖWM-Betriebssuche
Freigut Thallern;Thallern 1;2352;Gumpoldskirchen;AT;Niederösterreich;Thermenregion;+43 2236 53477;office@freigut-thallern.at;ÖWM-Betriebssuche (Update bestehender Leadlisten-Eintrag)
Freisingerhof;Freisingerplatz 55;3610;Weißenkirchen in der Wachau;AT;Niederösterreich;Wachau;+43 2715 2320;weinbau.leitner@freisingerhof.at;ÖWM-Betriebssuche
Freitag;Dr.-Probst-Platz 5;2514;Traiskirchen;AT;Niederösterreich;Thermenregion;+43 2252 52244;;ÖWM-Betriebssuche
Freitag-Fuchs;Wiener Strasse 49;2514;Traiskirchen;AT;Niederösterreich;Thermenregion;+43 2252 53501;;ÖWM-Betriebssuche
Freudhofmaier;Schottenweg 1;2124;Niederkreuzstetten;AT;Niederösterreich;Weinviertel;+43 676 9437818;office@heiligenkeller.at;ÖWM-Betriebssuche
Freudorfer (Wiener Strasse);Wiener Strasse 95;2352;Gumpoldskirchen;AT;Niederösterreich;Thermenregion;+43 2252 62138;;ÖWM-Betriebssuche
Freudorfer (Wienerstrasse);Wienerstrasse 21;2352;Gumpoldskirchen;AT;Niederösterreich;Thermenregion;+43 2252 62497;;ÖWM-Betriebssuche
Freudorfer Wolfgang;Pfaffstättnerstrasse 9-11;2352;Gumpoldskirchen;AT;Niederösterreich;Thermenregion;+43 2252 62138;freudorfer@gmx.at;ÖWM-Betriebssuche
Frey;Grossnondorf 98a;2042;Guntersdorf;AT;Niederösterreich;Weinviertel;+43 699 12266288;mathias.frey@gmx.at;ÖWM-Betriebssuche
Frey Christine u. Otto;Florianistr 4, Rohrbach;3710;Ziersdorf;AT;Niederösterreich;Weinviertel;+43 2956 2021;weinbau.ottofrey@aon.at;ÖWM-Betriebssuche
Freytag (Frauendorf);Frauendorf 68;3710;Ziersdorf;AT;Niederösterreich;Weinviertel;+43 2959 27082;;ÖWM-Betriebssuche
Freytag (Neustift);Neustift 13;2070;Mitterretzbach;AT;Niederösterreich;Weinviertel;+43 2942 20220;freytag.erich@gmail.com;ÖWM-Betriebssuche
Freytag (Winzerstraße);Winzerstraße 50;2070;Obernalb;AT;Niederösterreich;Weinviertel;+43 650 3100621;office@weingut-freytag.at;ÖWM-Betriebssuche
Freytag Florian;Obere Hauptstraße 30;7223;Sieggraben;AT;Niederösterreich;;+43 664 9303005;office@vino-facto.com;ÖWM-Betriebssuche
Fried;Oberort 27;2130;Eibesthal;AT;Niederösterreich;Weinviertel;+43 676 33055;;ÖWM-Betriebssuche
Friedberger Johannes;Badgasse 4;2102;Bisamberg;AT;Niederösterreich;Weinviertel;;johannes.friedberger@aon.at;ÖWM-Betriebssuche
Friedberger Stephan;Hauptstrasse 17;2102;Bisamberg;AT;Niederösterreich;Weinviertel;+43 2262 62446;weingut@friedberger.at;ÖWM-Betriebssuche
Friederich;Wetterkreuzweg 3;3133;Traismauer;AT;Niederösterreich;Traisental;+43 2783 7957;;ÖWM-Betriebssuche
Friedl;Wiener Strasse 22;3493;Hadersdorf-Kammern;AT;Niederösterreich;Kamptal;+43 2735 2431;office@weinbau-friedl.at;ÖWM-Betriebssuche
Friedlmayer;Am Stiegl 4;2120;Wolkersdorf im Weinviertel;AT;Niederösterreich;Weinviertel;+43 2245 5883;michael@weinbau-friedlmayer.at;ÖWM-Betriebssuche
Friedrich Kuczera;Wiener Straße 51;2352;Gumpoldskirchen;AT;Niederösterreich;Thermenregion;+43 2252 63946;weingut@biofritz.at;ÖWM-Betriebssuche
Fries (Eichelbergstraße);Eichelbergstraße 6;3561;Zöbing;AT;Niederösterreich;Kamptal;+43 2734 3668;fries@weingut-fries.at;ÖWM-Betriebssuche
Fries (Unterbergern);Unterbergern 19;3512;Mautern an der Donau;AT;Niederösterreich;Wachau;+43 2714 7451;;ÖWM-Betriebssuche
Friewald;Unterwölbling 61;3124;Oberwölbling;AT;Niederösterreich;Traisental;+43 2786 2638;;ÖWM-Betriebssuche
Frischauf;Lange Zeile 48;3743;Röschitz;AT;Niederösterreich;Weinviertel;+43 676 6072682;ernst@frischauf-wein.at;ÖWM-Betriebssuche
Frischengruber;Am Platzl 19;3602;Rossatz-Arnsdorf;AT;Niederösterreich;Wachau;+43 2714 6354;wein@frischengruber.at;ÖWM-Betriebssuche (Update bestehender Leadlisten-Eintrag)
Fritsch (Hauptstrasse);Hauptstrasse 35;2202;Enzersfeld;AT;Niederösterreich;Weinviertel;+43 676 3014174;;ÖWM-Betriebssuche
Fritsch (Schlossbergstrasse);Schlossbergstrasse 9;3470;Kirchberg am Wagram;AT;Niederösterreich;Wagram;+43 2279 5037;info@fritsch.cc;ÖWM-Betriebssuche (Update bestehender Leadlisten-Eintrag)
Fritz & Frieda Wein;Feldsberger Str. 31;2170;Poysdorf;AT;Niederösterreich;Weinviertel;+43 677 61908791;keklamm@gmail.com;ÖWM-Betriebssuche
Fritz Josef;Ortsstrasse 3;3701;Zaußenberg;AT;Niederösterreich;Wagram;+43 676 5800704;office@weingut-fritz.at;ÖWM-Betriebssuche (Update bestehender Leadlisten-Eintrag)
Fritz Rudolf;Fuchsleitenweg 1;3506;Krems an der Donau;AT;Niederösterreich;Kremstal;+43 2739 2734;weingut@rudolf-fritz.at;ÖWM-Betriebssuche
Fritz Salomon Gut Oberstockstall;Weingut Fritz Salomon;3470;Oberstockstall;AT;Niederösterreich;Wagram;+43 2279 233512;weingut@fritzsalomon.at;ÖWM-Betriebssuche
Frohner (Gross Inzerdorf);Gross Inzerdorf 152;2225;Zistersdorf;AT;Niederösterreich;Weinviertel;+43 2532 2510;weingut@weingut-frohner.com;ÖWM-Betriebssuche
Frohner (Kirchenstrasse);Kirchenstrasse 65;2225;Zistersdorf;AT;Niederösterreich;Weinviertel;+43 2532 88678;weine@weinbau-frohner.at;ÖWM-Betriebssuche
Frohner Wein GesbR;Winterseite 54;2225;Loidesthal;AT;Niederösterreich;Weinviertel;+43 680 2103924;info@frohner-wein.at;ÖWM-Betriebssuche
Frotzler;Schrattenthal 10;2073;Schrattenthal;AT;Niederösterreich;Weinviertel;+43 664 1836185;frotzler@gmail.com;ÖWM-Betriebssuche
Fröschl Ernst und Maria;Am Hufeisen 3;2134;Staatz;AT;Niederösterreich;Weinviertel;+43 2524 3500;froeschl.ernst@aon.at;ÖWM-Betriebssuche
Fröschl Leopold;Lindenstrasse 9;2134;Staatz-Kautendorf;AT;Niederösterreich;Weinviertel;+43 2524 3535;froeschl.leo@aon.at;ÖWM-Betriebssuche
Frühwirth (Kottingneusiedl);Kottingneusiedl 13;2135;Kottingneusiedl;AT;Niederösterreich;Weinviertel;+43 650 5808970;office@beno.at;ÖWM-Betriebssuche
Frühwirth (Teesdorferstrasse);Teesdorferstrasse 27;2525;Günselsdorf;AT;Niederösterreich;Thermenregion;+43 2256 62747;;ÖWM-Betriebssuche
Frühwirth (Wiener Neustädter Straße);Wiener Neustädter Straße 75;2524;Teesdorf;AT;Niederösterreich;Thermenregion;+43 664 2223491;info@fruehwirth.bio;ÖWM-Betriebssuche
Frühwirth Martin;Hauptstrasse 4;2524;Teesdorf;AT;Niederösterreich;Thermenregion;+43 2253 81983;info@weingut-fruehwirth.at;ÖWM-Betriebssuche
Fuchs (Badener Strasse);Badener Strasse 26;2352;Gumpoldskirchen;AT;Niederösterreich;Thermenregion;+43 2252 63000;;ÖWM-Betriebssuche
Fuchs (Pellingen);Pellingen 22;3500;Imbach;AT;Niederösterreich;Kremstal;+43 664 1301038;manuel@weinfuchs.at;ÖWM-Betriebssuche
Fuchs und Hase;Rudolfstraße 39;3550;Langenlois;AT;Niederösterreich;Kamptal;+43 2734 21160;info@petnat.at;ÖWM-Betriebssuche
Furherr;Obersulz 151;2224;Obersulz;AT;Niederösterreich;Weinviertel;+43 2534 207;;ÖWM-Betriebssuche
Förthof;Förthofstraße 7;3500;Krems an der Donau;AT;Niederösterreich;Kremstal;+43 2732 83000;weingut@derfoerthof.at;ÖWM-Betriebssuche
Fügerl;Nr. 3;3601;Dürnstein;AT;Niederösterreich;Wachau;+43 2711 416;;ÖWM-Betriebssuche
Führer (Gasse);Gasse 3;2276;Reintal;AT;Niederösterreich;Weinviertel;+43 2552 8359;ulli2010@gmx.at;ÖWM-Betriebssuche
Führer (Kattau);Kattau 27;3730;Kattau;AT;Niederösterreich;Weinviertel;+43 664 5251737;office@weinbau-fuehrer.at;ÖWM-Betriebssuche
Führer Raimund;Friedhofstraße 492;2275;Bernhardsthal;AT;Niederösterreich;Weinviertel;;;ÖWM-Betriebssuche
Fülessi;Rauchenwarth 19;2320;Rauchenwarth;AT;Niederösterreich;Carnuntum;+43 676 7052030;fuelessi-weine@aon.at;ÖWM-Betriebssuche
Fürhacker;Hauptstraße 142;2214;Auersthal;AT;Niederösterreich;Weinviertel;+43 660 1422214;office@weingut-fuerhacker.at;ÖWM-Betriebssuche
Fürnkranz (Hadres);Hadres 109;2061;Hadres;AT;Niederösterreich;Weinviertel;+43 2943 3720;;ÖWM-Betriebssuche
Fürnkranz (Hauptplatz);Hauptplatz 24;2024;Mailberg;AT;Niederösterreich;Weinviertel;+43 676 6005793;info@weingut-fuernkranz.at;ÖWM-Betriebssuche
Fürstenzellerhof;Kremser Straße 2;3500;Imbach;AT;Niederösterreich;Kremstal;+43 664 4951107;ewald.faltl.fzh@gmail.com;ÖWM-Betriebssuche
Gabriel;Leopoldigasse 2;2433;Margarethen am Moos;AT;Niederösterreich;Carnuntum;+43 676 7340113;weingut.gabriel@gmx.at;ÖWM-Betriebssuche
Gafgo;Neugasse 32;2020;Hollabrunn;AT;Niederösterreich;Weinviertel;+43 676 7394259;;ÖWM-Betriebssuche
Gaitzenauer;Staudiglgasse 2;2752;Wöllersdorf;AT;Niederösterreich;Thermenregion;+43 676 7079559;gaitzenauer@aon.at;ÖWM-Betriebssuche
Gallhofer;Rührsdorf 8;3602;Rossatz-Arnsdorf;AT;Niederösterreich;Wachau;+43 2714 6410;rmg@gmx.at;ÖWM-Betriebssuche
Gama;Stiftgasse 4;2511;Pfaffstätten;AT;Niederösterreich;Thermenregion;+43 664 3831874;r.gausterer@gama.at;ÖWM-Betriebssuche
Gamperl;Möllersdorfer Strasse 12;2353;Guntramsdorf;AT;Niederösterreich;Thermenregion;+43 2236 53005;;ÖWM-Betriebssuche
Ganneshofer;Hauptstrasse 15;2504;Sooß;AT;Niederösterreich;Thermenregion;+43 670 2003520;heuriger-ganneshofer@aon.at;ÖWM-Betriebssuche
Gartler;Alt Rehberg 18;3500;Krems an der Donau;AT;Niederösterreich;Kremstal;+43 676 5174890;office@winzerhof-gartler.at;ÖWM-Betriebssuche
Gass;Hausnummer 141;2154;Unterstinkenbrunn;AT;Niederösterreich;Weinviertel;+43 664 5050304;office@weingut-gass.at;ÖWM-Betriebssuche
Gass Familie;Hauptstrasse 13;2054;Alberndorf im Pulkautal;AT;Niederösterreich;Weinviertel;+43 2944 26090;office@gass.at;ÖWM-Betriebssuche
Gassler;Hauptstrasse 31;2123;Hautzendorf;AT;Niederösterreich;Weinviertel;+43 2245 89277;info@weingut-gassler.at;ÖWM-Betriebssuche
Gasslwasinger;Hauptstrasse 112;2372;Gießhübl;AT;Niederösterreich;Thermenregion;+43 2236 45110;heuriger@gasslwasinger.at;ÖWM-Betriebssuche
Gassner;Hauptstraße 63;2264;Jedenspeigen;AT;Niederösterreich;Weinviertel;+43 699 12149188;weingut@gassner.net;ÖWM-Betriebssuche
Gatterburgsche Schlosskellerei;Schlossplatz 1;2070;Retz;AT;Niederösterreich;Weinviertel;+43 2942 2409;office@schlosskellerei.at;ÖWM-Betriebssuche
Gattinger (Unterloiben);Unterloiben 134;3601;Dürnstein;AT;Niederösterreich;Wachau;+43 660 4926640;info@weingutgattinger.at;ÖWM-Betriebssuche
Gattinger (Weitenberg);Weitenberg 350;3610;Weißenkirchen in der Wachau;AT;Niederösterreich;Wachau;+43 2715 2343;weingut.gattinger@aon.at;ÖWM-Betriebssuche
Gaunersdorfer;Hauptstraße;2212;Großengersdorf;AT;Niederösterreich;Weinviertel;+43 680 5009904;andigaunersdorfer@gmx.at;ÖWM-Betriebssuche
Gausterer (Bahngasse);Bahngasse 7;2514;Traiskirchen;AT;Niederösterreich;Thermenregion;+43 2252 53060;;ÖWM-Betriebssuche
Gausterer (Hauptstrasse);Hauptstrasse 55;2353;Guntramsdorf;AT;Niederösterreich;Thermenregion;+43 2236 52256;markus@heurigen-gausterer.at;ÖWM-Betriebssuche
Gausterer (Kampgasse);Kampgasse 4;3494;Gedersdorf;AT;Niederösterreich;Kremstal;+43 2735 8674;;ÖWM-Betriebssuche
Gausterer (Landersdorfer Strasse);Landersdorfer Strasse 29;3500;Krems an der Donau;AT;Niederösterreich;Kremstal;+43 2732 84260;;ÖWM-Betriebssuche
Gausterer (Lichteneckergasse);Lichteneckergasse 5;2353;Guntramsdorf;AT;Niederösterreich;Thermenregion;+43 2236 54422;;ÖWM-Betriebssuche
Gausterer (N. Weidlingerstraße);N. Weidlingerstraße 74, Rohrendorf;3500;Krems an der Donau;AT;Niederösterreich;Kremstal;+43 2732 71069;;ÖWM-Betriebssuche
Gausterer 69;Hauptstraße 69;2353;Guntramsdorf;AT;Niederösterreich;Thermenregion;+43 2236 53410;heuriger@gausterer69.at;ÖWM-Betriebssuche
Gausterer Reinhard;Kerngasse 6;2353;Guntramsdorf;AT;Niederösterreich;Thermenregion;+43 2236 54808;wein@reinhard-gausterer.at;ÖWM-Betriebssuche
Gebetsberger;Hauptstrasse 34;3620;Spitz;AT;Niederösterreich;Wachau;+43 2713 2096;wein@weingut-gebetsberger.at;ÖWM-Betriebssuche
Geer (Geergasse);Geergasse 1;2244;Spannberg;AT;Niederösterreich;Weinviertel;+43 2538 85254;;ÖWM-Betriebssuche
Geer (Matznerstrasse);Matznerstrasse 13;2244;Spannberg;AT;Niederösterreich;Weinviertel;+43 2538 8903;weinbau.geer@gmx.at;ÖWM-Betriebssuche
Gehrer;Leesdorfer Hauptstrasse 43;2500;Baden;AT;Niederösterreich;Thermenregion;+43 2252 80275;office@weinbau-gehrer.at;ÖWM-Betriebssuche
Gehringer;Kleinweikersdorf 9;2023;Wullersdorf;AT;Niederösterreich;Weinviertel;+43 2953 2378;;ÖWM-Betriebssuche
Geischläger;Auggenthal 21;2054;Haugsdorf;AT;Niederösterreich;Weinviertel;+43 2944 2427;e.geischlaeger@bawb.at;ÖWM-Betriebssuche
Geist;Groß- Reipersdorf 42;3741;Pulkau;AT;Niederösterreich;Weinviertel;+43 676 9648674;office@weinbaugeist.at;ÖWM-Betriebssuche
Geistler;Schlossstrasse 33;2453;Sommerein;AT;Niederösterreich;Carnuntum;+43 2168 62816;geistler@gmx.net;ÖWM-Betriebssuche
Geiszler;Laxenburgerstrasse 28;2351;Wiener Neudorf;AT;Niederösterreich;Thermenregion;+43 664 9183054;office@weingut-geiszler.at;ÖWM-Betriebssuche
Geizenauer;Weinzierl 56;3500;Krems an der Donau;AT;Niederösterreich;Kremstal;+43 2732 72187;;ÖWM-Betriebssuche
Genossenschaftsweinkeller reg.Gen.mbH;Winzerstraße 2;2120;Obersdorf;AT;Niederösterreich;Weinviertel;+43 2245 3927;gwk-wein@aon.at;ÖWM-Betriebssuche
Gensberger;Getzersdorf 39;3131;Getzersdorf;AT;Niederösterreich;Traisental;+43 2782 82705;roman.gensberger@gmx.at;ÖWM-Betriebssuche
Genuss-Tradition- Leidenschaft Weinhandel GmbH;Venusbergerstraße 31;3133;Traismauer;AT;Niederösterreich;Traisental;+43 2783 4142;office@fallerwein.at;ÖWM-Betriebssuche
Georg & Christina Hoffinger;Hauptplatz 21;2203;Großebersdorf;AT;Niederösterreich;Weinviertel;+43 699 11961160;hoffinger.georg@gmail.com;ÖWM-Betriebssuche
Georg Sommerbauer;Hochstraße 78;2380;Perchtoldsdorf;AT;Niederösterreich;Thermenregion;+43 1 8698189;georgsommerbauer@a1.net;ÖWM-Betriebssuche
Geppel;Krustetten 11;3511;Furth bei Göttweig;AT;Niederösterreich;Kremstal;+43 2739 2341;;ÖWM-Betriebssuche
Geppel-Mayer;Nussdorferstrasse 118;3508;Paudorf;AT;Niederösterreich;Kremstal;+43 2739 2627;wein@weingut-geppel-mayer.at;ÖWM-Betriebssuche
Gerald Binder;Schlossstraße 307;2024;Mailberg;AT;Niederösterreich;Weinviertel;+43 650 8804285;gerald.binder@ibisacam.at;ÖWM-Betriebssuche
Gerhard Deim;Kalvarienberg 8;3562;Schönberg am Kamp;AT;Niederösterreich;Kamptal;+43 664 9446487;wein@deim.at;ÖWM-Betriebssuche
Gerhard Hauer;Mittelberg 89;3550;Langenlois;AT;Niederösterreich;Kamptal;+43 664 4101089;winzerhof.hauer@aon.at;ÖWM-Betriebssuche
Gerhartl Karl;Hofstatt 43;3500;Imbach;AT;Niederösterreich;Kremstal;+43 2732 82348;;ÖWM-Betriebssuche
Gerhold;Untere Zeile 17;3482;Gösing am Wagram;AT;Niederösterreich;Wagram;+43 2738 2241;info@gerhold.cc;ÖWM-Betriebssuche
Geritzer;Jägergasse 1A;2221;Groß-Schweinbarth;AT;Niederösterreich;Weinviertel;+43 680 3283832;office@weinbau-geritzer.at;ÖWM-Betriebssuche
Gerlinger;Wildendürnbach 356;2164;Wildendürnbach;AT;Niederösterreich;Weinviertel;+43 664 3341035;josef.gerlinger@gmx.at;ÖWM-Betriebssuche
Gerstenbauer;Immendorf 150;2022;Immendorf;AT;Niederösterreich;Weinviertel;+43 2951 8232;;ÖWM-Betriebssuche
Gertrude Hagen;Hohensteinstrasse 61;3500;Krems an der Donau;AT;Niederösterreich;Kremstal;+43 2732 70440;winzerhof_hagen@yahoo.de;ÖWM-Betriebssuche
Gessl Alois und Margit;Zellerndorf 70;2051;Zellerndorf;AT;Niederösterreich;Weinviertel;+43 650 2270367;weingut@gessl.eu;ÖWM-Betriebssuche
Gettinger;Schlossstrasse 19;3500;Krems an der Donau;AT;Niederösterreich;Kremstal;+43 2732 86876;;ÖWM-Betriebssuche
Getzinger;Schmiedgasse 10;3134;Nußdorf ob der Traisen;AT;Niederösterreich;Traisental;+43 664 4265453;office@weingut-getzinger.at;ÖWM-Betriebssuche
Geyer;Hauptstraße 30;3492;Engabrunn;AT;Niederösterreich;Kamptal;+43 2735 2446;weinbau_geyer@aon.at;ÖWM-Betriebssuche
Geyerhof;Ortsstrasse 1;3511;Oberfucha;AT;Niederösterreich;Kremstal;+43 2739 2259;weingut@geyerhof.at;ÖWM-Betriebssuche
Geßl;Hauptplatz 9;2054;Haugsdorf;AT;Niederösterreich;Weinviertel;+43 2944 2838;gessl-wein@gmx.at;ÖWM-Betriebssuche
Giesswein Rudolf;Statzendorf 19;3125;Statzendorf;AT;Niederösterreich;Traisental;+43 2786 68730;rudolf.giesswein@aon.at;ÖWM-Betriebssuche
Giglinger;Ing. Figl Str. 22;2521;Trumau;AT;Niederösterreich;Thermenregion;+43 2253 8945;;ÖWM-Betriebssuche
Gilg;Schlossgasse 33;2102;Hagenbrunn;AT;Niederösterreich;Weinviertel;+43 2262 672781;weingut@gilg.at;ÖWM-Betriebssuche (Update bestehender Leadlisten-Eintrag)
Gill;Neusiedler Straße 52 Gill;3134;Nußdorf ob der Traisen;AT;Niederösterreich;Traisental;+43 664 5171048;info@weinhof-gill.at;ÖWM-Betriebssuche
Gindl (Am Rußbach);Am Rußbach 30;2211;Pillichsdorf;AT;Niederösterreich;Weinviertel;+43 650 9985668;office@weinhofgindl.com;ÖWM-Betriebssuche
Gindl (Hauptstrasse);Hauptstrasse 22;2211;Pillichsdorf;AT;Niederösterreich;Weinviertel;+43 2245 82619;;ÖWM-Betriebssuche
Gindl Gerald;Hauptstrasse 55;2120;Obersdorf;AT;Niederösterreich;Weinviertel;+43 2245 3411;gindl@weingut-gindl.at;ÖWM-Betriebssuche
Gindl H & L;Hauptstrasse 74;2211;Pillichsdorf;AT;Niederösterreich;Weinviertel;+43 2245 83092;weinbau.gindl@gmx.at;ÖWM-Betriebssuche
Girsch;Hauptstrasse 66;2184;Hauskirchen;AT;Niederösterreich;Weinviertel;+43 2533 89686;girsch@weingut-girsch.at;ÖWM-Betriebssuche
Girsch Christoph;Nr. 21;2143;Ginzersdorf;AT;Niederösterreich;Weinviertel;+43 2556 5874;girschitz@gmx.at;ÖWM-Betriebssuche
Glanner;Hauptplatz 5;2514;Traiskirchen;AT;Niederösterreich;Thermenregion;+43 2252 52433;info@weingut-glanner.at;ÖWM-Betriebssuche (Update bestehender Leadlisten-Eintrag)
Glanz;Wimpffengasse 9;3704;Heldenberg;AT;Niederösterreich;Weinviertel;+43 2956 2350;;ÖWM-Betriebssuche
Glaser;Stronsdorf Nr. 23;2153;Stronsdorf;AT;Niederösterreich;Weinviertel;+43 2526 7225;glaserronald@gmail.com;ÖWM-Betriebssuche
Glaser Winemakers KG;Windmühlgasse 1;2070;Retz;AT;Niederösterreich;Weinviertel;+43 2942 263636;office@glaserwein.com;ÖWM-Betriebssuche
Glatt;Hauptstrasse 31;2100;Leobendorf;AT;Niederösterreich;Weinviertel;+43 2262 73102;k.glatt@kabsi.at;ÖWM-Betriebssuche
Glatzenberger;Oberloiben 5;3601;Dürnstein;AT;Niederösterreich;Wachau;+43 2732 85945;;ÖWM-Betriebssuche
Glatzer;Rosenbergstrasse 5;2464;Göttlesbrunn-Arbesthal;AT;Niederösterreich;Carnuntum;+43 2162 8486;info@weingutglatzer.at;ÖWM-Betriebssuche (Update bestehender Leadlisten-Eintrag)
Glock;Dorfstrasse 18;2464;Göttlesbrunn-Arbesthal;AT;Niederösterreich;Carnuntum;+43 2162 8246;weingut.glock@wavenet.at;ÖWM-Betriebssuche
Glück (Hofarnstorf);Hofarnstorf 3;3621;Rossatz-Arnsdorf;AT;Niederösterreich;Wachau;+43 2714 8284;;ÖWM-Betriebssuche
Glück (Mitterarnsdorf);Mitterarnsdorf 32;3621;Rossatz-Arnsdorf;AT;Niederösterreich;Wachau;+43 2714 8308;;ÖWM-Betriebssuche
Glück (Pleissing);Pleissing, Nr. 14;2083;Hardegg;AT;Niederösterreich;Weinviertel;+43 664 4834835;klaus.glueck14@gmail.com;ÖWM-Betriebssuche
Gmeinböck;Mühlweg 6;2170;Poysdorf;AT;Niederösterreich;Weinviertel;+43 664 2361255;weingut@gmeinboeck.at;ÖWM-Betriebssuche
Gmeiner;Hauptstrasse 65;3484;Seebarn am Wagram;AT;Niederösterreich;Wagram;+43 2738 2462;office@gmeiner-weine.at;ÖWM-Betriebssuche
Gnadenberger;Nr. 15;3710;Radlbrunn;AT;Niederösterreich;Weinviertel;+43 699 11501086;weingnadenberger@msn.com;ÖWM-Betriebssuche
Gnauer;Ebersbrunn 38;3711;Großmeiseldorf;AT;Niederösterreich;Weinviertel;+43 2957 702;;ÖWM-Betriebssuche
Goasbua;Badenerstraße 16;2511;Pfaffstätten;AT;Niederösterreich;Thermenregion;+43 2252 89525;weine@schuetzl.at;ÖWM-Betriebssuche
Goldeck Wein- und Sektkellerei;Hans-Haderer- Gasse 8;2540;Bad Vöslau;AT;Niederösterreich;Thermenregion;+43 1 36822580;office@goldeck.at;ÖWM-Betriebssuche
Goll;Mühlgasse 2;3464;Hausleiten;AT;Niederösterreich;Wagram;+43 660 6993026;office@wein-gut-goll.at;ÖWM-Betriebssuche
Gottschuly - Grassl;Dorfstraße 28;2465;Höflein;AT;Niederösterreich;Carnuntum;+43 2162 62293;wein@gottschuly.at;ÖWM-Betriebssuche
Graben Gritsch;Viessling 21;3620;Spitz;AT;Niederösterreich;Wachau;+43 2713 8478;weingut@josef-gritsch.net;ÖWM-Betriebssuche
Grabenwerkstatt;Feldweg 6;3622;Trandorf;AT;Niederösterreich;Wachau;+43 650 2916777;weingut@grabenwerkstatt.at;ÖWM-Betriebssuche
Grabler;Sonnenweg 1;2113;Wetzleinsdorf;AT;Niederösterreich;Weinviertel;+43 676 7552580;philipp.grabler@aon.at;ÖWM-Betriebssuche
Grabner;Wr. Neustädter Str. 27;2542;Kottingbrunn;AT;Niederösterreich;Thermenregion;+43 2252 75463;weinbau@brunnerberghof.at;ÖWM-Betriebssuche
Grabner-Schierer;Hauptstrasse 55;2504;Sooß;AT;Niederösterreich;Thermenregion;+43 2252 87392;office@grabner-schierer.at;ÖWM-Betriebssuche (Update bestehender Leadlisten-Eintrag)
Graf (Braunsdorferstraße);Braunsdorferstraße 16;3500;Krems an der Donau;AT;Niederösterreich;Kremstal;+43 2732 41504;;ÖWM-Betriebssuche
Graf (Bäckergasse);Bäckergasse 27;2193;Wilfersdorf;AT;Niederösterreich;Weinviertel;+43 664 5910995;winzerhofgraf@gmx.at;ÖWM-Betriebssuche
Graf (Dyckstraße);Dyckstraße 1;3500;Krems an der Donau;AT;Niederösterreich;Kremstal;+43 2732 73707;;ÖWM-Betriebssuche
Graf (Herrenzeile);Herrenzeile 47;2192;Kettlasbrunn;AT;Niederösterreich;Weinviertel;+43 2573 25044;weinbau.graf@aon.at;ÖWM-Betriebssuche
Graf (Joching);Joching 53;3610;Weißenkirchen in der Wachau;AT;Niederösterreich;Wachau;+43 2715 2453;heuriger@graf-loiben.at;ÖWM-Betriebssuche
Graf (Kleinhöflein);Kleinhöflein 9;2074;Unterretzbach;AT;Niederösterreich;Weinviertel;+43 2942 20037;;ÖWM-Betriebssuche
Graf (Mauternbach);Mauternbach 14;3512;Mautern an der Donau;AT;Niederösterreich;Wachau;+43 2732 82743;office@weingut-graf.at;ÖWM-Betriebssuche
Graf (Obermarkersdorf 43);Obermarkersdorf 43;2073;Zellerndorf;AT;Niederösterreich;Weinviertel;+43 2942 8247;a.graf@lk-oe.at;ÖWM-Betriebssuche
Graf (Obermarkersdorf 68);Obermarkersdorf 68;2073;Schrattenthal;AT;Niederösterreich;Weinviertel;+43 2942 8234;sissygraf@gmx.at;ÖWM-Betriebssuche
Graf (Platt);Platt 18;2051;Zellerndorf;AT;Niederösterreich;Weinviertel;+43 2945 27803;;ÖWM-Betriebssuche
Graf (Raiffeisenplatz);Raiffeisenplatz 5;2523;Tattendorf;AT;Niederösterreich;Thermenregion;+43 2253 81279;;ÖWM-Betriebssuche
Graf Annemarie;Veltlinerstraße 26;2192;Kettlasbrunn;AT;Niederösterreich;Weinviertel;+43 2573 25044;;ÖWM-Betriebssuche
Graf Berta;Platt 18;2051;Platt;AT;Niederösterreich;Weinviertel;+43 680 1252569;;ÖWM-Betriebssuche
Graf Hardegg;Großkadolz 1;2062;Seefeld-Kadolz;AT;Niederösterreich;Weinviertel;+43 1 2374005526;office@guthardegg.at;ÖWM-Betriebssuche (Update bestehender Leadlisten-Eintrag)
Graf Josef;Nussberggasse 15;1190;Wien;AT;Niederösterreich;;+43 1 4060445;office@grafjosef.at;ÖWM-Betriebssuche
Graf-Faltl;Untere Hauptstraße 4;3552;Stratzing;AT;Niederösterreich;Kremstal;+43 2719 2765;graf-faltl@winzerin.at;ÖWM-Betriebssuche
Grafinger;Priel 22;3541;Senftenberg;AT;Niederösterreich;Kremstal;+43 2719 8208;weinblick@grafinger.info;ÖWM-Betriebssuche
Gramer;Kremserstraße 86;3133;Traismauer;AT;Niederösterreich;Traisental;+43 2783 7024;;ÖWM-Betriebssuche
Granner;Oberloiben 19;3601;Dürnstein;AT;Niederösterreich;Wachau;+43 2732 71754;granner@direkt.at;ÖWM-Betriebssuche
Grasl (Rudolf Reiter-Straße);Rudolf Reiter-Straße 4;2540;Bad Vöslau;AT;Niederösterreich;Thermenregion;+43 664 8213290;office@grasl-wein.at;ÖWM-Betriebssuche
Grasl (Wienerstraße);Wienerstraße 46;3710;Glaubendorf;AT;Niederösterreich;Weinviertel;+43 650 5756512;weingutgrasl@gmail.com;ÖWM-Betriebssuche
Grassl;Nr. 226;2464;Göttlesbrunn-Arbesthal;AT;Niederösterreich;Carnuntum;+43 2162 8402;;ÖWM-Betriebssuche
Grassl Johann und Margarete;Landstraße 19;2464;Göttlesbrunn-Arbesthal;AT;Niederösterreich;Carnuntum;+43 2162 8402;m.grassl@wavenet.at;ÖWM-Betriebssuche
Grassl Philipp;Am Graben 4-6;2464;Göttlesbrunn-Arbesthal;AT;Niederösterreich;Carnuntum;+43 2162 8483;office@weingut-grassl.com;ÖWM-Betriebssuche (Update bestehender Leadlisten-Eintrag)
Gratz;Kleinwiesendorf 18a;3701;Großweikersdorf;AT;Niederösterreich;Wagram;+43 664 1811202;gratz-sekt@aon.at;ÖWM-Betriebssuche
Gratzer;Am Graben 22;2464;Göttlesbrunn-Arbesthal;AT;Niederösterreich;Carnuntum;+43 2162 8487;f.gratzer@wavenet.at;ÖWM-Betriebssuche
Gratzer-Sandriester;Siedlungsgasse 2;2472;Prellenkirchen;AT;Niederösterreich;Carnuntum;+43 699 11136007;gratzer-sandriester@aon.at;ÖWM-Betriebssuche
Graus;Kellergasse 22;2223;Hohenruppersdorf;AT;Niederösterreich;Weinviertel;+43 664 1301774;johann.graus@ace.at;ÖWM-Betriebssuche
Grausenburger;Dorfstrasse 2;3483;Feuersbrunn;AT;Niederösterreich;Wagram;+43 2738 2351;grausenburger_michael@hotmail.com;ÖWM-Betriebssuche
Greil (Alte Weinstraße);Alte Weinstraße 4;3465;Unterstockstall;AT;Niederösterreich;Wagram;+43 650 3903972;office@weingut-greil.at;ÖWM-Betriebssuche
Greil (Frauendorf);Frauendorf 42;3710;Ziersdorf;AT;Niederösterreich;Weinviertel;+43 2959 2279;f.greil@frauendorf.at;ÖWM-Betriebssuche
Greil (Straning);Straning 146;3722;Straning-Grafenberg;AT;Niederösterreich;Weinviertel;+43 660 4573408;andi@greil-wein.at;ÖWM-Betriebssuche
Greilinger (Frauendorf);Frauendorf 26;3710;Ziersdorf;AT;Niederösterreich;Weinviertel;;andreas.greilinger@gmx.at;ÖWM-Betriebssuche
Greilinger (Hauptplatz);Hauptplatz 16;3714;Sitzendorf an der Schmida;AT;Niederösterreich;Weinviertel;+43 2959 2256;;ÖWM-Betriebssuche
Greilinger (Herrenstraße);Herrenstraße 36;3714;Frauendorf an der Schmida;AT;Niederösterreich;Weinviertel;+43 2959 3378;biowein.greilinger@aon.at;ÖWM-Betriebssuche
Greilinger (Kirchengasse);Kirchengasse 10;3710;Ziersdorf;AT;Niederösterreich;Weinviertel;+43 2956 2471;info@greilingerwein.at;ÖWM-Betriebssuche
Greilinger (Schöngrabern);Schöngrabern 241;2020;Schöngrabern;AT;Niederösterreich;Weinviertel;+43 664 4625313;weine@greilinger.at;ÖWM-Betriebssuche
Greimel;Frauenhofgasse 10;3512;Mautern an der Donau;AT;Niederösterreich;Wachau;+43 2732 87355;;ÖWM-Betriebssuche
Greimel-Schober;Mühlgasse 6;3493;Hadersdorf-Kammern;AT;Niederösterreich;Kamptal;+43 2735 2359;helga51@aon.at;ÖWM-Betriebssuche
Griebaum;Bachstraße 2;2170;Wetzelsdorf;AT;Niederösterreich;Weinviertel;+43 2552 3706;margit.griebaum@aon.at;ÖWM-Betriebssuche
Griesmüller;Höflein 69;2465;Höflein;AT;Niederösterreich;Carnuntum;+43 2162 63137;;ÖWM-Betriebssuche
Grill;Untere Marktstrasse 19;3481;Fels am Wagram;AT;Niederösterreich;Wagram;+43 2738 2239;gudrun.grill@aon.at;ÖWM-Betriebssuche
Grill Robert;Wienerstrasse 88;2352;Gumpoldskirchen;AT;Niederösterreich;Thermenregion;+43 664 9171611;office@weingut-grill.at;ÖWM-Betriebssuche
Grillhendl-Heuriger List;Baumgarten 1;3701;Großweikersdorf;AT;Niederösterreich;Wagram;+43 2955 70241;;ÖWM-Betriebssuche
Grillmaier Bioweingärtnerei;Zwettler Strasse 33;3550;Langenlois;AT;Niederösterreich;Kamptal;+43 2734 2531;mail@grillmaier.at;ÖWM-Betriebssuche
Grillmeier-Ladentrog;Pernersdorf 32;2052;Pernersdorf;AT;Niederösterreich;Weinviertel;+43 2944 8616;weingut@grillmeier-ladentrog.at;ÖWM-Betriebssuche
Gritsch (Leisergasse);Leisergasse 14;3495;Rohrendorf bei Krems;AT;Niederösterreich;Kremstal;+43 2732 86449;;ÖWM-Betriebssuche
Gritsch (Radlbach);Radlbach 11;3620;Spitz;AT;Niederösterreich;Wachau;+43 2713 2208;info@weingut-gritsch-wachau.at;ÖWM-Betriebssuche
Gritsch FJ;Kirchenplatz 13;3620;Spitz;AT;Niederösterreich;Wachau;+43 2713 2450;office@gritsch.at;ÖWM-Betriebssuche (Update bestehender Leadlisten-Eintrag)
Gritsch Thomas;Haidgasse 1;3620;Spitz;AT;Niederösterreich;Wachau;+43 676 9504633;info@weingut-gritsch.at;ÖWM-Betriebssuche
Groiss (Mittelberg);Mittelberg 38;3550;Langenlois;AT;Niederösterreich;Kamptal;+43 2734 2950;info@groiss-wein.at;ÖWM-Betriebssuche
Groiss (Ringstraße);Ringstraße 7;3464;Pettendorf;AT;Niederösterreich;Wagram;+43 664 9104121;buero@weingut-groiss.com;ÖWM-Betriebssuche
Groiss (Ruppersthal);Ruppersthal 103;3701;Großweikersdorf;AT;Niederösterreich;Wagram;+43 2955 72674;;ÖWM-Betriebssuche
Groiß;Kleinwiesendorf 24;3701;Großweikersdorf;AT;Niederösterreich;Wagram;+43 2955 70234;office@weingutgroiss.at;ÖWM-Betriebssuche
Groiß Anton;Tiefenthal 6;3701;Großweikersdorf;AT;Niederösterreich;Wagram;+43 2955 70410;info@weingut-groiss.at;ÖWM-Betriebssuche
Groiß KG;Kleinwiesendorf 24;3701;Großweikersdorf;AT;Niederösterreich;Wagram;+43 2955 70234;office@weingutgroiss.at;ÖWM-Betriebssuche
Groll;Alchemistenstraße 12;3470;Kirchberg am Wagram;AT;Niederösterreich;Wagram;+43 664 2742090;elke@weinschnapsgroll.at;ÖWM-Betriebssuche
Groll Daniel;Neudegg 23;3471;Großriedenthal;AT;Niederösterreich;Wagram;+43 664 73035931;danielgroll56@gmail.com;ÖWM-Betriebssuche
Groll Wolfgang;Reith 59;3553;Schiltern;AT;Niederösterreich;Kamptal;+43 2734 8522;info@weingut-groll.at;ÖWM-Betriebssuche
Grolly (Obermarkersdorf 35);Obermarkersdorf 35;2073;Zellerndorf;AT;Niederösterreich;Weinviertel;+43 2942 8350;fritz.grolly@gmx.at;ÖWM-Betriebssuche
Grolly (Obermarkersdorf 4);Obermarkersdorf 4;2073;Obermarkersdorf;AT;Niederösterreich;Weinviertel;+43 2942 8217;office@grolly.wine;ÖWM-Betriebssuche
Gross;K.-Adlitzer-Strasse 47;2514;Möllersdorf;AT;Niederösterreich;Thermenregion;+43 2252 53124;;ÖWM-Betriebssuche
Grossinger (Gut am Steg);Gut am Steg 4;3620;Spitz;AT;Niederösterreich;Wachau;+43 2713 2621;werner.grossinger@aon.at;ÖWM-Betriebssuche
Grossinger (Rote-Tor-Gasse);Rote-Tor-Gasse 2;3620;Spitz;AT;Niederösterreich;Wachau;;;ÖWM-Betriebssuche
Großauer;Bergstraße 14;3562;Schönberg;AT;Niederösterreich;Kamptal;+43 2733 8319;ernest@grossauer.eu;ÖWM-Betriebssuche
Gruber (Agnesstrasse);Agnesstrasse 43;3400;Klosterneuburg;AT;Niederösterreich;Wagram;+43 2243 32554;;ÖWM-Betriebssuche
Gruber (Grubstrasse);Grubstrasse 241;3610;Weißenkirchen in der Wachau;AT;Niederösterreich;Wachau;+43 2715 2437;;ÖWM-Betriebssuche
Gruber (Hauptstrasse);Hauptstrasse 37;2203;Putzing;AT;Niederösterreich;Weinviertel;+43 676 6206296;wein@winzerhofgruber.at;ÖWM-Betriebssuche
Gruber (Untere Strasse);Untere Strasse 7 a;3553;Schiltern;AT;Niederösterreich;Kamptal;+43 2734 8535;gruber-wein@aon.at;ÖWM-Betriebssuche
Gruber (Wösendorf);Wösendorf 50;3610;Wösendorf in der Wachau;AT;Niederösterreich;Wachau;+43 2715 2744;;ÖWM-Betriebssuche
Gruber 43;Mittelberg 43;3550;Langenlois;AT;Niederösterreich;Kamptal;+43 664 4925146;office@gruber43.at;ÖWM-Betriebssuche
Gruber Johann;Weinbergstraße 22;3494;Gedersdorf;AT;Niederösterreich;Kremstal;+43 2735 8915;;ÖWM-Betriebssuche
Gruber Ludwig;Hauptstrasse 53;3714;Niederschleinz;AT;Niederösterreich;Weinviertel;+43 676 7271459;ludwig@weingutgruber.at;ÖWM-Betriebssuche
Gruber Manfred;Mittelberg 42;3550;Langenlois;AT;Niederösterreich;Kamptal;+43 2734 4575;m.gruber@gruber-weingut.at;ÖWM-Betriebssuche
Gruber Röschitz;Roggendorfer Straße 7;3743;Röschitz;AT;Niederösterreich;Weinviertel;+43 2984 2765;office@gruber-roeschitz.at;ÖWM-Betriebssuche (Update bestehender Leadlisten-Eintrag)
Gräf;Badener Straße 74;2540;Bad Vöslau;AT;Niederösterreich;Thermenregion;+43 2252 75356;;ÖWM-Betriebssuche
Grötzer;Oberort 81;2042;Guntersdorf;AT;Niederösterreich;Weinviertel;+43 2951 2493;;ÖWM-Betriebssuche
Grün;Probstenzeil 3;2223;Klein-Harras;AT;Niederösterreich;Weinviertel;+43 2574 8706;fs.gruen@aon.at;ÖWM-Betriebssuche
Grünauer;Hauptstrasse 199;2245;Velm-Götzendorf;AT;Niederösterreich;Weinviertel;;johann.gruenauer@aon.at;ÖWM-Betriebssuche
Grünwald Andrea;;2264;Jedenspeigen;AT;Niederösterreich;Weinviertel;;andrea.gruenwald76@gmail.com;ÖWM-Betriebssuche
Grünwidl;Hauptplatz 137;2024;Mailberg;AT;Niederösterreich;Weinviertel;+43 2943 3161;weingut@gruenwidl.at;ÖWM-Betriebssuche
Gschirrmeister;Feldgasse 13;3400;Kierling;AT;Niederösterreich;Wagram;+43 2243 83834;;ÖWM-Betriebssuche
Gschwandtner;Schickenberggasse 16;3552;Lengenfeld;AT;Niederösterreich;Kremstal;+43 2719 2748;;ÖWM-Betriebssuche
Gschweicher;Winzerstrasse 29;3743;Röschitz;AT;Niederösterreich;Weinviertel;+43 2984 3800;office@gschweicher.at;ÖWM-Betriebssuche (Update bestehender Leadlisten-Eintrag)
Gschwindl Josef;Hauptstraße 58;2122;Münichsthal;AT;Niederösterreich;Weinviertel;+43 2245 4929;familie.gschwindl@gmail.com;ÖWM-Betriebssuche
Guggenberger;Gettsdorf 31;3710;Gettsdorf;AT;Niederösterreich;Weinviertel;+43 676 7341540;guggenberger.georgie@aon.at;ÖWM-Betriebssuche
Gumprecht;Alte Poststraße 7;2410;Hainburg a.d. Donau;AT;Niederösterreich;Carnuntum;+43 2165 62423;;ÖWM-Betriebssuche
Gunhold;Hartergasse 16;2500;Baden;AT;Niederösterreich;Thermenregion;+43 2252 21421;;ÖWM-Betriebssuche
Gusenbauer;Thallerner Hauptsraße 30;3506;Krems an der Donau;AT;Niederösterreich;Kremstal;+43 2739 2212;gasthaus-gusenbauer@wavenet.at;ÖWM-Betriebssuche
Gusterhof;Mühlweg 6;3511;Palt;AT;Niederösterreich;Kremstal;+43 2732 73458;office@gusterhof.at;ÖWM-Betriebssuche
Gut Kellerstöckl - Familie Schuckert;Winterzeile 15;2170;Poysdorf;AT;Niederösterreich;Weinviertel;+43 664 1318027;schuckert@gut-kellerstoeckl.at;ÖWM-Betriebssuche
Gutmayer;Unterdürnbach 17 Gutmayer;3721;Unterdürnbach;AT;Niederösterreich;Weinviertel;+43 2958 88319;weingut.gutmayer@aon.at;ÖWM-Betriebssuche
Gänsdorfer;Babenbergergasse 11;3542;Gföhl;AT;Niederösterreich;Kremstal;;cwgaensdorfer@a1.net;ÖWM-Betriebssuche
Göltl;Weinbergweg 68;2464;Göttlesbrunn-Arbesthal;AT;Niederösterreich;Carnuntum;+43 2162 8996;;ÖWM-Betriebssuche
Göschl;Hohenruppersdorf 44;2223;Hohenruppersdorf;AT;Niederösterreich;Weinviertel;+43 2574 8275;;ÖWM-Betriebssuche
Gössinger (Hauptstrasse);Hauptstrasse 36;2212;Großengersdorf;AT;Niederösterreich;Weinviertel;+43 2245 883333;;ÖWM-Betriebssuche
Gössinger (Hauptstraße);Hauptstraße 59;2120;Obersdorf;AT;Niederösterreich;Weinviertel;+43 699 12161990;office@weinbau-goessinger.at;ÖWM-Betriebssuche
Gössinger (Mühlgasse);Mühlgasse 7;2211;Pillichsdorf;AT;Niederösterreich;Weinviertel;+43 2245 6426;heuriger@goessinger.at;ÖWM-Betriebssuche
Gössinger Ulrike und Manfred;Hauptplatz 4;2211;Pillichsdorf;AT;Niederösterreich;Weinviertel;+43 2245 83907;manfred.goessinger@aon.at;ÖWM-Betriebssuche
Göttinger;Untere Hauptstrasse 17;2111;Harmannsdorf;AT;Niederösterreich;Weinviertel;+43 2264 7572;manfred.goettinger@gmx.at;ÖWM-Betriebssuche
Göttinger Maria;Schmiedgasse 7;2100;Leobendorf;AT;Niederösterreich;Weinviertel;+43 2262 66796;maria.goettinger@gmail.com;ÖWM-Betriebssuche
Günter Deutsch;Millenniumsstrasse 23;2170;Poysdorf;AT;Niederösterreich;Weinviertel;+43 699 11204208;familie.deutsch@gmx.at;ÖWM-Betriebssuche
Güntschl;Untere Zeile 4;3482;Gösing am Wagram;AT;Niederösterreich;Wagram;+43 2738 2426;guentschl@aon.at;ÖWM-Betriebssuche
H&M Kellerberg GmbH & HWV Vertrieb GmbH;Auggenthal 50;2054;Haugsdorf;AT;Niederösterreich;Weinviertel;+43 2944 26532;office@h-wv.at;ÖWM-Betriebssuche
Haas (Ahornweg);Ahornweg 5;2074;Unterretzbach;AT;Niederösterreich;Weinviertel;+43 2942 2204;weingut.haas@aon.at;ÖWM-Betriebssuche
Haas (Gartengasse);Gartengasse 8b;2352;Gumpoldskirchen;AT;Niederösterreich;Thermenregion;+43 2252 63081;;ÖWM-Betriebssuche
Haas (Grafenberg);Grafenberg 130;3730;Eggenburg;AT;Niederösterreich;Weinviertel;+43 2984 20955;;ÖWM-Betriebssuche
Haas (Pönning);Pönning 9;3141;Pönning;AT;Niederösterreich;Traisental;+43 2784 2283;elfriede.haas@gmx.at;ÖWM-Betriebssuche
Haas (Winzerg.);Winzerg. 6;2070;Retz;AT;Niederösterreich;Weinviertel;+43 2942 31595;;ÖWM-Betriebssuche
Haas Franz;Kircheng. 1;2070;Retz;AT;Niederösterreich;Weinviertel;+43 2942 28195;;ÖWM-Betriebssuche
Habacht;Neugebäude 2;3463;Stetteldorf am Wagram;AT;Niederösterreich;Wagram;+43 664 7844270;office@habacht-wagram.at;ÖWM-Betriebssuche
Haberl (Blumenthalerstrasse);Blumenthalerstrasse 10;2225;Loidesthal;AT;Niederösterreich;Weinviertel;+43 2532 88685;;ÖWM-Betriebssuche
Haberl (Obersulz);Obersulz 176;2224;Obersulz;AT;Niederösterreich;Weinviertel;+43 2534 228;;ÖWM-Betriebssuche
Haberler;Herrengasse 162;2162;Falkenstein;AT;Niederösterreich;Weinviertel;+43 2554 6144;;ÖWM-Betriebssuche
Habsburg;Lazarettgasse 37/14;1090;Wien;AT;Niederösterreich;;+43 1 9686549;weingut@mhl.at;ÖWM-Betriebssuche
Hacker (Nr.);Nr. 93;2051;Zellerndorf;AT;Niederösterreich;Weinviertel;+43 676 7957169;h.elisabeth@gmx.net;ÖWM-Betriebssuche
Hacker (Parkstraße);Parkstraße 31;2351;Wiener Neudorf;AT;Niederösterreich;Thermenregion;+43 664 3948904;weinbau.hacker@aon.at;ÖWM-Betriebssuche
Hackl;Hadres 24;2061;Hadres;AT;Niederösterreich;Weinviertel;+43 664 2308474;hackl.klaus@gmail.com;ÖWM-Betriebssuche
Hackl Konrad;Neubaugasse 299;3511;Furth bei Göttweig;AT;Niederösterreich;Kremstal;+43 664 6025922209;konrad.hackl@krems.lk-noe.at;ÖWM-Betriebssuche
Hackner;Lindengasse 36;3511;Furth bei Göttweig;AT;Niederösterreich;Kremstal;+43 2732 73685;office@winzerhof-hackner.at;ÖWM-Betriebssuche
Haferl;Hauptstraße 160;2214;Auersthal;AT;Niederösterreich;Weinviertel;+43 2288 2378;weinbau.haferl@gmail.com;ÖWM-Betriebssuche
Haferl H.u.B;Pratergasse 14;2214;Auersthal;AT;Niederösterreich;Weinviertel;+43 2288 2771;herbert.haferl@gmx.at;ÖWM-Betriebssuche
Hafner-Greindl;Lebzeltergasse 6;2100;Korneuburg;AT;Niederösterreich;Weinviertel;+43 664 2276603;g.greindl@gmail.com;ÖWM-Betriebssuche
Haftner;Hausheim 13;3124;Oberwölbling;AT;Niederösterreich;Traisental;+43 2786 3210;;ÖWM-Betriebssuche
Hagen;Seilerweg 45;3500;Krems an der Donau;AT;Niederösterreich;Kremstal;+43 2732 78160;info@weingut-hagen.at;ÖWM-Betriebssuche
Hagenbüchl;Am Fischerberg 7;3472;Hohenwarth;AT;Niederösterreich;Weinviertel;+43 664 5345559;weingut@hagenbuechl.at;ÖWM-Betriebssuche
Hager (Jägerzeile);Jägerzeile 16;2214;Auersthal;AT;Niederösterreich;Weinviertel;+43 660 3161290;karlhager11@gmail.com;ÖWM-Betriebssuche
Hager (Nappersdorf);Nappersdorf 34 Hager;2023;Nappersdorf;AT;Niederösterreich;Weinviertel;+43 650 7839260;natuerlich@hager-biowein.at;ÖWM-Betriebssuche
Hager Gerhard;Klein Meiseldorf 7;3744;Meiseldorf;AT;Niederösterreich;Weinviertel;+43 2983 27197;buschenschank-hager@aon.at;ÖWM-Betriebssuche
Hager Herbert;Bahnstraße 13;2214;Auersthal;AT;Niederösterreich;Weinviertel;+43 2288 6064;weinguthager@gmx.at;ÖWM-Betriebssuche
Hager Oskar;Mollands Weinstraße 42;3562;Schönberg;AT;Niederösterreich;Kamptal;+43 2733 8278;info@weingut-hager.at;ÖWM-Betriebssuche
Hagmann (Priel);Priel 30;3541;Senftenberg;AT;Niederösterreich;Kremstal;+43 2719 2709;;ÖWM-Betriebssuche
Hagmann (Zwettlerstrasse);Zwettlerstrasse 83;3550;Langenlois;AT;Niederösterreich;Kamptal;+43 2734 2925;office@weingut-hagmann.at;ÖWM-Betriebssuche
Hagn;Mailberg 154;2024;Mailberg;AT;Niederösterreich;Weinviertel;+43 2943 2256;info@hagn-weingut.at;ÖWM-Betriebssuche (Update bestehender Leadlisten-Eintrag)
Hahn;Marktplatz 13;2223;Hohenruppersdorf;AT;Niederösterreich;Weinviertel;+43 2574 8296;verkauf@weinguthahn.at;ÖWM-Betriebssuche
Haibl Irene;Kellergasse - Praterstern;2124;Niederkreuzstetten;AT;Niederösterreich;Weinviertel;+43 676 7885119;irenehaibl@gmx.net;ÖWM-Betriebssuche
Haiderer (Hauptplatz);Hauptplatz 31;3485;Grafenegg;AT;Niederösterreich;Kamptal;+43 2735 5938;mail@winzerhof-haiderer.at;ÖWM-Betriebssuche
Haiderer (Unterbergern);Unterbergern 11;3512;Mautern an der Donau;AT;Niederösterreich;Wachau;+43 2714 7255;winzerhof.haiderer@a1.net;ÖWM-Betriebssuche
Haiderer (Untere Hauptstraße);Untere Hauptstraße 3;3494;Theiß;AT;Niederösterreich;Kremstal;+43 2735 8219;office@wein-obst-haiderer.at;ÖWM-Betriebssuche
Haidinger;Hauptstrasse 9;2264;Jedenspeigen;AT;Niederösterreich;Weinviertel;+43 2536 87483;weinbau.haidinger@aon.at;ÖWM-Betriebssuche
Haidinger Erich;Untere Hauptstrasse 40;2223;Hohenruppersdorf;AT;Niederösterreich;Weinviertel;+43 2574 8483;;ÖWM-Betriebssuche
Haidinger Karl;Milchhausstrasse 33;2223;Hohenruppersdorf;AT;Niederösterreich;Weinviertel;+43 2574 8329;sem@winzerhof-semmler.at;ÖWM-Betriebssuche
Haidvogel;Rechte Bahnzeile 28;3494;Gedersdorf;AT;Niederösterreich;Kremstal;+43 2735 8026;;ÖWM-Betriebssuche
Haimel;St. Georgenergasse 5;3133;Traismauer;AT;Niederösterreich;Traisental;+43 664 8226477;info@weingut-haimel.at;ÖWM-Betriebssuche
Haimer (Körnergasse);Körnergasse 14-16;2170;Poysdorf;AT;Niederösterreich;Weinviertel;+43 2552 29465;office@haimer.at;ÖWM-Betriebssuche
Haimer (Wilhelmsdorfer Strasse);Wilhelmsdorfer Strasse 38;2170;Poysdorf;AT;Niederösterreich;Weinviertel;+43 2552 2369;karl.haimer@aon.at;ÖWM-Betriebssuche
Haimer E & H;Brunngasse 42;2170;Poysdorf;AT;Niederösterreich;Weinviertel;+43 2552 2642;haimer@aon.at;ÖWM-Betriebssuche
Haimerl;Schlossstraße 60-62;3550;Gobelsburg;AT;Niederösterreich;Kamptal;+43 2734 2124;weingut@haimerl.at;ÖWM-Betriebssuche
Haindl-Erlacher;Johannesgasse 20;2120;Wolkersdorf im Weinviertel;AT;Niederösterreich;Weinviertel;+43 2245 2372;info@weingut-erlacher.at;ÖWM-Betriebssuche
Hainzl (Kleinwiesendorf);Kleinwiesendorf 9;3701;Großweikersdorf;AT;Niederösterreich;Wagram;+43 2955 70552;weinbau-hainzl@gmx.at;ÖWM-Betriebssuche
Hainzl (Landstrasse);Landstrasse 1;3711;Großmeiseldorf;AT;Niederösterreich;Weinviertel;+43 2956 2141;;ÖWM-Betriebssuche
Halbwidl;Großnondorf 138;2042;Guntersdorf;AT;Niederösterreich;Weinviertel;+43 2951 2591;;ÖWM-Betriebssuche
Haller;Laaerstraße 24;2111;Harmannsdorf;AT;Niederösterreich;Weinviertel;+43 2262 6212;;ÖWM-Betriebssuche
Halm;Hauptstrasse 156;3552;Droß;AT;Niederösterreich;Kremstal;+43 2719 8164;;ÖWM-Betriebssuche
Halzl;Blumenthal 48;2225;Blumenthal;AT;Niederösterreich;Weinviertel;+43 2532 88544;;ÖWM-Betriebssuche
Hamböck;Kellergasse 31;3500;Krems an der Donau;AT;Niederösterreich;Kremstal;+43 2732 84568;heuriger.hamboeck@gmail.com;ÖWM-Betriebssuche
Hametner;Grafenberg 4;3730;Eggenburg;AT;Niederösterreich;Weinviertel;+43 2984 4531;;ÖWM-Betriebssuche
Hammel;Kellergasse 11;3483;Feuersbrunn;AT;Niederösterreich;Wagram;+43 2738 3126;wein@hammel.at;ÖWM-Betriebssuche
Hammer (Kleinreinprechtsdorf);Kleinreinprechtsdorf 1;3730;Eggenburg;AT;Niederösterreich;Weinviertel;+43 2984 2131;office@winzerhof-hammer.at;ÖWM-Betriebssuche
Hammer (Unterort);Unterort 62;2130;Eibesthal;AT;Niederösterreich;Weinviertel;+43 2572 5460;philipp.karoshi@rwa.at;ÖWM-Betriebssuche
Hammerschmied;Hollenburg 42;3506;Krems an der Donau;AT;Niederösterreich;Kremstal;+43 2739 2282;;ÖWM-Betriebssuche
Hanauer Hof - Familie Strell;Ruppersthal 115;3701;Großweikersdorf;AT;Niederösterreich;Wagram;+43 660 5657799;weingut@hanauerhof.com;ÖWM-Betriebssuche
Handl;Frauendorf 25;3133;Traismauer;AT;Niederösterreich;Traisental;+43 2783 7162;;ÖWM-Betriebssuche
Hanke;Kleine Zeile 33;2171;Herrnbaumgarten;AT;Niederösterreich;Weinviertel;+43 664 1403363;info@weingut-hanke.at;ÖWM-Betriebssuche
Hanl;Josef-Leeb-Gasse 6;2344;Maria Enzersdorf;AT;Niederösterreich;Thermenregion;+43 2236 26933;;ÖWM-Betriebssuche
Hans;Obere Hauptstraße 86;2151;Asparn an der Zaya;AT;Niederösterreich;Weinviertel;;johann.hans@aon.at;ÖWM-Betriebssuche
Hansy;Schubertgasse 8;2242;Prottes;AT;Niederösterreich;Weinviertel;+43 2282 4556;;ÖWM-Betriebssuche
Happel;Hauptstraße 1;2482;Münchendorf;AT;Niederösterreich;Carnuntum;+43 2259 2218;;ÖWM-Betriebssuche
Harald Groll;Untere Strasse 39;3553;Schiltern;AT;Niederösterreich;Kamptal;+43 2734 8500;office@weinbau-groll.at;ÖWM-Betriebssuche
Haresleb Josef;Watzelsdorf 64;2051;Zellerndorf;AT;Niederösterreich;Weinviertel;+43 2945 2494;;ÖWM-Betriebssuche
Harm;Am Brunnen 14;3508;Krustetten;AT;Niederösterreich;Kremstal;+43 660 4755718;office@weinschwaermer.at;ÖWM-Betriebssuche
Harrer (Langenloiser Straße);Langenloiser Straße 19;3500;Krems an der Donau;AT;Niederösterreich;Kremstal;+43 2732 86019;;ÖWM-Betriebssuche
Harrer (Stadtgraben);Stadtgraben 41;3500;Krems an der Donau;AT;Niederösterreich;Kremstal;+43 2732 74525;;ÖWM-Betriebssuche
Harrer (Ziegelofengasse);Ziegelofengasse 12;3500;Krems an der Donau;AT;Niederösterreich;Kremstal;+43 2732 41438;;ÖWM-Betriebssuche
Harter;Untere Hauptstraße 8;3552;Stratzing;AT;Niederösterreich;Kremstal;+43 2719 2384;anton.harter@me.com;ÖWM-Betriebssuche
Hartl (Rohrbach);Kirchenplatz 1;3710;Rohrbach;AT;Niederösterreich;Weinviertel;+43 664 3208441;michael.hartl@artofwine.at;ÖWM-Betriebssuche
Hartl Heinrich III;Trumauerstrasse 24;2522;Oberwaltersdorf;AT;Niederösterreich;Thermenregion;+43 2253 6289;office@weingut-hartl.at;ÖWM-Betriebssuche (Update bestehender Leadlisten-Eintrag)
Hartl Toni;Florianigasse 7;2440;Reisenberg;AT;Niederösterreich;Carnuntum;+43 2234 806365;wine@toni-hartl.at;ÖWM-Betriebssuche
Hartmann;Am Anger 16;2214;Auersthal;AT;Niederösterreich;Weinviertel;+43 2288 6980;josef-hartmann@aon.at;ÖWM-Betriebssuche
Haselberger;Nappersdorf 38;2023;Wullersdorf;AT;Niederösterreich;Weinviertel;+43 2953 2245;info@weingut-haselberger.at;ÖWM-Betriebssuche
Hasenhündl;Am Teiritz 17;2100;Stetten;AT;Niederösterreich;Weinviertel;+43 664 8218965;martina.hasenhuendl@arztnoe.at;ÖWM-Betriebssuche
Hasenöhrl;Wienerstrasse 24;2352;Gumpoldskirchen;AT;Niederösterreich;Thermenregion;+43 2252 62457;weingut@hasenoehrl.biz;ÖWM-Betriebssuche
Haslinger (Dorfstraße);Dorfstraße 9;3131;Getzersdorf;AT;Niederösterreich;Traisental;+43 2782 84708;wein@winzerhof-haslinger.at;ÖWM-Betriebssuche
Haslinger (Hauptstrasse);Hauptstrasse 78;3492;Engabrunn;AT;Niederösterreich;Kamptal;+43 2735 2245;haslinger-weine@aon.at;ÖWM-Betriebssuche
Haslinger (Ruppersthal);Ruppersthal 36;3701;Großweikersdorf;AT;Niederösterreich;Wagram;+43 2955 70685;office@weingut-haslinger.at;ÖWM-Betriebssuche
Hatsy;Nappersdorf 16;2023;Wullersdorf;AT;Niederösterreich;Weinviertel;+43 2953 27052;;ÖWM-Betriebssuche
Hauck;Henzing 14;3443;Sieghartskirchen;AT;Niederösterreich;Wagram;+43 2274 2273;Buschenschank-hauck@gmx.at;ÖWM-Betriebssuche
Hauer;Höflein 66 und 71;2465;Höflein;AT;Niederösterreich;Carnuntum;+43 2162 62930;;ÖWM-Betriebssuche
Hauerhof Isabella Rohringer und Mathis Zycha;Hauptstrasse 99;3420;Kritzendorf;AT;Niederösterreich;Wagram;+43 699 17064849;info@hauerhof.at;ÖWM-Betriebssuche
Hauerinnung Mistelbach;Oberhoferstr. 48;2130;Mistelbach;AT;Niederösterreich;Weinviertel;+43 2572 5134;;ÖWM-Betriebssuche
Hauleitner Herwald;Geymüllergasse 3;3133;Wagram ob der Traisen;AT;Niederösterreich;Traisental;+43 676 9519813;traisental@weingut-hauleitner.at;ÖWM-Betriebssuche (Update bestehender Leadlisten-Eintrag)
Hausdorf;Hohenwarth 8;3472;Hohenwarth-Mühlbach a.M.;AT;Niederösterreich;Weinviertel;+43 2957 250;hausdorf@aon.at;ÖWM-Betriebssuche
Hauser;Brunngasse 38;2170;Poysdorf;AT;Niederösterreich;Weinviertel;+43 664 3358946;office@anno1555.com;ÖWM-Betriebssuche
Hausner;Margarethner Strasse 52;2431;Enzersdorf an der Fischa;AT;Niederösterreich;Carnuntum;+43 2230 9656;;ÖWM-Betriebssuche
Hebenstreit (Jetzelsdorf);Jetzelsdorf 2;2053;Pernersdorf;AT;Niederösterreich;Weinviertel;+43 2944 2407;weinbau.hebenstreit@aon.at;ÖWM-Betriebssuche
Hebenstreit (Zwingendorf);Zwingendorf 306;2063;Zwingendorf;AT;Niederösterreich;Weinviertel;+43 2527 4343;;ÖWM-Betriebssuche
Hebenstreit Manfred;Weinweg 10;2070;Kleinriedenthal;AT;Niederösterreich;Weinviertel;+43 676 6691100;office@weingut-hebenstreit.at;ÖWM-Betriebssuche
Hecher;Hauptstraße 37;2504;Sooß;AT;Niederösterreich;Thermenregion;+43 2252 87190;weinkeller@hecherwein.at;ÖWM-Betriebssuche
Heftner;Bodenzeile 23;2221;Groß-Schweinbarth;AT;Niederösterreich;Weinviertel;+43 676 3044573;wein@heftner.at;ÖWM-Betriebssuche
Heger (Brunngasse);Brunngasse 71;2170;Poysdorf;AT;Niederösterreich;Weinviertel;+43 664 73864656;simone.schuckert@aon.at;ÖWM-Betriebssuche
Heger (Wilhelmsdorferstrasse);Wilhelmsdorferstrasse 4;2170;Poysdorf;AT;Niederösterreich;Weinviertel;+43 676 6721151;office@heger-weingut.at;ÖWM-Betriebssuche
Heger Christine;Platt 157;2051;Zellerndorf;AT;Niederösterreich;Weinviertel;+43 2945 2521;;ÖWM-Betriebssuche
Heggenberger;Badenerstraße 6;2523;Tattendorf;AT;Niederösterreich;Thermenregion;+43 2253 81432;weingut@heggenberger.at;ÖWM-Betriebssuche
Heichinger;Zogelsdorf 24;3730;Eggenburg;AT;Niederösterreich;Weinviertel;+43 2984 4300;g.heichinger@gmx.at;ÖWM-Betriebssuche
Heiden-Mayer;Nr. 12;2020;Sonnberg;AT;Niederösterreich;Weinviertel;+43 664 73854264;heidenmayerbirgit@gmail.com;ÖWM-Betriebssuche
Heidenreich Weinstadl;Hauptstrasse 42;2102;Bisamberg;AT;Niederösterreich;Weinviertel;+43 2262 62701;;ÖWM-Betriebssuche
Heiderer;Obere Hauptstraße 38;3495;Rohrendorf bei Krems;AT;Niederösterreich;Kremstal;+43 664 2672395;office@heiderer-wein.at;ÖWM-Betriebssuche
Heiderer-Mayer;Baumgarten am Wagram 25;3701;Großweikersdorf;AT;Niederösterreich;Wagram;+43 2955 70368;office@heiderer-mayer.at;ÖWM-Betriebssuche
Heidinger;Milchhausstrasse 43;2223;Hohenruppersdorf;AT;Niederösterreich;Weinviertel;+43 2574 85217;weinbau-heidinger@aon.at;ÖWM-Betriebssuche
Heigl;Egelsee 14;3042;Würmla;AT;Niederösterreich;Wagram;+43 2275 8498;heurigenheigl@aon.at;ÖWM-Betriebssuche
Heilinger;Kirchfeldstrasse 55, Unternalb;2070;Retz;AT;Niederösterreich;Weinviertel;+43 676 5966393;e.heilinger@aon.at;ÖWM-Betriebssuche
Heimhilcher;Trumauerstraße 6;2522;Oberwaltersdorf;AT;Niederösterreich;Thermenregion;+43 2253 8274;;ÖWM-Betriebssuche
Heindl;Palterndorferstraße 397;2272;Ringelsdorf-Niederabsdorf;AT;Niederösterreich;Weinviertel;+43 664 73484105;office@weinbau-heindl.at;ÖWM-Betriebssuche
Heindl Bruno und Marion;Elsarn, Am Berg 45;3491;Straß im Straßertale;AT;Niederösterreich;Kamptal;+43 2735 79217;bruno.heindl@aon.at;ÖWM-Betriebssuche
Heindl Manfred;Herrengasse 10;3491;Straß im Straßertale;AT;Niederösterreich;Kamptal;+43 2735 2470;wbmh@aon.at;ÖWM-Betriebssuche
Heinisch;Im Wiesthal 1;2123;Wolfpassing a.d.Hochleithen;AT;Niederösterreich;Weinviertel;+43 2245 89107;info@weingut-heinisch.at;ÖWM-Betriebssuche
Heinrich;Kirchenstrasse 11;2161;Poysbrunn;AT;Niederösterreich;Weinviertel;+43 2554 8430;;ÖWM-Betriebssuche
Heinz Wolf;Neustiftgasse 25;2380;Perchtoldsdorf;AT;Niederösterreich;Thermenregion;+43 664 3140906;weinbau-wolf@aon.at;ÖWM-Betriebssuche
Heinzl;Langenloiser Strasse 77;3552;Lengenfeld;AT;Niederösterreich;Kremstal;+43 2719 2107;weinbau_heinzl@hotmail.com;ÖWM-Betriebssuche
Heinzl-Gettinger;Deinzendorf 109;2051;Zellerndorf;AT;Niederösterreich;Weinviertel;+43 680 3225733;office@weingut-heinzl.at;ÖWM-Betriebssuche
Heiss (Hauptstrasse);Hauptstrasse 45;3484;Seebarn am Wagram;AT;Niederösterreich;Wagram;+43 2738 2473;;ÖWM-Betriebssuche
Heiss (Im Usprung);Im Usprung 7;3470;Dörfl;AT;Niederösterreich;Wagram;+43 650 3066941;heuriger-heiss@aon.at;ÖWM-Betriebssuche
Heiss Christoph;Hauptstraße 60;3492;Engabrunn;AT;Niederösterreich;Kamptal;+43 2735 5872;office@weingut-heiss.at;ÖWM-Betriebssuche
Heiss Dieter;Dorfstrasse10;3483;Feuersbrunn;AT;Niederösterreich;Wagram;+43 664 2406701;office@weinundpasta.at;ÖWM-Betriebssuche
Heiß;Dorfstraße 2;3470;Engelmannsbrunn;AT;Niederösterreich;Wagram;+43 2279 3264;heiss3@gmx.at;ÖWM-Betriebssuche
Helden der Weinberge GesbR;Neuburgerweg 5;2352;Gumpoldskirchen;AT;Niederösterreich;Thermenregion;+43 699 12345661;wein@heldenwein.at;ÖWM-Betriebssuche
Helenental Kellerei B&S GmbH;Helenental 1;3743;Röschitz;AT;Niederösterreich;Weinviertel;+43 2984 2716;office@helenentalkellerei.at;ÖWM-Betriebssuche
Helfried Winkler;Radyweg;2170;Poysdorf;AT;Niederösterreich;Weinviertel;+43 664 2169856;office@hotel-winkler.at;ÖWM-Betriebssuche
Heller;Schrattenthal 124;2073;Schrattenthal;AT;Niederösterreich;Weinviertel;+43 2946 8447;gerhardheller@gmx.at;ÖWM-Betriebssuche
Hellerschmid;Hauptplatz 7;3462;Absdorf;AT;Niederösterreich;Wagram;+43 2278 2282;office@weinguthellerschmid.at;ÖWM-Betriebssuche
Hellmer;Obere Marktstraße 46;3481;Fels am Wagram;AT;Niederösterreich;Wagram;+43 2738 3149;office@winzer-hellmer.at;ÖWM-Betriebssuche
Helm;Hauptstraße 19;2225;Loidesthal;AT;Niederösterreich;Weinviertel;+43 664 4202567;office@weingaertnerei-helm.at;ÖWM-Betriebssuche
Helmut Hochmeister;Winzerstraße 54;2223;Martinsdorf;AT;Niederösterreich;Weinviertel;+43 699 11333233;david.hochmeister@hotmail.com;ÖWM-Betriebssuche
Helmut und Gabriele Lang;Hauptplatz 12;3481;Fels am Wagram;AT;Niederösterreich;Wagram;;office@weingut-huglang.at;ÖWM-Betriebssuche
Heltihof;Rehberger Hauptstrasse 50;3500;Krems an der Donau;AT;Niederösterreich;Kremstal;+43 676 5915663;faltl@heltihof.at;ÖWM-Betriebssuche
Heninger;Hollenburgerstraße 5;3508;Krustetten;AT;Niederösterreich;Kremstal;+43 676 5565180;office@heninger.at;ÖWM-Betriebssuche
Herl;Kirchengasse 16;2404;Petronell-Carnuntum;AT;Niederösterreich;Carnuntum;+43 2163 2929;andreas.herl@aon.at;ÖWM-Betriebssuche
Hermenegild Mang;Landstraße 38;3610;Weißenkirchen in der Wachau;AT;Niederösterreich;Wachau;+43 2715 2276;astrid.mang@gmx.at;ÖWM-Betriebssuche
Herndler;Karglstraße 1;3553;Schiltern;AT;Niederösterreich;Kamptal;+43 2734 8283;info@weingut-herndler.at;ÖWM-Betriebssuche
Herndler Thomas;Karglstrasse 1;3553;Schiltern;AT;Niederösterreich;Kamptal;+43 2734 8283;info@weingut-herndler.at;ÖWM-Betriebssuche
Hertold (Kirchstetten);Kirchstetten, Mühlweg 3;2135;Neudorf im Weinviertel;AT;Niederösterreich;Weinviertel;+43 680 1164987;florian.boeck@gmx.at;ÖWM-Betriebssuche
Hertold (Nr.);Nr. 46;2163;Ottenthal;AT;Niederösterreich;Weinviertel;+43 2523 8807;lr.hertold@gmx.at;ÖWM-Betriebssuche
Herz (Am Berg);Am Berg 109;3491;Elsarn im Straßertal;AT;Niederösterreich;Kamptal;+43 2735 79450;office@weingut-herz.at;ÖWM-Betriebssuche
Herz (Baumgarten);Baumgarten 14;3701;Baumgarten am Wagram;AT;Niederösterreich;Wagram;+43 2955 7484;;ÖWM-Betriebssuche
Herzinger;Oberer Markt 16;3134;Nußdorf ob der Traisen;AT;Niederösterreich;Traisental;+43 2783 8648;weingut@herzinger.at;ÖWM-Betriebssuche
Herzog (Brunngasse);Brunngasse 43;2540;Bad Vöslau;AT;Niederösterreich;Thermenregion;+43 2252 75717;wein@weingut-herzog.at;ÖWM-Betriebssuche (Update bestehender Leadlisten-Eintrag)
Herzog (Waldgasse);Waldgasse 7;2540;Bad Vöslau;AT;Niederösterreich;Thermenregion;+43 2252 75882;waldheurigerherzog@gmx.at;ÖWM-Betriebssuche
Herzog-Fürlinger;Vöslauer Straße 10;2540;Bad Vöslau;AT;Niederösterreich;Thermenregion;+43 2252 71088;;ÖWM-Betriebssuche
Hess (Milchhausstraße);Milchhausstraße 35;2223;Hohenruppersdorf;AT;Niederösterreich;Weinviertel;+43 699 12127966;weinbauernhof-hess@aon.at;ÖWM-Betriebssuche
Hess (Untere Hauptstraße);Untere Hauptstraße 16;2223;Hohenruppersdorf;AT;Niederösterreich;Weinviertel;+43 664 2421656;wein@weinguthess.at;ÖWM-Betriebssuche
Heurigenhof Wildpert;Engabrunner Straße 5;3492;Engabrunn;AT;Niederösterreich;Kamptal;+43 2735 2050;elisabeth.wildpert@gmx.at;ÖWM-Betriebssuche
Heurigenrestaurant Schreiberhaus;Stratzinger Strasse 1;3500;Krems an der Donau;AT;Niederösterreich;Kremstal;+43 2732 71821;;ÖWM-Betriebssuche
Heymann;Dörfles 17a;2253;Weikendorf;AT;Niederösterreich;Weinviertel;+43 2282 8365;marianne.heymann@yahoo.de;ÖWM-Betriebssuche
Hick (Mitterarnsdorf);Mitterarnsdorf 61;3621;Rossatz-Arnsdorf;AT;Niederösterreich;Wachau;+43 2714 8491;jotanios@hotmail.com;ÖWM-Betriebssuche
Hick (Ober-Arnsdorf);Ober-Arnsdorf 82;3621;Rossatz-Arnsdorf;AT;Niederösterreich;Wachau;+43 2714 8227;office@weingut-hick.at;ÖWM-Betriebssuche
Hick (Oberarnsdorf);Oberarnsdorf 58;3621;Rossatz-Arnsdorf;AT;Niederösterreich;Wachau;+43 2714 8214;info@hick.at;ÖWM-Betriebssuche
Hiedler;Am Rosenhügel 13;3550;Langenlois;AT;Niederösterreich;Kamptal;+43 2734 2468;office@hiedler.at;ÖWM-Betriebssuche (Update bestehender Leadlisten-Eintrag)
Hiermann;Schlossstrasse 12;2453;Sommerein;AT;Niederösterreich;Carnuntum;+43 2168 62661;;ÖWM-Betriebssuche
Hietz;Wienerherbergerstrasse 54;2435;Wienerherberg;AT;Niederösterreich;Carnuntum;+43 2230 2810;anton@hietz.at;ÖWM-Betriebssuche
Hillebrand;Langegasse 1;2404;Petronell-Carnuntum;AT;Niederösterreich;Carnuntum;+43 2163 2000;karl.hillebrand@gmx.at;ÖWM-Betriebssuche
Hilscher;Landstraße;3462;Bierbaum am Kleebühel;AT;Niederösterreich;Wagram;+43 2278 2539;peter@hilscher.at;ÖWM-Betriebssuche
Himmelbauer;Untermarkersdorf 56;2061;Untermarkersdorf;AT;Niederösterreich;Weinviertel;+43 2943 2350;office@weingut-himmelbauer.at;ÖWM-Betriebssuche
Hindinger;Kiblitz 19;3710;Kiblitz;AT;Niederösterreich;Weinviertel;+43 699 17030745;;ÖWM-Betriebssuche
Hindler;Schrattenthal 13;2073;Schrattenthal;AT;Niederösterreich;Weinviertel;+43 664 5000727;info@weingut-hindler.at;ÖWM-Betriebssuche
Hinteregger;Im Winkerl 9;3714;Sitzendorf an der Schmida;AT;Niederösterreich;Weinviertel;+43 664 5126888;patriciahinteregger@gmx.at;ÖWM-Betriebssuche
Hinterholzer;Oberloiben 1;3601;Dürnstein;AT;Niederösterreich;Wachau;+43 2732 50834;;ÖWM-Betriebssuche
Hintermayer;Hornerstrasse 3;3701;Großweikersdorf;AT;Niederösterreich;Wagram;+43 2955 70238;hintermayer.weine@aon.at;ÖWM-Betriebssuche
Hipfinger;Poysdorferstrasse 35;2143;Großkrut;AT;Niederösterreich;Weinviertel;+43 2556 6110;georghipfinger@gmx.at;ÖWM-Betriebssuche
Hirsch (Hauptstraße);Hauptstraße 76;3493;Hadersdorf-Kammern;AT;Niederösterreich;Kamptal;+43 2735 2460;info@weingut-hirsch.at;ÖWM-Betriebssuche (Update bestehender Leadlisten-Eintrag)
Hirsch (Zwettler Strasse);Zwettler Strasse 7;3550;Langenlois;AT;Niederösterreich;Kamptal;+43 2734 32207;;ÖWM-Betriebssuche
Hirsch Reinhard;Watzelsdorf 78;2051;Zellerndorf;AT;Niederösterreich;Weinviertel;+43 660 1223576;office@weinhirsch.at;ÖWM-Betriebssuche
Hirschbüchler;Hauptstraße 84;2120;Obersdorf;AT;Niederösterreich;Weinviertel;+43 699 11701579;weingut@hirschbuechler.at;ÖWM-Betriebssuche
Hirschbüchler Matthaeus;Hauptstraße 93;2120;Obersdorf;AT;Niederösterreich;Weinviertel;+43 676 4279333;matthaeus.hirschbuechler@hotmail.com;ÖWM-Betriebssuche
Hirschmann (Höflein);Höflein 92;2465;Höflein;AT;Niederösterreich;Carnuntum;+43 2162 62319;;ÖWM-Betriebssuche
Hirschmann (Vohburgerstrasse);Vohburgerstrasse 42;2465;Höflein;AT;Niederösterreich;Carnuntum;+43 2162 69164;info@weingut-hirschmann.at;ÖWM-Betriebssuche
Hirschvogl (Fasangasse);Fasangasse 7;2212;Großengersdorf;AT;Niederösterreich;Weinviertel;+43 650 4007980;christian.hirschvogl@aon.at;ÖWM-Betriebssuche
Hirschvogl (Hauptstraße);Hauptstraße 115;2212;Großengersdorf;AT;Niederösterreich;Weinviertel;+43 676 3405098;office@weingut-hirschvogl.at;ÖWM-Betriebssuche
Hirtl;Brunngasse 72;2170;Poysdorf;AT;Niederösterreich;Weinviertel;+43 699 14000611;office@weingut-hirtl.at;ÖWM-Betriebssuche
Hirtzberger (Kremser Strasse);Kremser Strasse 8;3620;Spitz;AT;Niederösterreich;Wachau;+43 2713 22090;weingut@hirtzberger.com;ÖWM-Betriebssuche (Update bestehender Leadlisten-Eintrag)
Hirtzberger (Nr.);Nr. 10;3610;Wösendorf in der Wachau;AT;Niederösterreich;Wachau;+43 2715 2810;;ÖWM-Betriebssuche
Hirtzberger Mathias Weinhofmeisterei;Haupstraße 142;3610;Wösendorf in der Wachau;AT;Niederösterreich;Wachau;+43 2715 22955;buero@weinhofmeisterei.at;ÖWM-Betriebssuche (Update bestehender Leadlisten-Eintrag)
HM Lang;Steinspreng 6;3500;Stein an der Donau;AT;Niederösterreich;Kremstal;+43 650 8020187;office@hmlang.at;ÖWM-Betriebssuche
Hoch (Donauuferstraße);Donauuferstraße 19;3506;Krems an der Donau;AT;Niederösterreich;Kremstal;+43 664 2245367;office@winzerhof-hoch.at;ÖWM-Betriebssuche
Hoch (Untere Hauptstraße);Untere Hauptstraße 7;3506;Krems an der Donau;AT;Niederösterreich;Kremstal;+43 664 1414506;office@weinhof-hoch.at;ÖWM-Betriebssuche
Hochleitner (Hauptstraße);Hauptstraße 58;3506;Krems an der Donau;AT;Niederösterreich;Kremstal;+43 2739 2585;;ÖWM-Betriebssuche
Hochleitner (Untere Hauptstr.);Untere Hauptstr. 13;3506;Krems an der Donau;AT;Niederösterreich;Kremstal;+43 2739 2652;helmut.hochleitner@aon.at;ÖWM-Betriebssuche
Hochmeister;Sommerzeile 46;2222;Kollnbrunn;AT;Niederösterreich;Weinviertel;+43 2574 2503;weinbau.hochmeister@gmx.at;ÖWM-Betriebssuche
Hochmeister Michael;Spitalgasse 81;2212;Großengersdorf;AT;Niederösterreich;Weinviertel;+43 677 62699149;office@weingut-hochmeister.at;ÖWM-Betriebssuche
Hochwimmer;Lange Zeile 43;3743;Röschitz;AT;Niederösterreich;Weinviertel;+43 664 1226848;office@hochwimmerwein.at;ÖWM-Betriebssuche
Hofbauer (Mittelberg);Mittelberg 14;3550;Langenlois;AT;Niederösterreich;Kamptal;+43 664 4139550;hofbauer.weine@gmail.com;ÖWM-Betriebssuche
Hofbauer (Tiefenthal);Tiefenthal 11;3701;Tiefenthal;AT;Niederösterreich;Wagram;+43 2955 70511;;ÖWM-Betriebssuche
Hofbauer Ludwig;Hauptstraße 1;2074;Unterretzbach;AT;Niederösterreich;Weinviertel;+43 664 4245052;office@weingut-hofbauer.at;ÖWM-Betriebssuche
Hofbauer-Schmidt;Hauptstraße 54;3472;Hohenwarth-Mühlbach a.M.;AT;Niederösterreich;Weinviertel;+43 2957 221;weingut@hofbauer-schmidt.at;ÖWM-Betriebssuche (Update bestehender Leadlisten-Eintrag)
Hofer (Preussengasse);Preussengasse 37;2214;Auersthal;AT;Niederösterreich;Weinviertel;+43 2288 2447;;ÖWM-Betriebssuche
Hofer (Schulring);Schulring 10;2214;Auersthal;AT;Niederösterreich;Weinviertel;+43 2288 2302;r_a_hofer@hotmail.com;ÖWM-Betriebssuche
Hofer Hannes;Neustiftgasse 4;2352;Gumpoldskirchen;AT;Niederösterreich;Thermenregion;+43 664 5748851;office@weingut-hofer.at;ÖWM-Betriebssuche
Hofer Johannes;Neubaugasse 15;2214;Auersthal;AT;Niederösterreich;Weinviertel;+43 699 10238957;cat-wine@outlook.com;ÖWM-Betriebssuche
Hofer Robert;Im Oberort 8;2151;Michelstetten;AT;Niederösterreich;Weinviertel;+43 2525 235;;ÖWM-Betriebssuche
Hoferei am Berg;Rehgraben 2;2103;Langenzersdorf;AT;Niederösterreich;Weinviertel;+43 664 1216440;stefan@hoferei.at;ÖWM-Betriebssuche
Hoffmann;Fahnbach 3;3561;Langenlois;AT;Niederösterreich;Kamptal;+43 2734 2811;;ÖWM-Betriebssuche
Hofko;Roseldorferstraße 9;3743;Röschitz;AT;Niederösterreich;Weinviertel;+43 664 1384885;hofko@aon.at;ÖWM-Betriebssuche
Hofmann (Badnerstrasse);Badnerstrasse 30;2511;Pfaffstätten;AT;Niederösterreich;Thermenregion;+43 2252 45869;;ÖWM-Betriebssuche
Hofmann (Gross Inzersdorf);Gross Inzersdorf 65;2225;Zistersdorf;AT;Niederösterreich;Weinviertel;+43 2532 81592;franz-hofmann@gmx.at;ÖWM-Betriebssuche
Hofmann (Hauptstraße);Hauptstraße 95;2053;Pernersdorf;AT;Niederösterreich;Weinviertel;+43 2944 8573;;ÖWM-Betriebssuche
Hofmann (Kirchengasse);Kirchengasse 5;3483;Feuersbrunn;AT;Niederösterreich;Wagram;+43 664 3041128;office@weinbau-hofmann.at;ÖWM-Betriebssuche
Hofmann (Sparkassegasse);Sparkassegasse 26;2020;Hollabrunn;AT;Niederösterreich;Weinviertel;+43 2952 2163;;ÖWM-Betriebssuche
Hofmann Rudolf;Oberndorferstraße 41;3133;Traismauer;AT;Niederösterreich;Traisental;+43 676 3133566;office@weingut-hofmann.at;ÖWM-Betriebssuche (Update bestehender Leadlisten-Eintrag)
Hofmannrichter;Brunngasse 65;2540;Bad Vöslau;AT;Niederösterreich;Thermenregion;+43 2252 76386;;ÖWM-Betriebssuche
Hofmeister;Obere Hauptstraße 14;2222;Bad Pirawarth;AT;Niederösterreich;Weinviertel;+43 664 4369688;hofmeister@taonet.at;ÖWM-Betriebssuche
Hofschneider (Dorfstraße);Dorfstraße 4;2464;Göttlesbrunn-Arbesthal;AT;Niederösterreich;Carnuntum;+43 2162 8479;office@hofschneider.at;ÖWM-Betriebssuche
Hofschneider (Hauptstraße);Hauptstraße 32;2452;Mannersdorf a.Leithagebirge;AT;Niederösterreich;Carnuntum;+43 2168 62560;office@hofschneider.at;ÖWM-Betriebssuche
Hofstetter (Bahnstraße);Bahnstraße 33;3481;Fels am Wagram;AT;Niederösterreich;Wagram;+43 2738 3151;w.hofstetter@aon.at;ÖWM-Betriebssuche
Hofstetter (Gross Inzersdorf);Gross Inzersdorf 153;2225;Zistersdorf;AT;Niederösterreich;Weinviertel;+43 2532 89534;;ÖWM-Betriebssuche
Hofstädter (Gumpoldskirchnerstrasse);Gumpoldskirchnerstrasse;2353;Guntramsdorf;AT;Niederösterreich;Thermenregion;+43 2236 53288;;ÖWM-Betriebssuche
Hofstädter (Kirchenplatz);Kirchenplatz 2;2353;Guntramsdorf;AT;Niederösterreich;Thermenregion;+43 2236 52350;;ÖWM-Betriebssuche
Hofstätter;Quitten 2;3620;Spitz;AT;Niederösterreich;Wachau;+43 664 5260674;office@weingut-hofstaetter.at;ÖWM-Betriebssuche
Hofstötter (Unterdürnbach 15);Unterdürnbach 15;3721;Maissau;AT;Niederösterreich;Weinviertel;+43 2958 88228;wein.hofstoetter@a1business.at;ÖWM-Betriebssuche
Hofstötter (Unterdürnbach 50);Unterdürnbach 50;3721;Maissau;AT;Niederösterreich;Weinviertel;+43 2958 88361;hofstoetter.weine@aon.at;ÖWM-Betriebssuche
Hogl;Hauptplatz 6;3712;Maissau;AT;Niederösterreich;Weinviertel;+43 2958 82590;;ÖWM-Betriebssuche
Holledauer;Hauptstrasse 29;2102;Hagenbrunn;AT;Niederösterreich;Weinviertel;+43 2262 672779;weingut@holledauer.at;ÖWM-Betriebssuche
Holub;Mailberg 120;2024;Mailberg;AT;Niederösterreich;Weinviertel;+43 2943 2372;;ÖWM-Betriebssuche
Holzapfel;Prandtauerplatz 36;3610;Weißenkirchen in der Wachau;AT;Niederösterreich;Wachau;+43 2715 2310;weingut@holzapfel.at;ÖWM-Betriebssuche
Holzbauer;Hauptstraße 45;2123;Kronberg;AT;Niederösterreich;Weinviertel;+43 2245 4312;weinbau.holzbauer@aon.at;ÖWM-Betriebssuche
Holzer (Diepolz);Diepolz 23;2034;Großharras;AT;Niederösterreich;Weinviertel;+43 664 2604664;holzer@helmut-weingut.at;ÖWM-Betriebssuche
Holzer (Hauptstrasse);Hauptstrasse 69;3471;Großriedenthal;AT;Niederösterreich;Wagram;+43 2279 7239;weingut-holzer@aon.at;ÖWM-Betriebssuche
Holzer (Kirchenstraße);Kirchenstraße 25;3442;Langenrohr;AT;Niederösterreich;Wagram;+43 699 11457249;office@weinbau-holzer.at;ÖWM-Betriebssuche
Holzer (Neusiedler Str.);Neusiedler Str. 54;3134;Nußdorf ob der Traisen;AT;Niederösterreich;Traisental;+43 664 9200308;wein@weingutholzer.at;ÖWM-Betriebssuche
Holzer (Wolkersdorferstraße);Wolkersdorferstraße 61;2211;Pillichsdorf;AT;Niederösterreich;Weinviertel;+43 2245 2286;info@biowein-holzer.at;ÖWM-Betriebssuche
Holzer (Zwettler Straße);Zwettler Straße 131;3550;Langenlois;AT;Niederösterreich;Kamptal;+43 2734 2888;office@bholzer.at;ÖWM-Betriebssuche
Holzer Bernhard;Ried Saubergen 10;2100;Leobendorf;AT;Niederösterreich;Weinviertel;+43 699 12162860;bernhard@holzer-wein.at;ÖWM-Betriebssuche
Holzer Johannes;Am Anger 8;3492;Engabrunn;AT;Niederösterreich;Kamptal;+43 664 3701853;holzerwein@aon.at;ÖWM-Betriebssuche
Holzer Marianne;Triftgasse 28;2111;Harmannsdorf;AT;Niederösterreich;Weinviertel;+43 664 73567195;marianneholzer@gmx.at;ÖWM-Betriebssuche
Holzgruber;Ortsstraße 76;2362;Biedermannsdorf;AT;Niederösterreich;Thermenregion;;s.holzgruber@gmx.at;ÖWM-Betriebssuche
Holzhauser (Gross Inzersdorf);Gross Inzersdorf 134;2225;Zistersdorf;AT;Niederösterreich;Weinviertel;+43 2532 89573;holzhauser@live.at;ÖWM-Betriebssuche
Holzhauser (Hauptstrasse);Hauptstrasse 9;2225;Zistersdorf;AT;Niederösterreich;Weinviertel;+43 2532 2543;;ÖWM-Betriebssuche
Holzheu - Familie Heigl;Hollenburgerstraße 28;3508;Krustetten;AT;Niederösterreich;Kremstal;+43 2739 2115;info@winzerhofholzheu.at;ÖWM-Betriebssuche
Holzinger;Obere Marktstraße 52;3481;Fels am Wagram;AT;Niederösterreich;Wagram;+43 2738 8444;;ÖWM-Betriebssuche
Holzmann;Obere Hauptstrasse 5;2222;Bad Pirawarth;AT;Niederösterreich;Weinviertel;+43 664 1383997;office@weingutholzmann.at;ÖWM-Betriebssuche
Holzreiter;Rohrteichweg 1;3704;Großwetzdorf;AT;Niederösterreich;Weinviertel;+43 664 1183707;office@holzreiter.co.at;ÖWM-Betriebssuche
Holzschuh Johann und Martha;Platt 190;2051;Zellerndorf;AT;Niederösterreich;Weinviertel;+43 650 2361666;wein@biohof-holzschuh.at;ÖWM-Betriebssuche
Honsig;Platt 15;2051;Platt;AT;Niederösterreich;Weinviertel;+43 2945 27654;weingut.honsig@aon.at;ÖWM-Betriebssuche
Honsig Anton;Retzer Weg 23;3741;Pulkau;AT;Niederösterreich;Weinviertel;+43 2946 2515;toni.honsig@weinideen.at;ÖWM-Betriebssuche
Hoschek;Untergrub 25;2013;Göllersdorf;AT;Niederösterreich;Weinviertel;+43 2954 2516;;ÖWM-Betriebssuche
Huber (Gösting);Gösting 32;2225;Gösting;AT;Niederösterreich;Weinviertel;+43 2532 87412;;ÖWM-Betriebssuche
Huber (Hauptstrasse);Hauptstrasse 20;2263;Waidendorf;AT;Niederösterreich;Weinviertel;+43 2538 8884;;ÖWM-Betriebssuche
Huber (Lundenburgerstr.);Lundenburgerstr. 23;2143;Großkrut;AT;Niederösterreich;Weinviertel;+43 699 12247815;info@weinbau-huber.at;ÖWM-Betriebssuche
Huber (Ringgasse);Ringgasse 263;2184;Hauskirchen;AT;Niederösterreich;Weinviertel;+43 2533 81576;;ÖWM-Betriebssuche
Huber (Rochusgasse);Rochusgasse 10;2222;Kollnbrunn;AT;Niederösterreich;Weinviertel;+43 2574 2651;;ÖWM-Betriebssuche
Huber (Wachaustrasse);Wachaustrasse 43;3133;Traismauer;AT;Niederösterreich;Traisental;+43 2783 8481;;ÖWM-Betriebssuche
Huber (Winterzeile);Winterzeile 80;2245;Velm-Götzendorf;AT;Niederösterreich;Weinviertel;+43 676 3471191;info@weinbau-huber.com;ÖWM-Betriebssuche
Huber (Zellerndorf);Zellerndorf 19;2051;Zellerndorf;AT;Niederösterreich;Weinviertel;+43 2945 2206;huber.werner@gmx.at;ÖWM-Betriebssuche
Huber Armin;Marktplatz 16;3491;Straß im Straßertale;AT;Niederösterreich;Kamptal;+43 2735 2303;info@huberwein.at;ÖWM-Betriebssuche
Huber Klaus;Umfahrungsstraße 326;2184;Hauskirchen;AT;Niederösterreich;Weinviertel;+43 699 11809581;klaushuber@aon.at;ÖWM-Betriebssuche
Huber Markus (Weinriedenweg);Weinriedenweg 13;3134;Reichersdorf;AT;Niederösterreich;Traisental;+43 2783 82999;office@weingut-huber.at;ÖWM-Betriebssuche (Update bestehender Leadlisten-Eintrag)
Huber Markus (Weinstraße);Weinstraße 17;3562;Schönberg am Kamp;AT;Niederösterreich;Kamptal;+43 664 4732446;huber-wein@a1.net;ÖWM-Betriebssuche
Huber-Spitzer;Untere Ortsstraße 9;2442;Ebreichsdorf;AT;Niederösterreich;Carnuntum;;weingut@huber-spitzer.at;ÖWM-Betriebssuche
Hubmaier;Mitterarnsdorf 10;3621;Rossatz- Arnsdorf;AT;Niederösterreich;Wachau;+43 2714 8236;;ÖWM-Betriebssuche
Hugl;Herrenzeile 3;2192;Kettlasbrunn;AT;Niederösterreich;Weinviertel;+43 2573 2086;hugl_wein@hotmail.com;ÖWM-Betriebssuche
Hugl Christina Sekt & Pet Nat;Gartenzeile 1;3550;Langenlois;AT;Niederösterreich;Kamptal;+43 650 7427151;info@christinahugl.at;ÖWM-Betriebssuche
Hugl-Wimmer;Auf der Schanz 28;2170;Poysdorf;AT;Niederösterreich;Weinviertel;+43 2552 20369;office@huglwimmer.at;ÖWM-Betriebssuche
Hula;Halterbachgasse 4;3434;Tulbing;AT;Niederösterreich;Wagram;+43 2273 2476;;ÖWM-Betriebssuche
HuM Hofer Ottendorfer;Neubaugasse 66;2214;Auersthal;AT;Niederösterreich;Weinviertel;+43 2288 6561;office@weinguthofer.com;ÖWM-Betriebssuche (Update bestehender Leadlisten-Eintrag)
Humer (Kremser Straße);Kremser Straße 10;3712;Maissau;AT;Niederösterreich;Weinviertel;+43 2958 82611;office@humerwein.at;ÖWM-Betriebssuche
Humer (Untere Ortsstrasse);Untere Ortsstrasse 11;3484;Jettsdorf;AT;Niederösterreich;Wagram;+43 2738 8794;office@winzerhofhumer.at;ÖWM-Betriebssuche
Humer Andreas;Hauptstraße 22 und67;3473;Hohenwarth-Mühlbach a.M.;AT;Niederösterreich;Weinviertel;+43 2957 328;office@weingut-humer.at;ÖWM-Betriebssuche
Hummel;Neudegg 4;3471;Großriedenthal;AT;Niederösterreich;Wagram;+43 2279 7641;office@weingut-hummel.at;ÖWM-Betriebssuche
Hummel - Weingut Hummel Weinviertel;Am Bach 9;3714;Niederschleinz;AT;Niederösterreich;Weinviertel;+43 676 7583931;wein@hummel-weinviertel.at;ÖWM-Betriebssuche
Hummel – Bioweingut Josef Hummel;Neudegg 10;3471;Großriedenthal;AT;Niederösterreich;Wagram;+43 2279 7636;weingut@josefhummel.at;ÖWM-Betriebssuche
Hummelberger;Kunigundbergstraße 8;2380;Perchtoldsdorf;AT;Niederösterreich;Thermenregion;+43 1 8659961;;ÖWM-Betriebssuche
Humpel;Waldstr. 16;2070;Mitterretzbach;AT;Niederösterreich;Weinviertel;+43 2942 2734;;ÖWM-Betriebssuche
Husar;Hauptstraße 132;2504;Sooß;AT;Niederösterreich;Thermenregion;+43 676 4312144;c.husar@kabsi.at;ÖWM-Betriebssuche
Huth;Hauptstrasse 180;3552;Droß;AT;Niederösterreich;Kremstal;+43 2719 8273;weinbau.huth@gmail.com;ÖWM-Betriebssuche
Hutter;Lichteneckergasse 15;2511;Pfaffstätten;AT;Niederösterreich;Thermenregion;+43 2252 88582;;ÖWM-Betriebssuche
Hutter Silberbichlerhof;St. Pöltnerstrasse 385;3512;Mautern an der Donau;AT;Niederösterreich;Wachau;+43 664 73625932;info@hutter-wachau.at;ÖWM-Betriebssuche
Hutterer;Obere Hauptstrasse 19;2472;Prellenkirchen;AT;Niederösterreich;Carnuntum;+43 699 17476807;hutterer.daniela@hotmail.com;ÖWM-Betriebssuche
Hutzler;Ottenthal 37;3470;Kirchberg am Wagram;AT;Niederösterreich;Wagram;+43 2279 2379;;ÖWM-Betriebssuche
Häusler;Hasendorf 1;3454;Sitzenberg-Reidling;AT;Niederösterreich;Wagram;+43 2276 6747;weinbau-haeusler@aon.at;ÖWM-Betriebssuche
Höbartner;Gaindorf 18;3720;Gaindorf;AT;Niederösterreich;Weinviertel;+43 2958 82254;;ÖWM-Betriebssuche
Höcher;Hauptstraße 155;2214;Auersthal;AT;Niederösterreich;Weinviertel;+43 2288 6710;wein@hoecher.at;ÖWM-Betriebssuche
Höfinger Johanna;Weinstrasse 11;3550;Gobelsburg;AT;Niederösterreich;Kamptal;+43 2734 2356;weingut.hoefinger@aon.at;ÖWM-Betriebssuche
Högl GesbR Josef und Georg;Viessling 31;3620;Spitz;AT;Niederösterreich;Wachau;+43 2713 8458;office@weingut-hoegl.at;ÖWM-Betriebssuche (Update bestehender Leadlisten-Eintrag)
Höhere Bundeslehranstalt für Wein- und Obstbau;Wienerstrasse 74;3400;Klosterneuburg;AT;Niederösterreich;Wagram;+43 2243 37910;direktion@weinobst.at;ÖWM-Betriebssuche
Hölbinger;Oberstinkenbrunn 17;2023;Wullersdorf;AT;Niederösterreich;Weinviertel;+43 2953 2333;;ÖWM-Betriebssuche
Höllerer;Schönbergneustift 11;3562;Schönberg;AT;Niederösterreich;Kamptal;;charly2@gmx.at;ÖWM-Betriebssuche
Höllerer Alois;Weinbergstrasse 3-5;3492;Engabrunn;AT;Niederösterreich;Kamptal;+43 2735 2424;mail@weingut-hoellerer.at;ÖWM-Betriebssuche
Höllerer Stefan;Hauptstraße 5;3482;Stettenhof;AT;Niederösterreich;Wagram;+43 664 9299169;stefan@hoellerer-weine.at;ÖWM-Betriebssuche
Höllinger;Hornerstrasse 27;3712;Maissau;AT;Niederösterreich;Weinviertel;+43 2958 82259;;ÖWM-Betriebssuche
Höllmüller (Rote Torgasse);Rote Torgasse 1;3620;Spitz;AT;Niederösterreich;Wachau;+43 2713 2946;weingut@flott-spitz.at;ÖWM-Betriebssuche
Höllmüller (Weinbergstraße);Weinbergstraße 46, Joching;3610;Weißenkirchen in der Wachau;AT;Niederösterreich;Wachau;+43 664 4337492;office@weingut-hoellmueller.at;ÖWM-Betriebssuche
Hörker;Mittergrabern 37;2020;Schöngrabern;AT;Niederösterreich;Weinviertel;+43 2951 3368;office@hoerker.at;ÖWM-Betriebssuche
Hörker Alois;Obergrabern 7;2020;Schöngrabern;AT;Niederösterreich;Weinviertel;+43 2959 2287;alois@hoerkerhof.at;ÖWM-Betriebssuche
Hörmann (Brunngartl);Brunngartl 3;2130;Eibesthal;AT;Niederösterreich;Weinviertel;+43 2572 5544;;ÖWM-Betriebssuche
Hörmann (Weinstrasse);Weinstrasse 41;3550;Langenlois;AT;Niederösterreich;Kamptal;+43 2734 4679;;ÖWM-Betriebssuche
Hörth Christoph;Ob. Hauptstr. 75;3495;Rohrendorf bei Krems;AT;Niederösterreich;Kremstal;+43 664 6157160;weinbau.hoerth@aon.at;ÖWM-Betriebssuche
Hösch (Denkmalgasse);Denkmalgasse 24;2172;Schrattenberg;AT;Niederösterreich;Weinviertel;+43 2555 2695;hoesch.leopold@aon.at;ÖWM-Betriebssuche
Hösch (Wiener Straße);Wiener Straße 3;2211;Pillichsdorf;AT;Niederösterreich;Weinviertel;+43 2245 6826;biohof.hoesch@gmx.at;ÖWM-Betriebssuche
Hötzer;Winzerstraße 10;3714;Roseldorf;AT;Niederösterreich;Weinviertel;+43 676 7771270;info@hoetzer.at;ÖWM-Betriebssuche
Hühnel;Neustiftgasse 15;2352;Gumpoldskirchen;AT;Niederösterreich;Thermenregion;+43 2252 62073;info@weingut-huehnel.com;ÖWM-Betriebssuche
Ilkerl Luf;Rehberger Hauptstrasse 57;3500;Krems an der Donau;AT;Niederösterreich;Kremstal;+43 664 2531168;wein@ilkerl-luf.at;ÖWM-Betriebssuche
In der Mühle - Josef Dachauer;Mühlgasse 8;2523;Tattendorf;AT;Niederösterreich;Thermenregion;+43 2253 81081;muehle@tattendorf.at;ÖWM-Betriebssuche
Ingrid Groiss;Tullner Straße 472;2014;Breitenwaida;AT;Niederösterreich;Weinviertel;+43 676 3927703;info@ingrid-groiss.at;ÖWM-Betriebssuche (Update bestehender Leadlisten-Eintrag)
Ipsmiller;Hauptstrasse 9;2172;Schrattenberg;AT;Niederösterreich;Weinviertel;+43 676 7487566;office@ipsmiller.at;ÖWM-Betriebssuche
J. A. Kickinger;Badgasse 21;3562;Schönberg;AT;Niederösterreich;Kamptal;;k.kickinger@a1.net;ÖWM-Betriebssuche
J.A.Schachenhuber;Wiener Straße 12;3702;Rußbach;AT;Niederösterreich;Weinviertel;+43 2955 70408;office@jaswines.com;ÖWM-Betriebssuche
Jagisch;Kleinreinprechtsdorf 27;3730;Eggenburg;AT;Niederösterreich;Weinviertel;+43 2984 2649;m.jagisch@gmx.at;ÖWM-Betriebssuche
Jahner;Feldgasse 35;2403;Wildungsmauer;AT;Niederösterreich;Carnuntum;+43 664 1803920;weingut@jahner.at;ÖWM-Betriebssuche
Jakob;Mauternbach 25;3512;Mautern an der Donau;AT;Niederösterreich;Wachau;+43 676 9516425;office@jakob.wine;ÖWM-Betriebssuche
Jamek;Josef-Jamek-Strasse 45;3610;Weißenkirchen in der Wachau;AT;Niederösterreich;Wachau;+43 2715 2235;info@weingut-jamek.at;ÖWM-Betriebssuche (Update bestehender Leadlisten-Eintrag)
Jamek Erwin und Anna Maria;Josef Jamek Straße 33;3610;Joching;AT;Niederösterreich;Wachau;+43 2715 2596;office@weingaestehaus-jamek.at;ÖWM-Betriebssuche
Jansky;Hauptplatz 4;2243;Matzen-Raggendorf;AT;Niederösterreich;Weinviertel;+43 2289 2227;;ÖWM-Betriebssuche
Jassek Christian;Ragelsdorf 16;2053;Ragelsdorf;AT;Niederösterreich;Weinviertel;+43 664 4650798;office@winzer-jassek.at;ÖWM-Betriebssuche
Jatschka (Hauptstrasse);Hauptstrasse 47;2100;Stetten;AT;Niederösterreich;Weinviertel;+43 664 1500561;weingut@jatschka.com;ÖWM-Betriebssuche
Jatschka (Wienerstrasse);Wienerstrasse 7;2100;Stetten;AT;Niederösterreich;Weinviertel;+43 2262 672198;heuriger@jatschka.co.at;ÖWM-Betriebssuche
Jauk Philipp;Nr. 132;2162;Falkenstein;AT;Niederösterreich;Weinviertel;;wein-p-jauk@aon.at;ÖWM-Betriebssuche
Jilch (Geymüllergasse);Geymüllergasse 1;3133;Traismauer;AT;Niederösterreich;Traisental;+43 664 4942990;f.jilch@aon.at;ÖWM-Betriebssuche
Jilch (Hasendorf);Hasendorf 40;3454;Sitzenberg-Reidling;AT;Niederösterreich;Wagram;+43 664 2805642;brigitte@jilch.at;ÖWM-Betriebssuche
Jo. Platt;Hauptstrasse 21;2221;Groß-Schweinbarth;AT;Niederösterreich;Weinviertel;+43 2289 2376;winzerhof.jo.platt@aon.at;ÖWM-Betriebssuche
Johann Schwertführer „35“;Hauptstrasse 35;2504;Sooß;AT;Niederösterreich;Thermenregion;+43 660 5654543;weingut@schwertfuehrer.at;ÖWM-Betriebssuche
Johann Walzer;;3500;Krems an der Donau;AT;Niederösterreich;Kremstal;;weinbau-johannwalzer@gmx.at;ÖWM-Betriebssuche
Johannes Gebeshuber;Jubiläumsstrasse 43;2352;Gumpoldskirchen;AT;Niederösterreich;Thermenregion;+43 2252 61164;office@weingut-gebeshuber.at;ÖWM-Betriebssuche
Johannes Pitnauer;Weinbergstrasse 4-6;2464;Göttlesbrunn;AT;Niederösterreich;Carnuntum;+43 2162 8249;weingut@pitnauer.com;ÖWM-Betriebssuche
Johanneshof Reinisch;Im Weingarten 1;2523;Tattendorf;AT;Niederösterreich;Thermenregion;+43 2253 814231;office@j-r.at;ÖWM-Betriebssuche (Update bestehender Leadlisten-Eintrag)
Jony;Hauptstraße 30 A;2251;Ebenthal;AT;Niederösterreich;Weinviertel;+43 2538 85505;weinbau.jony@aon.at;ÖWM-Betriebssuche
Jordan;Groß-Reipersdorf 12;3741;Pulkau;AT;Niederösterreich;Weinviertel;+43 664 4112662;office@weingut-jordan.at;ÖWM-Betriebssuche (Update bestehender Leadlisten-Eintrag)
Jorg;Wagramerstrasse 24;3133;Traismauer;AT;Niederösterreich;Traisental;+43 2783 82314;;ÖWM-Betriebssuche
Josef & Claudia Bauer;Ortsstraße 12;3701;Zaußenberg;AT;Niederösterreich;Wagram;+43 664 73832087;bauer@zaussenberg.at;ÖWM-Betriebssuche
Josef Pernerstorfer;Kremserstraße 20;3493;Hadersdorf-Kammern;AT;Niederösterreich;Kamptal;+43 2735 5279;info@josefwein.at;ÖWM-Betriebssuche
Josef Röglsperger;Zöbinger Hauptstraße 43;3561;Langenlois;AT;Niederösterreich;Kamptal;;office@roeglsperger.at;ÖWM-Betriebssuche
Josef Salomon;Falkenstein 24;2162;Falkenstein;AT;Niederösterreich;Weinviertel;+43 664 2111036;josef@weingut-salomon.at;ÖWM-Betriebssuche
Josef Wölflinger;Hochstraße 12;2380;Perchtoldsdorf;AT;Niederösterreich;Thermenregion;+43 1 8653090;weinbau.woelflinger@aon.at;ÖWM-Betriebssuche
Josefshof;Pfarrgasse 14;2464;Göttlesbrunn-Arbesthal;AT;Niederösterreich;Carnuntum;+43 2162 8463;;ÖWM-Betriebssuche
Judmann;Rehberger Kellergasse;3500;Imbach;AT;Niederösterreich;Kremstal;+43 664 3855304;wein.judmann@gmail.com;ÖWM-Betriebssuche
Jugend by Magdalena Haas;Herrengasse 3;3491;Straß im Straßertale;AT;Niederösterreich;Kamptal;+43 660 7330755;magdalena@allram.at;ÖWM-Betriebssuche
Jungmayr;Falltorstrasse 9;3711;Ebersbrunn;AT;Niederösterreich;Weinviertel;+43 2957 241;office@jungmayr.at;ÖWM-Betriebssuche
Jungwirth;Silberörtl 11;3561;Zöbing;AT;Niederösterreich;Kamptal;+43 2734 2802;;ÖWM-Betriebssuche
Jurtschitsch;Rudolfstrasse 39;3550;Langenlois;AT;Niederösterreich;Kamptal;+43 2734 2116;weingut@jurtschitsch.com;ÖWM-Betriebssuche (Update bestehender Leadlisten-Eintrag)
Jäger (Kremserstraße);Kremserstraße 1;3610;Weißenkirchen in der Wachau;AT;Niederösterreich;Wachau;+43 2715 2535;jaeger@weingut-jaeger.at;ÖWM-Betriebssuche (Update bestehender Leadlisten-Eintrag)
Jäger (Ringgasse);Ringgasse 7;3134;Nußdorf ob der Traisen;AT;Niederösterreich;Traisental;+43 2783 6729;herbert.jaeger@gmx.at;ÖWM-Betriebssuche
Jöbstl;Walterstrasse 22;3550;Langenlois;AT;Niederösterreich;Kamptal;+43 2734 2114;;ÖWM-Betriebssuche
Jöchlinger;Hauptstrasse 2;2102;Hagenbrunn;AT;Niederösterreich;Weinviertel;+43 2262 672852;mail@heuriger-joechlinger.at;ÖWM-Betriebssuche
K.&K. Wastl;Hauptstraße 43-45;2344;Maria Enzersdorf;AT;Niederösterreich;Thermenregion;+43 660 2010848;kuk.wastl@gmail.com;ÖWM-Betriebssuche
Kahrer;Zellerndorf 334;2051;Zellerndorf;AT;Niederösterreich;Weinviertel;+43 2945 2358;info@kahrerwein.at;ÖWM-Betriebssuche
Kaiblinger;St. Pöltner Strasse 20;3124;Oberwölbling;AT;Niederösterreich;Traisental;+43 2786 2437;;ÖWM-Betriebssuche
Kaindl-Maurer;Stoitzendorf 4;3730;Eggenburg;AT;Niederösterreich;Weinviertel;+43 664 1632761;kaindl-maurer@gmx.at;ÖWM-Betriebssuche
Kaiser (Am Anger);Am Anger 21;2214;Auersthal;AT;Niederösterreich;Weinviertel;+43 664 1443818;info@weinbau-kaiser.at;ÖWM-Betriebssuche
Kaiser (Hofrat Döltl Strasse);Hofrat Döltl Strasse 1;2243;Matzen-Raggendorf;AT;Niederösterreich;Weinviertel;+43 2289 2287;;ÖWM-Betriebssuche
Kaiser (Ragelsdorf);Ragelsdorf 2;2053;Pernersdorf;AT;Niederösterreich;Weinviertel;+43 660 5802384;weinbau-kaiser@gmx.at;ÖWM-Betriebssuche
Kaiser (Untergasse);Untergasse 12;3130;St. Andrä an der Traisen;AT;Niederösterreich;Traisental;+43 2782 82820;;ÖWM-Betriebssuche
Kaiser Sabrina und Florian;Am Ring 4;3131;Wetzmannsthal;AT;Niederösterreich;Traisental;+43 2782 85819;info@weinhof-kaiser.at;ÖWM-Betriebssuche
Kaiserstein;Kaiserweg 1;2504;Sooß;AT;Niederösterreich;Thermenregion;+43 664 1984679;office@kaiserstein.com;ÖWM-Betriebssuche
Kalchhauser;Weinbergstrasse 8;3494;Gedersdorf;AT;Niederösterreich;Kremstal;+43 2735 8584;;ÖWM-Betriebssuche
Kalmuck Wachau GmbH;Kirchenplatz 13;3620;Spitz;AT;Niederösterreich;Wachau;+43 2713 2450;office@kalmuck.at;ÖWM-Betriebssuche
Kalser;Körnergasse 9;2170;Poysdorf;AT;Niederösterreich;Weinviertel;+43 2552 2154;info@weingut-kalser.com;ÖWM-Betriebssuche
Kaltenbrunner;Gneixendorfer Hauptstrasse 35;3500;Krems an der Donau;AT;Niederösterreich;Kremstal;+43 2732 73956;johann@weingut-kaltenbrunner.at;ÖWM-Betriebssuche
Kamauf;Obernholz 1;3491;Straß im Straßertale;AT;Niederösterreich;Kamptal;+43 664 9484768;office@weingut-kamauf.at;ÖWM-Betriebssuche
Kamleitner (Untere Hauptstrasse);Untere Hauptstrasse 43;3495;Rohrendorf bei Krems;AT;Niederösterreich;Kremstal;+43 2732 76701;;ÖWM-Betriebssuche
Kamleitner (Weinbergstrasse);Weinbergstrasse 19;3494;Gedersdorf;AT;Niederösterreich;Kremstal;+43 2735 8079;;ÖWM-Betriebssuche
Kammlander;Hauptstraße 57;2405;Hundsheim;AT;Niederösterreich;Carnuntum;+43 2165 62925;b.kammlander@gmx.at;ÖWM-Betriebssuche
Kamptner;Fahndorf 15;3710;Ziersdorf;AT;Niederösterreich;Weinviertel;+43 664 1361151;kamptnerwein@gmx.at;ÖWM-Betriebssuche
Kapeller;Hauptstrasse 16;3441;Zöfing;AT;Niederösterreich;Wagram;+43 2274 7473;;ÖWM-Betriebssuche
Kapitel Zwei Wine;Ried Kremsleithen;3500;Krems an der Donau;AT;Niederösterreich;Kremstal;+43 664 1418460;chris@kapitelzwei.wine;ÖWM-Betriebssuche
Karasek;Dorfstr. 39;2074;Unterretzbach;AT;Niederösterreich;Weinviertel;+43 2942 2515;info@weingutkarasek.com;ÖWM-Betriebssuche
Karin und Martin Fink;Unterloiben 36;3601;Dürnstein;AT;Niederösterreich;Wachau;+43 2732 87050;weingut.fink@aon.at;ÖWM-Betriebssuche
Karl (Braungasse);Braungasse 6;2525;Schönau an der Triesting;AT;Niederösterreich;Thermenregion;+43 2256 62139;roswitha.karl@gmx.at;ÖWM-Betriebssuche
Karl (Schulgasse);Schulgasse 1a;2054;Haugsdorf;AT;Niederösterreich;Weinviertel;+43 2944 2442;;ÖWM-Betriebssuche
Karner (Hauptstraße);Hauptstraße 48;2261;Mannersdorf an der March;AT;Niederösterreich;Weinviertel;+43 2283 20527;info@karner-wein.at;ÖWM-Betriebssuche
Karner (Vöslauer Straße);Vöslauer Straße 12;2540;Bad Vöslau;AT;Niederösterreich;Thermenregion;+43 664 9795045;weinbau.karner@gmx.net;ÖWM-Betriebssuche
Karner - Traisental;Ederding;3130;Herzogenburg;AT;Niederösterreich;Traisental;+43 650 8302832;weingut@karner-traisental.at;ÖWM-Betriebssuche
Karpf (Gaiselberg);Gaiselberg 81 Karpf;2225;Zistersdorf;AT;Niederösterreich;Weinviertel;+43 664 73858026;m.karpf@aon.at;ÖWM-Betriebssuche
Karpf (Neue Gasse);Neue Gasse 45;2212;Großengersdorf;AT;Niederösterreich;Weinviertel;+43 664 8436692;franz.karpf@gmx.at;ÖWM-Betriebssuche
Kastner;Nr. 159;2163;Ottenthal;AT;Niederösterreich;Weinviertel;+43 2572 33415810;heinz.kastner@gmx.net;ÖWM-Betriebssuche
Katharina Gessl;Zellerndorf 98;2051;Zellerndorf;AT;Niederösterreich;Weinviertel;+43 650 2290398;katharina@gessl.eu;ÖWM-Betriebssuche
Kattner Christian;Obere Ortsstraße 50;3134;Reichersdorf;AT;Niederösterreich;Traisental;+43 664 5366498;office@kattnerwein.at;ÖWM-Betriebssuche
Katzler (Hollabrunnerstrasse);Hollabrunnerstrasse 17;3710;Ziersdorf;AT;Niederösterreich;Weinviertel;+43 699 17562667;info@weinbau-katzler.at;ÖWM-Betriebssuche
Katzler (Kirchensteig);Kirchensteig 9;3710;Ziersdorf;AT;Niederösterreich;Weinviertel;+43 2956 2246;;ÖWM-Betriebssuche
Katzmayer-Oman;Kardinal-Piffl-Platz 10;3400;Klosterneuburg;AT;Niederösterreich;Wagram;+43 2243 37570;;ÖWM-Betriebssuche
Kauderer (Japons);Japons 57;3763;Japons;AT;Niederösterreich;;+43 680 4436224;kauderererich@gmail.com;ÖWM-Betriebssuche
Kauderer (Stoitzendorf);Stoitzendorf 11;3730;Eggenburg;AT;Niederösterreich;Weinviertel;+43 676 7228288;weingut@kauderer-wein.at;ÖWM-Betriebssuche
Kaufmann;Obere Hauptstrasse 8;3495;Rohrendorf bei Krems;AT;Niederösterreich;Kremstal;+43 2732 74860;weinbau.kaufmann@gmx.at;ÖWM-Betriebssuche
Kausl- Schulmeister;In der Spitz 6;3620;Spitz;AT;Niederösterreich;Wachau;+43 2713 2101;wein.schulmeister@gmx.at;ÖWM-Betriebssuche
Kautz (Nappersdorf);Nappersdorf 49;2023;Wullersdorf;AT;Niederösterreich;Weinviertel;+43 2953 27042;weinbau.kautz@aon.at;ÖWM-Betriebssuche
Kautz (Stadtgrabeng.);Stadtgrabeng. 2;2225;Zistersdorf;AT;Niederösterreich;Weinviertel;+43 2532 81373;;ÖWM-Betriebssuche
Keiblinger (Anton-Keiblinger- Straße);Anton-Keiblinger- Straße 21;3454;Sitzenberg-Reidling;AT;Niederösterreich;Wagram;+43 2276 2645;j.keiblinger@aon.at;ÖWM-Betriebssuche
Keiblinger (Kremser Strasse);Kremser Strasse 9;3452;Atzenbrugg;AT;Niederösterreich;Wagram;+43 2275 6377;;ÖWM-Betriebssuche
Keller;Kirchengasse 6;2353;Guntramsdorf;AT;Niederösterreich;Thermenregion;+43 2236 53316;;ÖWM-Betriebssuche
Kellerkünstler;In der Kellergasse 36;2464;Göttlesbrunn-Arbesthal;AT;Niederösterreich;Carnuntum;+43 660 6374200;office@kellerkuenstler.at;ÖWM-Betriebssuche
Kellner;Pulkautal 25;3741;Pulkau;AT;Niederösterreich;Weinviertel;+43 664 4574860;office@weingut-kellner.at;ÖWM-Betriebssuche
Kemetner;Obere Marktstraße 2;3492;Etsdorf am Kamp;AT;Niederösterreich;Kamptal;+43 660 4626818;weingut@kemetner.at;ÖWM-Betriebssuche
Kempter Erwin;Hauptstrasse 2;3704;Großwetzdorf;AT;Niederösterreich;Weinviertel;+43 2956 2371;;ÖWM-Betriebssuche
Kendl;Villengasse 70;3602;Rossatz-Arnsdorf;AT;Niederösterreich;Wachau;+43 2714 6452;;ÖWM-Betriebssuche
Kerbl am Weinberg;Raphael Donner-Gasse 19;3400;Klosterneuburg;AT;Niederösterreich;Wagram;+43 2243 24577;office@weingutkerbl.at;ÖWM-Betriebssuche
Kerbl Stadtheuriger;Heisslergasse 7;3400;Klosterneuburg;AT;Niederösterreich;Wagram;+43 2243 32463;weinbau.kerbl@aon.at;ÖWM-Betriebssuche
Kerbler;Loiser Strasse 4;3494;Gedersdorf;AT;Niederösterreich;Kremstal;+43 2735 8896;;ÖWM-Betriebssuche
Kern;Ahrenbergerstraße 34;3133;Traismauer;AT;Niederösterreich;Traisental;+43 2276 2000;helmut.kern@gmx.at;ÖWM-Betriebssuche
Kernbichler (Boldrinigasse);Boldrinigasse 4;2500;Baden;AT;Niederösterreich;Thermenregion;+43 676 6460550;p.kacoli@gmail.com;ÖWM-Betriebssuche
Kernbichler (Schiestlgasse);Schiestlgasse 6;2511;Pfaffstätten;AT;Niederösterreich;Thermenregion;+43 2252 86718;;ÖWM-Betriebssuche
Kerner;Gartenstraße 10;3702;Rußbach;AT;Niederösterreich;Weinviertel;+43 664 2343005;office@weingut-kerner.at;ÖWM-Betriebssuche
Kerschbaum;Kremserstraße 16;3494;Gedersdorf;AT;Niederösterreich;Kremstal;+43 2735 8389;;ÖWM-Betriebssuche
KHS;Wielandsthal 47;3130;Herzogenburg;AT;Niederösterreich;Traisental;+43 2782 82114;khs.wein@nanet.at;ÖWM-Betriebssuche
Kichler;Nr. 79;2135;Kirchstetten;AT;Niederösterreich;Weinviertel;+43 676 5255476;;ÖWM-Betriebssuche
Kienberger;Bachweg 5;3443;Sieghartskirchen;AT;Niederösterreich;Wagram;+43 2274 2236;office@heuriger-kienberger.at;ÖWM-Betriebssuche
Kiesl;Neustift 35;3454;Sitzenberg-Reidling;AT;Niederösterreich;Wagram;;;ÖWM-Betriebssuche
Kiesling;Kirchengasse 9;2261;Mannersdorf an der March;AT;Niederösterreich;Weinviertel;+43 664 9286932;office@weingut-kiesling.at;ÖWM-Betriebssuche
Kirchmeyer;Windpassing 20;2020;Hollabrunn;AT;Niederösterreich;Weinviertel;+43 2951 2269;;ÖWM-Betriebssuche
Kirschbaum;Zwettler Strasse 60 Kirschbaum;3550;Langenlois;AT;Niederösterreich;Kamptal;+43 2734 2318;office@weingut-kirschbaum.at;ÖWM-Betriebssuche
Kirschner;Heiligensteinstrasse 3;3561;Zöbing;AT;Niederösterreich;Kamptal;+43 664 3824469;kirschner@zoebing.at;ÖWM-Betriebssuche
Kitla;Kellerstrasse 19;2054;Haugsdorf;AT;Niederösterreich;Weinviertel;+43 2944 2355;office@weingut-kitla.at;ÖWM-Betriebssuche
Kittenberger;Mittelberg 21;3550;Langenlois;AT;Niederösterreich;Kamptal;+43 2734 2375;office@weingut-kittenberger.at;ÖWM-Betriebssuche (Update bestehender Leadlisten-Eintrag)
Kittinger;Hauptstrasse 33;3482;Stettenhof;AT;Niederösterreich;Wagram;+43 2738 2196;;ÖWM-Betriebssuche
Kitzler;Untere Hauptstrasse 53;3495;Rohrendorf bei Krems;AT;Niederösterreich;Kremstal;+43 676 6256022;kitzler@loess.at;ÖWM-Betriebssuche
Kitzler-Ecker;Winzerstrasse 20;3701;Großweikersdorf;AT;Niederösterreich;Wagram;+43 2955 70335;;ÖWM-Betriebssuche
Klamas;Auf der Burg 132;3610;Weißenkirchen in der Wachau;AT;Niederösterreich;Wachau;+43 664 8751182;info@weingutklamas.at;ÖWM-Betriebssuche
Klampfl;Fischastr. 43;2486;Pottendorf;AT;Niederösterreich;Carnuntum;+43 664 1012489;kontakt@weinbau-klampfl.at;ÖWM-Betriebssuche
Klaus;Brünnerstrasse 16;2120;Wolkersdorf im Weinviertel;AT;Niederösterreich;Weinviertel;+43 2245 3944;weingut@klauswein.at;ÖWM-Betriebssuche
Klausgraber;Niederschleinz 49;3721;Limberg;AT;Niederösterreich;Weinviertel;+43 2959 3250;;ÖWM-Betriebssuche
Klebinger;Kremser Strasse 51;3472;Hohenwarth-Mühlbach a.M.;AT;Niederösterreich;Weinviertel;+43 2957 391;;ÖWM-Betriebssuche
Klein Julius;Pernersdorf 37;2052;Pernersdorf;AT;Niederösterreich;Weinviertel;+43 2944 8649;mail@weingut-klein.at;ÖWM-Betriebssuche
Klemmer;Hauptstrasse 68;3552;Droß;AT;Niederösterreich;Kremstal;+43 2719 8296;;ÖWM-Betriebssuche
Klenkhart;Feldgasse 6;2215;Matzen-Raggendorf;AT;Niederösterreich;Weinviertel;+43 2289 2444;;ÖWM-Betriebssuche
Kletzer (Parkstrasse);Parkstrasse 90;2170;Kleinhadersdorf;AT;Niederösterreich;Weinviertel;+43 2552 2538;otto.kletzer@aon.at;ÖWM-Betriebssuche
Kletzer (Schulstrasse);Schulstrasse 5;2191;Gaweinstal;AT;Niederösterreich;Weinviertel;+43 664 5177404;franz@kletzer.at;ÖWM-Betriebssuche
Klimpfinger;Kiblitz 2;3710;Ziersdorf;AT;Niederösterreich;Weinviertel;+43 699 11861155;leo.lucy@gmx.at;ÖWM-Betriebssuche
Kling Georg;Obersulz 41;2224;Obersulz;AT;Niederösterreich;Weinviertel;+43 664 6421554;kling@wavenet.at;ÖWM-Betriebssuche
Klinger;Etzmannsdorf 15;3722;Straning-Grafenberg;AT;Niederösterreich;Weinviertel;+43 664 4139672;karlklinger@gmx.at;ÖWM-Betriebssuche
Klinglhuber;Ziegelofengasse 27;3550;Langenlois;AT;Niederösterreich;Kamptal;+43 2734 2331;;ÖWM-Betriebssuche
Klosterberg WeinhandelsgesmbH;Langenloiserstrasse 79;3552;Lengenfeld;AT;Niederösterreich;Kremstal;+43 2719 2355;;ÖWM-Betriebssuche
Klotz Bernhard;Am Hofstadlfeld 176;2262;Stillfried;AT;Niederösterreich;Weinviertel;+43 2283 2250;klotz.weine@aon.at;ÖWM-Betriebssuche
Klubik;Flugplatzstraße 20;3481;Fels am Wagram;AT;Niederösterreich;Wagram;+43 664 4448982;klubikwein@gmx.at;ÖWM-Betriebssuche
Klupp;Obermarkersdorf 86;2073;Zellerndorf;AT;Niederösterreich;Weinviertel;+43 2942 8266;;ÖWM-Betriebssuche
Knasmüllner;Hauptstrasse 110;2252;Ollersdorf;AT;Niederösterreich;Weinviertel;+43 664 1629405;helmut.knasmuellner@gmail.com;ÖWM-Betriebssuche
Knell (Stoitzendorf 61);Stoitzendorf 61;3730;Stoitzendorf;AT;Niederösterreich;Weinviertel;+43 664 73702223;knellweine@aon.at;ÖWM-Betriebssuche
Knell (Stoitzendorf 66);Stoitzendorf 66;3730;Meiseldorf;AT;Niederösterreich;Weinviertel;+43 2984 2757;;ÖWM-Betriebssuche
Knie August;Korneuburgerstraße 19;2202;Enzersfeld;AT;Niederösterreich;Weinviertel;+43 699 12141466;office@weinbau-knie.at;ÖWM-Betriebssuche
Kniewallner (Im Geisseck);Im Geisseck 5;3552;Droß;AT;Niederösterreich;Kremstal;+43 2719 2774;kniewallner@gmail.com;ÖWM-Betriebssuche
Kniewallner (Kellergasse);Kellergasse 154;3552;Droß;AT;Niederösterreich;Kremstal;+43 2719 2172;;ÖWM-Betriebssuche
Knoll;Unterloiben 132;3601;Dürnstein;AT;Niederösterreich;Wachau;+43 2732 79355;weingut@knoll.at;ÖWM-Betriebssuche (Update bestehender Leadlisten-Eintrag)
Knötzl;Badnerstraße 7;2523;Tattendorf;AT;Niederösterreich;Thermenregion;+43 699 19012199;knoetzl.weingut@gmail.com;ÖWM-Betriebssuche
Koch (Hornerstrasse);Hornerstrasse 6;2070;Mitterretzbach;AT;Niederösterreich;Weinviertel;+43 676 7412223;office@weingutkoch.at;ÖWM-Betriebssuche
Koch (Winzerstrasse);Winzerstrasse 26;3701;Großweikersdorf;AT;Niederösterreich;Wagram;+43 2955 70286;wein@weingut-koch.at;ÖWM-Betriebssuche
Kohl;Obere Hauptstrasse 20;3495;Rohrendorf bei Krems;AT;Niederösterreich;Kremstal;+43 676 7406541;office@heuriger-kohl.at;ÖWM-Betriebssuche
Kohl Helene;Hauptstraße 19;2263;Dürnkrut;AT;Niederösterreich;Weinviertel;+43 2538 80751;drkohl@aon.at;ÖWM-Betriebssuche
Kohl Martin;Milchhausstrasse 9;2223;Hohenruppersdorf;AT;Niederösterreich;Weinviertel;+43 676 3735263;info@kohl-weingut.at;ÖWM-Betriebssuche
Kohl Sepp;Untere Hauptstrasse 15;2223;Hohenruppersdorf;AT;Niederösterreich;Weinviertel;+43 676 5669928;weinbau.kohl@gmx.at;ÖWM-Betriebssuche
Kolkmann;Flugplatzstraße 11-12;3481;Fels am Wagram;AT;Niederösterreich;Wagram;+43 2738 2436;office@kolkmann.at;ÖWM-Betriebssuche (Update bestehender Leadlisten-Eintrag)
Koller;Hauptstraße 23;2074;Unterretzbach;AT;Niederösterreich;Weinviertel;+43 2942 2563;office@weinhof-koller.com;ÖWM-Betriebssuche
Kollerhofer;Mühlgasse 2;2523;Tattendorf;AT;Niederösterreich;Thermenregion;+43 2253 81290;;ÖWM-Betriebssuche
Kollmann;Höflein 57;2465;Höflein;AT;Niederösterreich;Carnuntum;+43 2162 63429;;ÖWM-Betriebssuche
Kollndorfer;Neustift 25;3562;Schönberg;AT;Niederösterreich;Kamptal;+43 2733 8249;weinbau@kollndorfer.com;ÖWM-Betriebssuche
Kolm (Hauptstraße);Hauptstraße 41;2251;Ebenthal;AT;Niederösterreich;Weinviertel;+43 2538 81104;;ÖWM-Betriebssuche
Kolm (Obere Hauptstrasse);Obere Hauptstrasse 7;3494;Theiß;AT;Niederösterreich;Kremstal;+43 2735 8101;info@kolmwein.at;ÖWM-Betriebssuche
Kolm Franz;Obere Strasse 2;3553;Schiltern;AT;Niederösterreich;Kamptal;+43 664 5019910;franz@kolm.cc;ÖWM-Betriebssuche
Konrad;Unterloiben 22;3601;Dürnstein;AT;Niederösterreich;Wachau;+43 2732 74443;weinbau.konrad@aon.at;ÖWM-Betriebssuche
Kopp (Dornauerstrasse);Dornauerstrasse 32;2544;Leobersdorf;AT;Niederösterreich;Thermenregion;+43 2256 65115;;ÖWM-Betriebssuche
Kopp (Hauptstrasse);Hauptstrasse 20;2544;Leobersdorf;AT;Niederösterreich;Thermenregion;+43 2256 64565;ludwig.kopp@weinbau-kopp.at;ÖWM-Betriebssuche
Koppensteiner Klaus u. Anita;Unterloiben 40;3601;Dürnstein;AT;Niederösterreich;Wachau;+43 2732 70304;vino@koppi.cc;ÖWM-Betriebssuche
Kornherr Bernd;Untermarkersdorf 32;2061;Untermarkersdorf;AT;Niederösterreich;Weinviertel;+43 699 17342776;weingut-kornherr@gmx.at;ÖWM-Betriebssuche
Kortisch;Kreuttalstraße 61;2123;Unterolberndorf;AT;Niederösterreich;Weinviertel;;office@kortisch.at;ÖWM-Betriebssuche
Kowatsch;Beatrixgasse 10a;2380;Perchtoldsdorf;AT;Niederösterreich;Thermenregion;+43 1 8659465;;ÖWM-Betriebssuche
Koy;Grossnondorf 140;2042;Guntersdorf;AT;Niederösterreich;Weinviertel;+43 2951 2434;karl.koy@gmx.at;ÖWM-Betriebssuche
Kraft Josef;Am Fischerberg 10;3472;Hohenwarth-Mühlbach a.M.;AT;Niederösterreich;Weinviertel;+43 2957 230;weinbau.kraft@aon.at;ÖWM-Betriebssuche
Kramer;Kellergasse 150;2162;Falkenstein;AT;Niederösterreich;Weinviertel;+43 664 4073720;falkenstein@weingut-kramer.com;ÖWM-Betriebssuche
Krammer (Hadres);Hadres 186;2061;Hadres;AT;Niederösterreich;Weinviertel;+43 2943 3103;weinbau-krammer@aon.at;ÖWM-Betriebssuche
Krammer (Heiligensteinsrraße);Heiligensteinsrraße;3561;Zöbing;AT;Niederösterreich;Kamptal;+43 664 2344913;weinhofkrammer@aon.at;ÖWM-Betriebssuche
Kraus;Kiblitz 9;3710;Ziersdorf;AT;Niederösterreich;Weinviertel;+43 2956 2625;weinbau-kraus@gmx.at;ÖWM-Betriebssuche
Krebelka;Neugasse 13;2352;Gumpoldskirchen;AT;Niederösterreich;Thermenregion;+43 2252 63009;;ÖWM-Betriebssuche
Kreimel;Bäckergasse 2;3130;Herzogenburg;AT;Niederösterreich;Traisental;+43 2782 85635;;ÖWM-Betriebssuche
Kreitner;Landstrasse 70;3494;Gedersdorf;AT;Niederösterreich;Kremstal;+43 2735 8262;;ÖWM-Betriebssuche
Krell;Landstraße 17;2070;Mitterretzbach;AT;Niederösterreich;Weinviertel;+43 2942 31352;office@krell.at;ÖWM-Betriebssuche
Krems;Pfarrer Maurergasse 11;2405;Bad Deutsch-Altenburg;AT;Niederösterreich;Carnuntum;+43 2165 62766;weinbau.krems@aon.at;ÖWM-Betriebssuche
Kremser;Thallerner Hauptstrasse 18;3506;Krems an der Donau;AT;Niederösterreich;Kremstal;+43 664 7936583;wein@kremseragnes.at;ÖWM-Betriebssuche
Krexner;Dorfstraße 17;2123;Kronberg;AT;Niederösterreich;Weinviertel;+43 664 2045035;krexner.josef@gmx.at;ÖWM-Betriebssuche
Krickl (Altenmarkt);Altenmarkt 19;2154;Unterstinkenbrunn;AT;Niederösterreich;Weinviertel;+43 2522 88422;;ÖWM-Betriebssuche
Krickl (Oberschoderlee);Oberschoderlee 127;2153;Oberschoderlee;AT;Niederösterreich;Weinviertel;+43 2526 5192;manfred.krickl@aon.at;ÖWM-Betriebssuche
Kridlo;Hauptstrasse 34;2264;Sierndorf an der March;AT;Niederösterreich;Weinviertel;+43 699 11086971;winzerhof-kridlo@gmx.at;ÖWM-Betriebssuche
Kriegl;Kirchengasse 6;2261;Mannersdorf an der March;AT;Niederösterreich;Weinviertel;+43 2283 2312;urlaub@weingut-kriegl.at;ÖWM-Betriebssuche
Kronberger (Ebersbrunn);Ebersbrunn 45;3711;Großmeiseldorf;AT;Niederösterreich;Weinviertel;+43 2957 6055;;ÖWM-Betriebssuche
Kronberger (Marktplatz);Marktplatz 66;3610;Wösendorf in der Wachau;AT;Niederösterreich;Wachau;+43 2715 2749;weinbau.kronberger@aon.at;ÖWM-Betriebssuche
Kropf;Kremser Straße 15;3610;Weißenkirchen in der Wachau;AT;Niederösterreich;Wachau;+43 664 4705577;office@weinbau-kropf.at;ÖWM-Betriebssuche
Krottendorfer;Straning 15;3722;Straning-Grafenberg;AT;Niederösterreich;Weinviertel;+43 676 6900168;winzerhof@krottendorfer.at;ÖWM-Betriebssuche
Krottendorfer Karin und Andreas;Im Winkel 2;3743;Röschitz;AT;Niederösterreich;Weinviertel;+43 2984 3792;krottendorfer.weine@aon.at;ÖWM-Betriebssuche
Krottendorfer Leopold;Hauptstrasse 14;3743;Röschitz;AT;Niederösterreich;Weinviertel;+43 2984 2727;leopold@krottendorferwein.at;ÖWM-Betriebssuche
Krottendorfer Stefan;Granitz 19;3743;Röschitz;AT;Niederösterreich;Weinviertel;+43 2984 23949;office@stefankrottendorfer.at;ÖWM-Betriebssuche
Krottendorfer Winzerhof;Rohrendorf an der Pulkau 45;3741;Pulkau;AT;Niederösterreich;Weinviertel;+43 660 1644003;office@krottendorfer.wine;ÖWM-Betriebssuche
Kru-Ve Gemeinschaft Krustetten;Hollenburgerstr. 1;3508;Krustetten;AT;Niederösterreich;Kremstal;+43 664 5225550;;ÖWM-Betriebssuche
Krug;Kirchenplatz 1;2352;Gumpoldskirchen;AT;Niederösterreich;Thermenregion;+43 2252 62247;office@krug.at;ÖWM-Betriebssuche
Kruspel;Retzerstraße 8;2070;Unternalb;AT;Niederösterreich;Weinviertel;+43 2942 3231;office@kruspel.at;ÖWM-Betriebssuche
Krötlinger;Am Tabor 18;3714;Sitzendorf an der Schmida;AT;Niederösterreich;Weinviertel;;barbara.mauthner@gmx.at;ÖWM-Betriebssuche
Kugler;Gaindorf 30;3720;Ravelsbach;AT;Niederösterreich;Weinviertel;+43 664 4714050;walter.kugler@aon.at;ÖWM-Betriebssuche
Kumhofer;Bahnstrasse 19;2243;Matzen-Raggendorf;AT;Niederösterreich;Weinviertel;+43 664 1352670;weingutkumhofer@aon.at;ÖWM-Betriebssuche
Kuna;Gföhler Strasse 5;3552;Lengenfeld;AT;Niederösterreich;Kremstal;+43 2719 2393;office@kuna.at;ÖWM-Betriebssuche
Kunrath;Am Gießhübl 1;2264;Jedenspeigen;AT;Niederösterreich;Weinviertel;+43 699 10490249;manuel.kunrath@gmx.at;ÖWM-Betriebssuche
Kurz (Laaerstraße);Laaerstraße 27;2054;Haugsdorf;AT;Niederösterreich;Weinviertel;+43 2944 2214;;ÖWM-Betriebssuche
Kurz (Neustiftgasse);Neustiftgasse 13;2352;Gumpoldskirchen;AT;Niederösterreich;Thermenregion;+43 2252 62414;;ÖWM-Betriebssuche
Kurz (Scheibenhof);Scheibenhof 49;3500;Krems an der Donau;AT;Niederösterreich;Kremstal;+43 2732 41440;;ÖWM-Betriebssuche
Kurz (Schwemmzeile);Schwemmzeile 72;2130;Mistelbach;AT;Niederösterreich;Weinviertel;+43 2572 2525;office@weingutkurz.at;ÖWM-Betriebssuche
Kurzbauer;Ottenthal 17;3470;Kirchberg am Wagram;AT;Niederösterreich;Wagram;+43 2279 2326;;ÖWM-Betriebssuche
Kurzmann- Henninger;Mayerhofstraße 5;3441;Freundorf;AT;Niederösterreich;Wagram;+43 2275 74708;;ÖWM-Betriebssuche
Kurzreiter (Feuerwehrgasse);Feuerwehrgasse 3;2070;Unternalb;AT;Niederösterreich;Weinviertel;+43 2942 2582;winzerhof@kurzreiter.at;ÖWM-Betriebssuche
Kurzreiter (Unternalb);Unternalb 75;2070;Retz;AT;Niederösterreich;Weinviertel;+43 2942 2114;;ÖWM-Betriebssuche
Kälbel;Triftstraße 4;2170;Kleinhadersdorf;AT;Niederösterreich;Weinviertel;+43 664 8455695;helene.kaelbel@aon.at;ÖWM-Betriebssuche
Köck (Heiligeneich cornelia-);;3452;Heiligeneich;AT;Niederösterreich;Wagram;;cornelia-burger@gmx.at;ÖWM-Betriebssuche
Köck (Mittergrabern);Mittergrabern 136;2020;Mittergrabern;AT;Niederösterreich;Weinviertel;+43 664 3737379;office@weingut-koeck.at;ÖWM-Betriebssuche
Köck (Obermarkersdorf);Obermarkersdorf 95;2073;Zellerndorf;AT;Niederösterreich;Weinviertel;+43 2942 8317;;ÖWM-Betriebssuche
Köck (Unterer Anger);Unterer Anger 5;2471;Prellenkirchen;AT;Niederösterreich;Carnuntum;+43 2145 2930;office@heurigenschenke-koeck.at;ÖWM-Betriebssuche
Köckeis (Badenerstrasse);Badenerstrasse 39;2352;Gumpoldskirchen;AT;Niederösterreich;Thermenregion;+43 2252 62752;;ÖWM-Betriebssuche
Köckeis (Große Zeile);Große Zeile 46,;3483;Feuersbrunn;AT;Niederösterreich;Wagram;+43 664 9707773;office@winzerhaus-koeckeis.at;ÖWM-Betriebssuche
Kölbl Respiz-Hof;Winzerstraße 5;3743;Röschitz;AT;Niederösterreich;Weinviertel;+43 2984 2779;weingut@respiz-hof.at;ÖWM-Betriebssuche
Köller;Oberdürnbach 75;3721;Limberg;AT;Niederösterreich;Weinviertel;+43 2958 82675;;ÖWM-Betriebssuche
Köpf;Hauptstraße 19;2221;Groß-Schweinbarth;AT;Niederösterreich;Weinviertel;+43 2289 2521;josef.koepf@gmx.at;ÖWM-Betriebssuche
Körber;Badstrasse 10;2340;Mödling;AT;Niederösterreich;Thermenregion;+43 2236 304210;office@koerber.at;ÖWM-Betriebssuche
Köstler;Untere Ortsstraße 22;3142;Langmannersdorf;AT;Niederösterreich;Traisental;+43 2784 2349;;ÖWM-Betriebssuche
Küssler (Ebenthalerstraße);Ebenthalerstraße 45;2262;Angern an der March;AT;Niederösterreich;Weinviertel;+43 664 8585598;info@kuessler.at;ÖWM-Betriebssuche
Küssler (Haspelgasse);Haspelgasse 98;2262;Angern an der March;AT;Niederösterreich;Weinviertel;+43 664 8585598;office@kuessler.at;ÖWM-Betriebssuche
Lachinger;Hauptstraße 18;2242;Prottes;AT;Niederösterreich;Weinviertel;+43 2282 4700;office@lachinger-wein.at;ÖWM-Betriebssuche
Lackinger;Hollenburger Straße 1;3511;Furth bei Göttweig;AT;Niederösterreich;Kremstal;+43 2739 2089;office@winzerhof-lackinger.at;ÖWM-Betriebssuche
Lackner;Kleinengersdorfer Hauptstaße 43;2102;Klein-Engersdorf;AT;Niederösterreich;Weinviertel;+43 2262 74982;office@lackner-der-heurige.com;ÖWM-Betriebssuche
Ladentrog Marcus;Kellergasse 2;2070;Obernalb;AT;Niederösterreich;Weinviertel;+43 2942 20911;office@ladentrog.at;ÖWM-Betriebssuche
Laffer;Bahngasse 6;2511;Pfaffstätten;AT;Niederösterreich;Thermenregion;+43 2252 44625;office@heuriger-laffer.at;ÖWM-Betriebssuche
Lager;Bahnstrasse 174;3491;Straß im Straßertale;AT;Niederösterreich;Kamptal;+43 2735 5832;;ÖWM-Betriebssuche
Lagler;Am Hinterweg 17;3620;Spitz;AT;Niederösterreich;Wachau;+43 2713 2939;nicole@weingut-lagler.at;ÖWM-Betriebssuche
Lahner;Oberkreuzstetten, Hauptstrasse 146;2124;Niederkreuzstetten;AT;Niederösterreich;Weinviertel;+43 2263 6246;;ÖWM-Betriebssuche
Lahrnsteig;Mitterarnsdorf 82;3621;Mitterarnsdorf;AT;Niederösterreich;Wachau;+43 676 9715034;weingut@lahrnsteig.at;ÖWM-Betriebssuche
Laimer;Wienerstrasse 3;2103;Langenzersdorf;AT;Niederösterreich;Weinviertel;+43 2244 2428;office@weinbau-laimer.at;ÖWM-Betriebssuche
Landauer-Gisperg;"Badnerstrasse 32; Bioweingut & Winzerhof";2523;Tattendorf;AT;Niederösterreich;Thermenregion;+43 2253 81272;wein@winzerhof.eu;ÖWM-Betriebssuche (Update bestehender Leadlisten-Eintrag)
Landrichter Pfeiffer;Ober Thern Nr. 22;3701;Großweikersdorf;AT;Niederösterreich;Wagram;+43 680 1249817;office@landrichter-pfeiffer.at;ÖWM-Betriebssuche
Landsteiner;Waldstrasse 51;2070;Mitterretzbach;AT;Niederösterreich;Weinviertel;+43 2942 31752;erich.landsteiner@univie.ac.at;ÖWM-Betriebssuche
Lang Martin;Hauptstraße 40;2211;Pillichsdorf;AT;Niederösterreich;Weinviertel;+43 2245 6967;winzerhof-lang@gmx.at;ÖWM-Betriebssuche
Lang Roswitha u Wolfgang;Weinzierlweg 3;3714;Sitzendorf an der Schmida;AT;Niederösterreich;Weinviertel;+43 2959 2603;weinbau.lang@aon.at;ÖWM-Betriebssuche
Langecker;Spechtgasse 45;2340;Mödling;AT;Niederösterreich;Thermenregion;+43 2236 25417;;ÖWM-Betriebssuche
Langer;Oberer Innterthalen 19;2103;Langenzersdorf;AT;Niederösterreich;Weinviertel;+43 2262 63410;;ÖWM-Betriebssuche
Langmayer;Kirchengasse 62;3610;Wösendorf in der Wachau;AT;Niederösterreich;Wachau;+43 664 4968385;weingut.langmayer@gmail.com;ÖWM-Betriebssuche
Latschka;Wilhelmsdorferstrasse 44;2170;Poysdorf;AT;Niederösterreich;Weinviertel;+43 660 5630856;latschka@aon.at;ÖWM-Betriebssuche
Laudon;Prohaskaweg 6;2051;Platt;AT;Niederösterreich;Weinviertel;+43 676 3366750;wolfgang.laudon@gmx.at;ÖWM-Betriebssuche
Lauer;Gartenstadt 54;2221;Groß-Schweinbarth;AT;Niederösterreich;Weinviertel;+43 664 4068171;office@lauer.at;ÖWM-Betriebssuche
Laurenz V.;Mariahilferstr. 32;1070;Wien;AT;Niederösterreich;;+43 1 5224791;info@laurenzfive.com;ÖWM-Betriebssuche
Laurer;Deinzendorf 12;2051;Zellerndorf;AT;Niederösterreich;Weinviertel;+43 680 1249788;office@laurerwein.at;ÖWM-Betriebssuche
Leberwurst (Obere Landstrasse);Obere Landstrasse 27;2191;Höbersbrunn;AT;Niederösterreich;Weinviertel;+43 2574 2716;winzerhof.leberwurst@gmail.com;ÖWM-Betriebssuche
Leberwurst (Ringstrasse);Ringstrasse 12;2191;Höbersbrunn;AT;Niederösterreich;Weinviertel;+43 2574 2251;;ÖWM-Betriebssuche
Leberzipf;Gut am Steg 5;3620;Spitz;AT;Niederösterreich;Wachau;+43 2713 2170;;ÖWM-Betriebssuche
Lechner (Hauptstrasse);Hauptstrasse 33/2/1/8;2482;Münchendorf;AT;Niederösterreich;Carnuntum;+43 2259 2076;;ÖWM-Betriebssuche
Lechner (Johann Sebastian Bach Gasse);Johann Sebastian Bach Gasse 8;2542;Kottingbrunn;AT;Niederösterreich;Thermenregion;+43 2252 78380;j.j.lechner@aon.at;ÖWM-Betriebssuche
Lechner (Kirchenplatz);Kirchenplatz 5;3620;Spitz;AT;Niederösterreich;Wachau;+43 2713 2136;;ÖWM-Betriebssuche
Lechner (Landstraße);Landstraße 72;3494;Stratzdorf;AT;Niederösterreich;Kremstal;+43 2735 8062;;ÖWM-Betriebssuche
Lechner (Obere Hauptstrasse);Obere Hauptstrasse 7;3552;Stratzing;AT;Niederösterreich;Kremstal;+43 2719 8100;weingut.lechner@gmx.at;ÖWM-Betriebssuche
Leczek;Oberschoderlee 87;2153;Stronsdorf;AT;Niederösterreich;Weinviertel;+43 664 3129179;franz.leczek@gmx.at;ÖWM-Betriebssuche
Lederer;Dorfstraße 8;3463;Stetteldorf am Wagram;AT;Niederösterreich;Wagram;+43 664 6250548;weinbau@ledererj.at;ÖWM-Betriebssuche
Leeb;Nr. 119;2020;Schöngrabern;AT;Niederösterreich;Weinviertel;+43 2952 34302;weinbau.leeb@aon.at;ÖWM-Betriebssuche
Lehensteiner;Kremserstrasse 7;3610;Weißenkirchen in der Wachau;AT;Niederösterreich;Wachau;+43 2715 2284;info@lehensteiner-wachau.at;ÖWM-Betriebssuche
Lehner (Hochstrasse);Hochstrasse 17;2222;Kollnbrunn;AT;Niederösterreich;Weinviertel;+43 2574 29052;info@weinbaulehner.at;ÖWM-Betriebssuche
Lehner (Presslgraben);Presslgraben 11;3550;Langenlois;AT;Niederösterreich;Kamptal;+43 2734 4187;office@weingutlehner.at;ÖWM-Betriebssuche
Lehner Alfred;Winterzeile 44;2245;Velm-Götzendorf;AT;Niederösterreich;Weinviertel;+43 2538 87683;;ÖWM-Betriebssuche
Lehner Gerhard;Großnondorf 188;2042;Guntersdorf;AT;Niederösterreich;Weinviertel;+43 2951 3350;gerhard.lehner@aon.at;ÖWM-Betriebssuche
Lehner Minkowitsch;Winterzeile 4;2245;Velm-Götzendorf;AT;Niederösterreich;Weinviertel;+43 650 8401106;weingut@lehner-minkowitsch.at;ÖWM-Betriebssuche
Lehninger;Perknergasse 2;2070;Retz;AT;Niederösterreich;Weinviertel;+43 664 5933110;altstadtheuriger-lehninger@gmx.at;ÖWM-Betriebssuche
Leibrecht;Hauptstrasse 6 und 6a;2221;Groß-Schweinbarth;AT;Niederösterreich;Weinviertel;+43 2289 2548;office@winzerhof-leidenfrost.at;ÖWM-Betriebssuche
Leidenfrost;Lange Zeile 98;2070;Retz;AT;Niederösterreich;Weinviertel;+43 2942 33363;;ÖWM-Betriebssuche
Leidler;Hauptstrasse 56;2264;Sierndorf an der March;AT;Niederösterreich;Weinviertel;;weinbau.leidler@aon.at;ÖWM-Betriebssuche
Leidwein Alois;Hauptstraße 21;2263;Dürnkrut;AT;Niederösterreich;Weinviertel;+43 664 9668370;alois@leidwein.at;ÖWM-Betriebssuche
Leindl;Am Wechselberg 12;3561;Langenlois;AT;Niederösterreich;Kamptal;+43 2719 2609;info@weingutleindl.at;ÖWM-Betriebssuche (Update bestehender Leadlisten-Eintrag)
Leisser Wein;Obere-Hauptstraße 15;2135;Altruppersdorf;AT;Niederösterreich;Weinviertel;+43 650 6970979;gerhard.leisser@aon.at;ÖWM-Betriebssuche
Leithner (Jubiläumsstrasse);Jubiläumsstrasse 2;2352;Gumpoldskirchen;AT;Niederösterreich;Thermenregion;+43 2252 63987;;ÖWM-Betriebssuche
Leithner (Schlossstrasse);Schlossstrasse 98;3550;Langenlois;AT;Niederösterreich;Kamptal;+43 2734 2077;weingut@leithner-wein.at;ÖWM-Betriebssuche
Leithner Thomas;Walterstrasse 46;3550;Langenlois;AT;Niederösterreich;Kamptal;+43 2734 2552;kontakt@thomas-leithner.at;ÖWM-Betriebssuche
Leitzinger;Nr. 26;3610;Joching;AT;Niederösterreich;Wachau;;;ÖWM-Betriebssuche
Lembacher;Wilhelmsdorf 25;3712;Maissau Arbesthal;AT;Niederösterreich;Weinviertel;+43 2958 82312;;ÖWM-Betriebssuche
Lengsteiner;Winklgasse 53;3610;Wösendorf in der Wachau;AT;Niederösterreich;Wachau;+43 2715 2224;office@lengsteiner-wachau.at;ÖWM-Betriebssuche
Lenz;Untere Hauptstrasse 29;3495;Rohrendorf bei Krems;AT;Niederösterreich;Kremstal;+43 2732 86409;;ÖWM-Betriebssuche
Lenz Moser;Lenz Moser Straße 1;3495;Rohrendorf bei Krems;AT;Niederösterreich;Kremstal;+43 2732 85541;exportsales@lenzmoser.at;ÖWM-Betriebssuche
Leonhartsberger;Nr. 3;3601;Oberloiben;AT;Niederösterreich;Wachau;+43 2732 84398;;ÖWM-Betriebssuche
Leopold;Schönbergneustift 30;3562;Schönberg;AT;Niederösterreich;Kamptal;+43 2733 82282;weingut@leopold.at;ÖWM-Betriebssuche
Leopold Bauer;Landstrasse 42;3462;Bierbaum am Kleebühel;AT;Niederösterreich;Wagram;+43 676 5244534;rupp.bauer@aon.at;ÖWM-Betriebssuche
Leopold Dick;Schöngrabern 88;2020;Grabern;AT;Niederösterreich;Weinviertel;+43 676 9309019;hof@leopold-dick.bio;ÖWM-Betriebssuche
Leopold Figl;Ziegelofengasse 2;3133;Traismauer;AT;Niederösterreich;Traisental;+43 660 1981035;office@weingut-figl.at;ÖWM-Betriebssuche (Update bestehender Leadlisten-Eintrag)
Leopold Franz;Gartenzeile 1;3562;Schönberg;AT;Niederösterreich;Kamptal;+43 664 2758490;weingut.leopold@aon.at;ÖWM-Betriebssuche
Leopold Gindl;Hauptstrasse 27;2211;Pillichsdorf;AT;Niederösterreich;Weinviertel;+43 699 10686494;leopold.gindl@gmail.com;ÖWM-Betriebssuche
Leopold Nigl;Hochstrasse 115;2380;Perchtoldsdorf;AT;Niederösterreich;Thermenregion;+43 1 8698188;l.nigl@kabsi.at;ÖWM-Betriebssuche
Leopold-Keller;Sauberg 15;3550;Langenlois;AT;Niederösterreich;Kamptal;+43 699 12396921;josef.leopold@direkt.at;ÖWM-Betriebssuche
Lerchenfelderhof - Schödinger;Pottendorferstrasse 9;2523;Tattendorf;AT;Niederösterreich;Thermenregion;+43 2253 81719;schoedinger@tattendorf.at;ÖWM-Betriebssuche
Lesehof STAGÅRD;Hintere Fahrstrasse 3;3500;Krems an der Donau;AT;Niederösterreich;Kremstal;+43 664 9160133;office@stagard.at;ÖWM-Betriebssuche (Update bestehender Leadlisten-Eintrag)
Leth;Kirchengasse 6;3481;Fels am Wagram;AT;Niederösterreich;Wagram;+43 2738 2240;office@weingut-leth.at;ÖWM-Betriebssuche (Update bestehender Leadlisten-Eintrag)
Lethmayer (Obere Wienerstraße);Obere Wienerstraße 68;3495;Rohrendorf bei Krems;AT;Niederösterreich;Kremstal;+43 2732 83702;lethmayer@gmx.at;ÖWM-Betriebssuche
Lethmayer (Untere Hauptstrasse);Untere Hauptstrasse 3;3495;Rohrendorf bei Krems;AT;Niederösterreich;Kremstal;+43 2732 84447;;ÖWM-Betriebssuche
Leubl;Obersulz 22;2224;Obersulz;AT;Niederösterreich;Weinviertel;;;ÖWM-Betriebssuche
Leuthner;Feldgasse 17;2212;Großengersdorf;AT;Niederösterreich;Weinviertel;+43 2245 88577;;ÖWM-Betriebssuche
Leutmezer;Johann Karglstrasse 23;3550;Langenlois;AT;Niederösterreich;Kamptal;+43 2734 2177;;ÖWM-Betriebssuche
Lichtgartl;Lichtgartl 340;3610;Weißenkirchen in der Wachau;AT;Niederösterreich;Wachau;+43 664 3890022;info@weinhof-lichtgartl.at;ÖWM-Betriebssuche
Liebl;Obere Haupstrasse 14;3495;Rohrendorf bei Krems;AT;Niederösterreich;Kremstal;+43 2732 83860;;ÖWM-Betriebssuche
Lielacher;Gainfarn, Hauptstrasse 71-73;2540;Bad Vöslau;AT;Niederösterreich;Thermenregion;+43 2252 75152;;ÖWM-Betriebssuche
Liener;Veitgasse 46;2165;Drasenhofen;AT;Niederösterreich;Weinviertel;+43 2554 85682;info@lienerwein.at;ÖWM-Betriebssuche
Linder;Ahrenberger Ortsstraße 6;3454;Sitzenberg-Reidling;AT;Niederösterreich;Wagram;+43 2276 2807;familie@moser-linder.at;ÖWM-Betriebssuche
Linhart Manfred und Lea-Maria;Nr. 106;2224;Sulz im Weinviertel;AT;Niederösterreich;Weinviertel;+43 699 12922055;linhart@und-so.at;ÖWM-Betriebssuche
Linsmeyer;Waitzendorf 36;2073;Zellerndorf;AT;Niederösterreich;Weinviertel;+43 2946 8396;;ÖWM-Betriebssuche
Lintner;Haupstrasse 66;3552;Droß;AT;Niederösterreich;Kremstal;+43 2719 2057;;ÖWM-Betriebssuche
Linus;Puch 10;2014;Breitenwaida;AT;Niederösterreich;Weinviertel;+43 2954 2740;;ÖWM-Betriebssuche
Lobner;Hauptstrasse 22;2242;Prottes;AT;Niederösterreich;Weinviertel;;;ÖWM-Betriebssuche
Lobner Angelika;Brunnengasse 41;2261;Mannersdorf an der March;AT;Niederösterreich;Weinviertel;+43 660 4839060;office@lobnerwein.at;ÖWM-Betriebssuche
Lobner Gerhard J.;Hauptstrasse 62;2261;Mannersdorf an der March;AT;Niederösterreich;Weinviertel;+43 650 8018397;benita@weingut-lobner.at;ÖWM-Betriebssuche
Loibl (Gaiselberg);Gaiselberg 8;2225;Zistersdorf;AT;Niederösterreich;Weinviertel;+43 2532 88459;;ÖWM-Betriebssuche
Loibl (Hauptstrasse);Hauptstrasse 27;2251;Ebenthal;AT;Niederösterreich;Weinviertel;+43 2538 518;walterloibl@aon.at;ÖWM-Betriebssuche
Loibl (Obersulz 317);Obersulz 317;2224;Obersulz;AT;Niederösterreich;Weinviertel;+43 664 1960210;leoloibl163@gmail.com;ÖWM-Betriebssuche
Loibl (Obersulz 46);Obersulz 46;2224;Obersulz;AT;Niederösterreich;Weinviertel;+43 2534 674;office@winzerhof-loibl.at;ÖWM-Betriebssuche
Loibl (Untere Feldstrasse);Untere Feldstrasse 50;2251;Ebenthal;AT;Niederösterreich;Weinviertel;+43 2538 85218;getraenke-loibl@aon.at;ÖWM-Betriebssuche
Loidl;Drosseramt 6;3552;Lengenfeld;AT;Niederösterreich;Kremstal;+43 2719 2464;;ÖWM-Betriebssuche
Loimer;Haindorfer Vögerlweg 23;3550;Langenlois;AT;Niederösterreich;Kamptal;+43 2734 2239;weingut@loimer.at;ÖWM-Betriebssuche (Update bestehender Leadlisten-Eintrag)
Loimer Franz;Langenloiserstrasse 22;3552;Lengenfeld;AT;Niederösterreich;Kremstal;+43 2719 2391;wein@f-loimer.at;ÖWM-Betriebssuche
Loimer Gumpoldskirchen;Am Hutweideweg;2352;Gumpoldskirchen;AT;Niederösterreich;Thermenregion;+43 2734 2239;gumpoldskirchen@loimer.at;ÖWM-Betriebssuche
Loiskandl;Kellertrift 133;2042;Grabern;AT;Niederösterreich;Weinviertel;+43 676 3332527;heuriger@loiskandl.at;ÖWM-Betriebssuche
Loy;Kurzgasse 1;2244;Spannberg;AT;Niederösterreich;Weinviertel;+43 2538 85615;;ÖWM-Betriebssuche
Luckner (80);80;2162;Falkenstein;AT;Niederösterreich;Weinviertel;+43 2554 85539;info@weinhof-luckner.at;ÖWM-Betriebssuche
Luckner (Falkenstein 21);Falkenstein 21;2162;Falkenstein;AT;Niederösterreich;Weinviertel;+43 664 73518687;i.luckner@gmx.at;ÖWM-Betriebssuche
Ludwig Mayer an der Au;Altweidling 1;3494;Gedersdorf;AT;Niederösterreich;Kremstal;+43 664 2142844;ludwig.mayer@anderau.at;ÖWM-Betriebssuche
Ludwig Neumayer;Dorfstraße 37;3131;Inzersdorf-Getzersdorf;AT;Niederösterreich;Traisental;+43 664 2563010;neumayer@weinvomstein.at;ÖWM-Betriebssuche (Update bestehender Leadlisten-Eintrag)
Luegmayer;Wienerstrasse 4;2352;Gumpoldskirchen;AT;Niederösterreich;Thermenregion;+43 2252 62120;;ÖWM-Betriebssuche
Luger;Hauptstrasse 129;2214;Auersthal;AT;Niederösterreich;Weinviertel;+43 676 9041569;;ÖWM-Betriebssuche
Lugschitz;Gemeindestraße 24;2405;Hundsheim;AT;Niederösterreich;Carnuntum;+43 699 10795548;helmut.lugschitz@aon.at;ÖWM-Betriebssuche
Lukas Markowitsch;Kiragstettn 1;2464;Göttlesbrunn-Arbesthal;AT;Niederösterreich;Carnuntum;+43 2162 8226;weingut@lukas-markowitsch.com;ÖWM-Betriebssuche
Lust-Sauberer;Schalladorf 15;2022;Wullersdorf;AT;Niederösterreich;Weinviertel;+43 2953 2224;josef.lust@aon.at;ÖWM-Betriebssuche
Lustig;Rohrendorf 60;3741;Pulkau;AT;Niederösterreich;Weinviertel;+43 664 1620800;office@weingut-lustig.at;ÖWM-Betriebssuche
Lustweine;Kellergasse 1;2054;Alberndorf im Pulkautal;AT;Niederösterreich;Weinviertel;+43 664 73852521;trink@lustweine.at;ÖWM-Betriebssuche
Lutzer;Auggenthal 3;2054;Haugsdorf;AT;Niederösterreich;Weinviertel;+43 669 12862696;weingut.lutzer@aon.at;ÖWM-Betriebssuche
Löffler;Maustrenk 198;2225;Zistersdorf;AT;Niederösterreich;Weinviertel;+43 2532 82923;;ÖWM-Betriebssuche
Löscher;Lange Zeile 50;2070;Retz;AT;Niederösterreich;Weinviertel;+43 2942 28344;office@weingut-loescher.at;ÖWM-Betriebssuche
M. Fleischmann;Kleinreinprechtsdorf 3;3730;Eggenburg;AT;Niederösterreich;Weinviertel;+43 2984 4250;office@mfwein.at;ÖWM-Betriebssuche
M. Mayer;Kremserstrasse 19;3465;Königsbrunn am Wagram;AT;Niederösterreich;Wagram;+43 676 88234442;weingut@m-mayer.at;ÖWM-Betriebssuche
Machalek;Pernersdorf 179;2052;Pernersdorf;AT;Niederösterreich;Weinviertel;+43 2944 81812;office@machalek.at;ÖWM-Betriebssuche
Macher;Mariazeller Gasse 26;2344;Maria Enzersdorf;AT;Niederösterreich;Thermenregion;+43 2236 24180;;ÖWM-Betriebssuche
Machherndl (Hauptstrasse);Hauptstrasse 1;3610;Wösendorf in der Wachau;AT;Niederösterreich;Wachau;+43 2715 2282;office@machherndl.com;ÖWM-Betriebssuche
Machherndl (Oberarnsdorf);Oberarnsdorf 76;3621;Rossatz-Arnsdorf;AT;Niederösterreich;Wachau;+43 676 3997898;office@winzerhof-machherndl.at;ÖWM-Betriebssuche
Machhörndl;Gärtnerweg 4;3620;Spitz;AT;Niederösterreich;Wachau;+43 2713 2400;;ÖWM-Betriebssuche
Mader (Schlossstrasse);Schlossstrasse 96;3550;Langenlois;AT;Niederösterreich;Kamptal;+43 664 1625751;maderweine@a1.net;ÖWM-Betriebssuche
Mader (Wachaustraße);Wachaustraße 5;3124;Oberwölbling;AT;Niederösterreich;Traisental;+43 2786 2234;;ÖWM-Betriebssuche
Madl Christian;Hauptstr. 57;2172;Schrattenberg;AT;Niederösterreich;Weinviertel;+43 664 4225142;office@madlsekt.at;ÖWM-Betriebssuche
Magerl;Wienerstrasse 58;3481;Fels am Wagram;AT;Niederösterreich;Wagram;+43 2738 8713;office@magerl.cc;ÖWM-Betriebssuche
Maglock Helmut;Placherkellergasse 392;3491;Straß im Straßertale;AT;Niederösterreich;Kamptal;+43 2735 3146;info@maglock.at;ÖWM-Betriebssuche
Maglock-Nagel;Talstrasse 116;3491;Straß im Straßertale;AT;Niederösterreich;Kamptal;+43 2735 2648;info@maglock-nagel.at;ÖWM-Betriebssuche
Mahl;Kirchengasse 18;3441;Freundorf;AT;Niederösterreich;Wagram;+43 2274 7660;heinz-mahl@aon.at;ÖWM-Betriebssuche
Mahr Magareta;Wildendürnbach 268;2164;Wildendürnbach;AT;Niederösterreich;Weinviertel;+43 2523 8761;alex.mahr@aon.at;ÖWM-Betriebssuche
Mahrer;Unterparschenbrunn 43;2011;Sierndorf;AT;Niederösterreich;Weinviertel;+43 2267 2910;;ÖWM-Betriebssuche
Maier (Dorfstraße);Dorfstraße 17;3506;Angern;AT;Niederösterreich;Kremstal;+43 676 4737132;office@weinhof-maier.at;ÖWM-Betriebssuche
Maier (Mistelbacherstrasse);Mistelbacherstrasse 50;2193;Wilfersdorf;AT;Niederösterreich;Weinviertel;+43 2573 2269;jo.maier@aon.at;ÖWM-Betriebssuche
Maier (Pellingen);Pellingen 28;3500;Imbach;AT;Niederösterreich;Kremstal;+43 2732 71663;office@weinbaumaier.at;ÖWM-Betriebssuche
Mairinger;Schlossgasse 6;2521;Trumau;AT;Niederösterreich;Thermenregion;+43 2253 7585;;ÖWM-Betriebssuche
Malat;Hafnerstraße 12;3511;Palt;AT;Niederösterreich;Kremstal;+43 2732 82934;weingut@malat.at;ÖWM-Betriebssuche (Update bestehender Leadlisten-Eintrag)
Mallin;Hauptstrasse 168;2123;Wolfpassing a.d.Hochleithen;AT;Niederösterreich;Weinviertel;+43 2245 89182;margitmallin@aon.at;ÖWM-Betriebssuche
Malteser Ritterorden;Mailberg 199;2024;Mailberg;AT;Niederösterreich;Weinviertel;+43 2732 85541;office@lenzmoser.at;ÖWM-Betriebssuche (Update bestehender Leadlisten-Eintrag)
Mammutkeller;Hauptstraße 54;2263;Waidendorf;AT;Niederösterreich;Weinviertel;+43 2538 85324;monisch@gmx.at;ÖWM-Betriebssuche
Mandl (Hauptstraße);Hauptstraße 28;2074;Unterretzbach;AT;Niederösterreich;Weinviertel;+43 2942 2572;bioweinbau.mandl@aon.at;ÖWM-Betriebssuche
Mandl (Kremser Strasse);Kremser Strasse 63;3133;Traismauer;AT;Niederösterreich;Traisental;+43 2783 7165;;ÖWM-Betriebssuche
Manfred Steinschaden;Obere Strasse 32;3553;Langenlois;AT;Niederösterreich;Kamptal;+43 2734 8224;info@weingut-steinschaden.at;ÖWM-Betriebssuche
Manfred und Veronika Gleixner;Radlbrunn 94;3710;Ziersdorf;AT;Niederösterreich;Weinviertel;+43 676 82425439;braeutigamkeller@aon.at;ÖWM-Betriebssuche
Manghof;Bachstrasse 86;3610;Weißenkirchen in der Wachau;AT;Niederösterreich;Wachau;+43 2715 2339;;ÖWM-Betriebssuche
Manhart;Weidenweg 22;3730;Eggenburg;AT;Niederösterreich;Weinviertel;+43 664 5214773;weinbau.manhart@gmx.at;ÖWM-Betriebssuche
Manhart Dieter u. Herta;Auf der Heide 3;3730;Eggenburg;AT;Niederösterreich;Weinviertel;;;ÖWM-Betriebssuche
Mann-Bauer;Alte Weinstraße 13;3465;Unterstockstall;AT;Niederösterreich;Wagram;+43 664 1568558;office@mb-weine.at;ÖWM-Betriebssuche
Manschein Personengemeinschaft;Roggendorf 38;3730;Meiseldorf;AT;Niederösterreich;Weinviertel;+43 664 73809147;gerald.manschein@aon.at;ÖWM-Betriebssuche
Mantler (Hauptstrasse 21);Hauptstrasse 21;3711;Großmeiseldorf;AT;Niederösterreich;Weinviertel;+43 664 2823628;office@weinbau-mantler.at;ÖWM-Betriebssuche
Mantler (Hauptstrasse 25);Hauptstrasse 25;3471;Großriedenthal;AT;Niederösterreich;Wagram;+43 2279 7288;info@mantlerweine.at;ÖWM-Betriebssuche
Mantler (Oberrussbacherstrasse);Oberrussbacherstrasse 63;3702;Niederrußbach;AT;Niederösterreich;Weinviertel;+43 664 5748482;office@winzerhof-mantler.at;ÖWM-Betriebssuche
Mantler (Pfaffstetten);Pfaffstetten 19;3720;Ravelsbach;AT;Niederösterreich;Weinviertel;+43 680 2425194;b.mantler@gmail.com;ÖWM-Betriebssuche
Mantler KG;Weinbergstraße 5;3711;Ebersbrunn;AT;Niederösterreich;Weinviertel;+43 680 2000948;info@familie-mantler.at;ÖWM-Betriebssuche
Mantler Leopold;Ottenthal 7;3470;Ottenthal;AT;Niederösterreich;Wagram;+43 676 5545242;leopold.mantler@gmx.at;ÖWM-Betriebssuche
Mantler31;Hauptstraße 31;3471;Großriedenthal;AT;Niederösterreich;Wagram;+43 660 8177475;office@mantler31.at;ÖWM-Betriebssuche
Mantlerhof;Brunn im Felde 50;3494;Gedersdorf;AT;Niederösterreich;Kremstal;+43 2735 8248;weingut@mantlerhof.com;ÖWM-Betriebssuche (Update bestehender Leadlisten-Eintrag)
Manuel Wernhart;Reinberggasse 20;2203;Großebersdorf;AT;Niederösterreich;Weinviertel;+43 664 4165433;duez@gmx.at;ÖWM-Betriebssuche
Maranda;Hauptstrasse 52;2454;Sarasdorf;AT;Niederösterreich;Carnuntum;+43 2169 2236;;ÖWM-Betriebssuche
Marchart;Alter Markt 8;2225;Zistersdorf;AT;Niederösterreich;Weinviertel;+43 2532 2702;;ÖWM-Betriebssuche
Marchsteiner;Wetterkreuzgasse 4;3134;Nußdorf ob der Traisen;AT;Niederösterreich;Traisental;+43 2783 6368;;ÖWM-Betriebssuche
Marek;Neufang 17;3483;Feuersbrunn;AT;Niederösterreich;Wagram;+43 2738 3424;weinhofmarek@aon.at;ÖWM-Betriebssuche
Margaretenhof;Hauptstraße 23;3704;Großwetzdorf;AT;Niederösterreich;Weinviertel;+43 2956 2403;;ÖWM-Betriebssuche
Marhold;Nr. 66;3714;Roseldorf;AT;Niederösterreich;Weinviertel;+43 664 4269640;weinbau-marhold@gmx.at;ÖWM-Betriebssuche
Maria Ettenauer;Zeiselberg 8;3550;Langenlois;AT;Niederösterreich;Kamptal;;e.ettenauer@aon.at;ÖWM-Betriebssuche
Maria Goldinger;Im Dorf 2;2020;Kleinstetteldorf;AT;Niederösterreich;Weinviertel;+43 676 5352567;weingut.goldinger@gmx.at;ÖWM-Betriebssuche
Mariazellerhof - Fam. Scheibenreif;Mariazellergasse 7;2544;Leobersdorf;AT;Niederösterreich;Thermenregion;+43 2256 63145;;ÖWM-Betriebssuche
Marihart;Rafing 40;3741;Pulkau;AT;Niederösterreich;Weinviertel;+43 2946 2462;jmarihart@gmx.at;ÖWM-Betriebssuche
Maringer;Ebersbrunn 76;3711;Großmeiseldorf;AT;Niederösterreich;Weinviertel;+43 2957 202;;ÖWM-Betriebssuche
Maringer Johannes;Ottenthal 28;3470;Kirchberg am Wagram;AT;Niederösterreich;Wagram;+43 664 4963035;office@weingut-maringer.at;ÖWM-Betriebssuche
Mario Schlemmer;Oberfladnitz 13;2081;Oberfladnitz;AT;Niederösterreich;Weinviertel;+43 664 5862581;sonja_oberla@gmx.net;ÖWM-Betriebssuche
Marisch Rudolf;Bügelgasse 13;2171;Herrnbaumgarten;AT;Niederösterreich;Weinviertel;+43 2555 2202;edeltraud.marisch@gmail.com;ÖWM-Betriebssuche
Marko;Kirchengasse 14;2221;Groß-Schweinbarth;AT;Niederösterreich;Weinviertel;+43 699 12802633;weinbau.marko@gmx.at;ÖWM-Betriebssuche
Markowitsch Gerhard;Pfarrgasse 6;2464;Göttlesbrunn-Arbesthal;AT;Niederösterreich;Carnuntum;+43 2162 8222;weingut@markowitsch.at;ÖWM-Betriebssuche (Update bestehender Leadlisten-Eintrag)
Markowitsch Meinrad;Am Graben 18;2464;Göttlesbrunn;AT;Niederösterreich;Carnuntum;+43 664 4343921;meinrad@markowitsch.com;ÖWM-Betriebssuche (Update bestehender Leadlisten-Eintrag)
Markus Lager;Kirchenstrasse 33;2464;Göttlesbrunn;AT;Niederösterreich;Carnuntum;+43 664 3965985;markus@markuslager.at;ÖWM-Betriebssuche
Markus Wieser GmbH;Hauptstrasse 13;3610;Wösendorf in der Wachau;AT;Niederösterreich;Wachau;+43 2715 2544;info@wieser-wachau.at;ÖWM-Betriebssuche
Marschler Fam.;Marktplatz 34;2223;Hohenruppersdorf;AT;Niederösterreich;Weinviertel;+43 699 12782627;weinbau.marschler@gmx.at;ÖWM-Betriebssuche
Martin Böhacker;Diendorf am Kamp;3492;Diendorf am Kamp;AT;Niederösterreich;Kamptal;+43 676 846424245;martin.boehacker@mbit.at;ÖWM-Betriebssuche
Martin Rosenberger;Unterwölbling 38;3124;Oberwölbling;AT;Niederösterreich;Traisental;+43 676 3745696;wein@martin-rosenberger.at;ÖWM-Betriebssuche
Martinshof;Hauptstrasse 28;2183;Neusiedl an der Zaya;AT;Niederösterreich;Weinviertel;+43 664 3567360;weingut@martinshof.at;ÖWM-Betriebssuche (Update bestehender Leadlisten-Eintrag)
Marzek Etiketten & Packaging GmbH;;2514;Traiskirchen;AT;Niederösterreich;Thermenregion;;;ÖWM-Betriebssuche
Mattes (Dürnleis);Dürnleis 13;2033;Nappersdorf-Kammersdorf;AT;Niederösterreich;Weinviertel;+43 660 4701791;julia@weinbaumattes.at;ÖWM-Betriebssuche
Mattes (Großstelzendorf);Großstelzendorf 24;2013;Göllersdorf;AT;Niederösterreich;Weinviertel;+43 676 5269435;fammattes@aon.at;ÖWM-Betriebssuche
Mattes (Hauptstrasse);Hauptstrasse 22;3741;Pulkau;AT;Niederösterreich;Weinviertel;;biowinzerei@speed.at;ÖWM-Betriebssuche
Mattes (Peigarten);Peigarten 69-70;2053;Pernersdorf;AT;Niederösterreich;Weinviertel;+43 2944 81148;mattes-wein@aon.at;ÖWM-Betriebssuche
Matthias Pöchlinger;Nr. 43;3621;Mitterarnsdorf;AT;Niederösterreich;Wachau;+43 2714 8255;matthias@poechlinger-wachau.at;ÖWM-Betriebssuche
Matzka Karl;Hauptstraße 34;2102;Hagenbrunn;AT;Niederösterreich;Weinviertel;+43 664 5926303;sonja-karl.matzka@hotmail.de;ÖWM-Betriebssuche
Mauerbachhof Hasenöhrl;Prof.-Josef- Wolfgang-Ziegler-G. 19;2352;Gumpoldskirchen;AT;Niederösterreich;Thermenregion;+43 2252 62541;;ÖWM-Betriebssuche
Maurer (Hauptstrasse);Hauptstrasse 82;2454;Trautmannsdorf a.d. Leitha;AT;Niederösterreich;Carnuntum;+43 2169 2225;;ÖWM-Betriebssuche
Maurer (Postgasse);Postgasse 35;3435;Zwentendorf an der Donau;AT;Niederösterreich;Wagram;+43 2277 2426;;ÖWM-Betriebssuche
Maurer (Unterdürnbach);Unterdürnbach 74;3721;Unterdürnbach;AT;Niederösterreich;Weinviertel;+43 2958 88323;fritz.maurer@gmx.at;ÖWM-Betriebssuche
Maurer Konrad;Wartberg 38;3730;Eggenburg;AT;Niederösterreich;Weinviertel;+43 2984 3769;maurer.konrad@aon.at;ÖWM-Betriebssuche
Maurer Leo;Winzerstrasse 19;3743;Röschitz;AT;Niederösterreich;Weinviertel;+43 676 3583807;info@maurerwein.at;ÖWM-Betriebssuche
Mauser (Bodenzeile);Bodenzeile 17;2221;Groß-Schweinbarth;AT;Niederösterreich;Weinviertel;+43 699 12539390;office@weingutmauser.at;ÖWM-Betriebssuche
Mauser (Hauptstrasse);Hauptstrasse 41;2120;Obersdorf;AT;Niederösterreich;Weinviertel;+43 699 11725496;weingut@mauser.at;ÖWM-Betriebssuche
Mauss (Am Anger);Am Anger 34;3492;Etsdorf am Kamp;AT;Niederösterreich;Kamptal;+43 2735 2438;office@mauss-wein.at;ÖWM-Betriebssuche
Mauss (Am Spitz);Am Spitz 12 Mauss;3485;Sittendorf;AT;Niederösterreich;Kamptal;+43 2735 2498;weingut@mauss.at;ÖWM-Betriebssuche
Mauss (Hauptstrasse);Hauptstrasse 8;3492;Walkersdorf am Kamp;AT;Niederösterreich;Kamptal;+43 2735 5035;gerhard.mauss@aon.at;ÖWM-Betriebssuche
Mayer (Brunnergasse);Brunnergasse 38;2380;Perchtoldsdorf;AT;Niederösterreich;Thermenregion;+43 664 2703048;info@weinbau-mayer.at;ÖWM-Betriebssuche
Mayer (Gut am Steg);Gut am Steg 11;3620;Spitz;AT;Niederösterreich;Wachau;+43 664 3902379;office@mayerwein.at;ÖWM-Betriebssuche
Mayer (Nr.);Nr. 31;2084;Fronsburg;AT;Niederösterreich;Weinviertel;+43 2948 8380;mayer@manhartsberger-winzer.at;ÖWM-Betriebssuche
Mayer (Obersulz);Obersulz 15;2224;Obersulz;AT;Niederösterreich;Weinviertel;+43 2534 269;felix-mayer@aon.at;ÖWM-Betriebssuche
Mayer (Pillersdorf);Pillersdorf 20;2073;Zellerndorf;AT;Niederösterreich;Weinviertel;+43 650 8608213;office@weinbaumayer.at;ÖWM-Betriebssuche
Mayer (Schloßstraße);Schloßstraße 12;2551;Enzesfeld-Lindabrunn;AT;Niederösterreich;Thermenregion;+43 664 5768007;info@weingut-mayer.at;ÖWM-Betriebssuche
Mayer (Weichselgasse);Weichselgasse 24;2500;Baden;AT;Niederösterreich;Thermenregion;+43 2252 879611;office@baerenschwanzel.at;ÖWM-Betriebssuche
Mayer (Wienerstraße);Wienerstraße 10;2222;Kollnbrunn;AT;Niederösterreich;Weinviertel;+43 664 4225150;andreas.mayer.1@gmx.at;ÖWM-Betriebssuche
Mayer Fam.;Zaunergasse 3;3133;Traismauer;AT;Niederösterreich;Traisental;+43 2276 21217;biohof-mayer@aon.at;ÖWM-Betriebssuche
Mayer Franz;Hauptstraße 40;2120;Obersdorf;AT;Niederösterreich;Weinviertel;+43 2245 3404;moahof@yahoo.at;ÖWM-Betriebssuche
Mayer Resch - Der Winzer am Rebentor;Steiner Kellergasse 40;3500;Krems an der Donau;AT;Niederösterreich;Kremstal;+43 2732 82636;mayer_resch@gmx.at;ÖWM-Betriebssuche
Mayer-Hörmann;Kirchengasse 17;3492;Engabrunn;AT;Niederösterreich;Kamptal;+43 664 1017056;mh@veltliner.at;ÖWM-Betriebssuche
Mayerhofer (Hauptstraße);Hauptstraße 127;2214;Auersthal;AT;Niederösterreich;Weinviertel;+43 2288 2385;;ÖWM-Betriebssuche
Mayerhofer (Holzweg);Holzweg 18;3430;Tulbing;AT;Niederösterreich;Wagram;+43 680 3128880;anita.schauer@aon.at;ÖWM-Betriebssuche
Mayerhofer (Wagramerstraße);Wagramerstraße 12;3133;Traismauer;AT;Niederösterreich;Traisental;+43 2783 6440;a.mayerhofer@gmx.net;ÖWM-Betriebssuche
Mayersistas;Nondorf 5;3594;Franzen;AT;Niederösterreich;;+43 664 2477356;mayersistas@gmail.com;ÖWM-Betriebssuche
Mayr (Hauptstrasse);Hauptstrasse 8;3420;Kritzendorf;AT;Niederösterreich;Wagram;+43 2243 82047;;ÖWM-Betriebssuche
Mayr (Josef Jamek Straße);Josef Jamek Straße 30;3610;Joching;AT;Niederösterreich;Wachau;+43 664 2213850;weingut@mayr-wachau.at;ÖWM-Betriebssuche
Mayr (Minichhofen);Minichhofen 12;3720;Minichhofen;AT;Niederösterreich;Weinviertel;+43 676 6205487;office@weingut-mayr.at;ÖWM-Betriebssuche
Mayr Ferdinand;Falkenberg 10;3541;Senftenberg;AT;Niederösterreich;Kremstal;+43 732 221983;office@ferdinand-mayr.at;ÖWM-Betriebssuche
Mayr Winzerhof;Oberthern 36;3701;Heldenberg;AT;Niederösterreich;;+43 680 1158841;office@winzerhof-mayr.at;ÖWM-Betriebssuche
Mazza;Auf der Burg 124;3610;Weißenkirchen in der Wachau;AT;Niederösterreich;Wachau;+43 2715 2300;weingut@mazza.at;ÖWM-Betriebssuche
Mechtler;Hauptstraße 85;2123;Wolfpassing a.d.Hochleithen;AT;Niederösterreich;Weinviertel;+43 2245 89143;adimechtler@aon.at;ÖWM-Betriebssuche
Mederitsch;Hauptstrasse 104;2213;Bockfließ;AT;Niederösterreich;Weinviertel;+43 2288 64364;paul.mederitsch@aon.at;ÖWM-Betriebssuche
Mehlstaub;Leopold-Hörbiger Str. 6;2544;Leobersdorf;AT;Niederösterreich;Thermenregion;+43 2256 63759;;ÖWM-Betriebssuche
Mehofer (Grossriedenthal);Grossriedenthal 82;3471;Großriedenthal;AT;Niederösterreich;Wagram;+43 2279 7236;heinrich.mehofer@gmx.at;ÖWM-Betriebssuche
Mehofer (Hauptstraße);Hauptstraße 121;3471;Großriedenthal;AT;Niederösterreich;Wagram;;josef.mehofer81@gmx.at;ÖWM-Betriebssuche
Mehofer (Ottenthal);Ottenthal 18;3470;Kirchberg am Wagram;AT;Niederösterreich;Wagram;+43 2279 2346;;ÖWM-Betriebssuche
Mehofer - Neudeggerhof;Neudegg 14;3471;Neudegg;AT;Niederösterreich;Wagram;+43 2279 7247;neudeggerhof@mehofer.at;ÖWM-Betriebssuche
Mehofer Victoria;Braunsdorf 21;3714;Braunsdorf;AT;Niederösterreich;Weinviertel;+43 676 9015083;mehofer.franz@outlook.de;ÖWM-Betriebssuche
Mehwald;Garmanns 5;2126;Ladendorf;AT;Niederösterreich;Weinviertel;+43 2575 20010;gerhard.mehwald@aon.at;ÖWM-Betriebssuche
Meierhof Raggendorf;Scheunengasse 26;2230;Gänserndorf;AT;Niederösterreich;Weinviertel;+43 699 11452053;office@wein-meierhof.at;ÖWM-Betriebssuche
Meisl;Zwettler Strasse 89;3550;Langenlois;AT;Niederösterreich;Kamptal;+43 2734 2159;weingut.meisl@aon.at;ÖWM-Betriebssuche
Meißner;Reichergasse 27;3400;Weidling;AT;Niederösterreich;Wagram;+43 676 4422347;office@bottleart.at;ÖWM-Betriebssuche
Melwisch;Am Kirchanger 5;2353;Guntramsdorf;AT;Niederösterreich;Thermenregion;+43 2236 53454;melwisch@direkt.at;ÖWM-Betriebssuche
Messerer;Hauptstrasse 58;2212;Großengersdorf;AT;Niederösterreich;Weinviertel;+43 676 6404068;messererpetra@gmail.com;ÖWM-Betriebssuche
Messermayer;Schulgasse 41;2464;Göttlesbrunn-Arbesthal;AT;Niederösterreich;Carnuntum;+43 2162 8472;;ÖWM-Betriebssuche
Meyer;Straning 197;3722;Straning-Grafenberg;AT;Niederösterreich;Weinviertel;+43 2984 7282;office@winzerhof-meyer.at;ÖWM-Betriebssuche
Michael Bauer;Mitterstockstall 27;3470;Kirchberg am Wagram;AT;Niederösterreich;Wagram;+43 664 5314641;office@weingut-michaelbauer.at;ÖWM-Betriebssuche
Michael Gindl - MG vom SOL;Marktplatz 29;2223;Hohenruppersdorf;AT;Niederösterreich;Weinviertel;+43 664 4136449;wein@mgsol.at;ÖWM-Betriebssuche
Michael Helm;Sommerseite 35;2225;Loidesthal;AT;Niederösterreich;Weinviertel;+43 681 84917581;helmmichael16@gmail.com;ÖWM-Betriebssuche
Michaela Riedmüller;Klosterplatz 4;2410;Hainburg a.d. Donau;AT;Niederösterreich;Carnuntum;+43 699 15016910;wein@michaelariedmueller.at;ÖWM-Betriebssuche
Michaela und Leopold Putz;Sommerzeile 24;2222;Kollnbrunn;AT;Niederösterreich;Weinviertel;+43 664 4027740;leo.putz@aon.at;ÖWM-Betriebssuche
Miestinger;Untere Ortsstraße 28;3134;Reichersdorf;AT;Niederösterreich;Traisental;+43 2783 8722;jmiestinger@yahoo.de;ÖWM-Betriebssuche
Mihalovics;Niedersulz 144;2224;Sulz im Weinviertel;AT;Niederösterreich;Weinviertel;+43 2534 755;weine@mihalovics.at;ÖWM-Betriebssuche
Millner;Alte Straße 4;3552;Stratzing;AT;Niederösterreich;Kremstal;+43 2719 8378;;ÖWM-Betriebssuche
Minkowitsch RM Roland;Kirchengasse 64b;2261;Mannersdorf an der March;AT;Niederösterreich;Weinviertel;+43 650 5900062;weingut@roland-minkowitsch.at;ÖWM-Betriebssuche
Mittelbach Franz;Untere Hauptstrasse 6;3495;Rohrendorf bei Krems;AT;Niederösterreich;Kremstal;+43 2732 84401;office@weine-mittelbach.at;ÖWM-Betriebssuche
Mittelbach Gottfried;Neuweidlinger Strasse 18;3495;Rohrendorf bei Krems;AT;Niederösterreich;Kremstal;+43 2732 84351;office@weingut-mittelbach.at;ÖWM-Betriebssuche
Mitterhauser;Puch 20;2014;Puch;AT;Niederösterreich;Weinviertel;+43 650 8652244;office@weingut-mitterhauser.at;ÖWM-Betriebssuche
Mittermayer;Winzerstraße 3;2223;Martinsdorf;AT;Niederösterreich;Weinviertel;+43 650 2487858;office@winzerhof-mittermayer.at;ÖWM-Betriebssuche
Mitternast;Pernersdorf 40;2052;Pernersdorf;AT;Niederösterreich;Weinviertel;+43 2944 81105;office@mitternast.com;ÖWM-Betriebssuche
Mittis Vino;Zeiselberger Kellergasse 38;3550;Gobelsburg;AT;Niederösterreich;Kamptal;+43 664 3465051;sigi.mittendorfer@gmx.at;ÖWM-Betriebssuche
Mock;Fürstenstraße 35;2170;Ketzelsdorf;AT;Niederösterreich;Weinviertel;+43 2552 2239;erhard.mock@icloud.com;ÖWM-Betriebssuche
Mohrenberger;Beatrixgasse 16;2380;Perchtoldsdorf;AT;Niederösterreich;Thermenregion;+43 1 8695903;;ÖWM-Betriebssuche
Mokesch;Feldgasse 20;2054;Haugsdorf;AT;Niederösterreich;Weinviertel;+43 2944 2228;mokesch.weinundbett@aon.at;ÖWM-Betriebssuche
Mold;St. Pöltner Strasse 15;3512;Mautern an der Donau;AT;Niederösterreich;Wachau;+43 2732 87550;office@weingut-mold.at;ÖWM-Betriebssuche
Mold Ing. Johannes;Kiblitz 18;3710;Ziersdorf;AT;Niederösterreich;Weinviertel;+43 2956 2334;johannes.mold@aon.at;ÖWM-Betriebssuche
Moser Hermann;Bahnstraße 36;3495;Rohrendorf bei Krems;AT;Niederösterreich;Kremstal;+43 676 4232024;office@moser-hermann.at;ÖWM-Betriebssuche (Update bestehender Leadlisten-Eintrag)
Mrozowski Christian;Parkstraße 30 Mrozowski Christian;2223;Hohenruppersdorf;AT;Niederösterreich;Weinviertel;+43 664 3577700;wein@mrozowski.at;ÖWM-Betriebssuche
Much;Straning 113;3722;Straning-Grafenberg;AT;Niederösterreich;Weinviertel;+43 2984 7279;winzerhof@much.at;ÖWM-Betriebssuche
Much Alfred;Straning 18;3722;Straning-Grafenberg;AT;Niederösterreich;Weinviertel;+43 2984 7304;winzerhof-alfred.much@aon.at;ÖWM-Betriebssuche
Muhr;Alte Bundesstraße 1;2463;Stixneusiedl;AT;Niederösterreich;Carnuntum;+43 2169 2615;muhrweine@gmx.at;ÖWM-Betriebssuche
Muhr a.muhr Andreas;Hauptsrtaße 7 Muhr a.muhr Andreas;2463;Stixneusiedl;AT;Niederösterreich;Carnuntum;+43 699 11463502;office@amuhr.at;ÖWM-Betriebssuche
Musser;Unterau 3;3141;Kapelln;AT;Niederösterreich;Traisental;+43 2784 2295;;ÖWM-Betriebssuche
Muthenthaler;Schwallenbach 50;3620;Spitz;AT;Niederösterreich;Wachau;+43 676 5016526;stefan@muthenthaler-wachau.at;ÖWM-Betriebssuche
Muthenthaler Martin;Bachstraße 11;3622;Mühldorf;AT;Niederösterreich;Wachau;+43 676 6041768;buero@weingut-muthenthaler.at;ÖWM-Betriebssuche
Mörtinger;Nr. 20;3601;Oberloiben;AT;Niederösterreich;Wachau;;wachau@winzerhof-moertinger.at;ÖWM-Betriebssuche
Mörwald GmbH;Winzerweg 26;3483;Grafenwörth;AT;Niederösterreich;Wagram;+43 2738 8549;office@weinbau-moerwald.com;ÖWM-Betriebssuche
Möth;Schrattenthal 21;2073;Schrattenthal;AT;Niederösterreich;Weinviertel;+43 2946 8319;info@moeth.at;ÖWM-Betriebssuche
Mößlinger;Untere Hauptstraße 9;3552;Stratzing;AT;Niederösterreich;Kremstal;+43 650 9901444;office@moesslinger.at;ÖWM-Betriebssuche
Mühlegger;Dörflergasse 6;2504;Sooß;AT;Niederösterreich;Thermenregion;+43 2252 21397;;ÖWM-Betriebssuche
Mühlfeldhof;Rudolf-Kasper-Gasse 26;2511;Pfaffstätten;AT;Niederösterreich;Thermenregion;+43 2252 87626;wein@muehlfeldhof.at;ÖWM-Betriebssuche
Müller (Hollenburgerstraße);Hollenburgerstraße 12;3508;Krustetten;AT;Niederösterreich;Kremstal;+43 2739 2691;info@weingutmueller.at;ÖWM-Betriebssuche (Update bestehender Leadlisten-Eintrag)
Müller (Kirchnerstraße);Kirchnerstraße 21;2464;Göttlesbrunn-Arbesthal;AT;Niederösterreich;Carnuntum;+43 664 5538752;;ÖWM-Betriebssuche
Müller Markus;Wegscheidgasse 4;3134;Reichersdorf;AT;Niederösterreich;Traisental;+43 664 5338897;office@mueller-weine.at;ÖWM-Betriebssuche
Müller-Grossmann;Lindengasse 25;3511;Furth bei Göttweig;AT;Niederösterreich;Kremstal;+43 664 2165443;office@mueller-grossmann.at;ÖWM-Betriebssuche (Update bestehender Leadlisten-Eintrag)
Müllner (Alberndorf);Alberndorf 291;2054;Haugsdorf;AT;Niederösterreich;Weinviertel;+43 2944 2811;;ÖWM-Betriebssuche
Müllner (Dürnleis);Dürnleis 47;2033;Nappersdorf-Kammersdorf;AT;Niederösterreich;Weinviertel;+43 676 9558755;info@weinbau-muellner.at;ÖWM-Betriebssuche
Müllner (Körnermarkt);Körnermarkt 10;3500;Krems an der Donau;AT;Niederösterreich;Kremstal;+43 676 3420968;office@weingut-muellner.at;ÖWM-Betriebssuche
Müllner (Unterwölbling 2);Unterwölbling 2;3124;Oberwölbling;AT;Niederösterreich;Traisental;+43 2786 2440;office@winzerhof-muellner.at;ÖWM-Betriebssuche
Müllner (Unterwölbling 46);Unterwölbling 46;3124;Oberwölbling;AT;Niederösterreich;Traisental;+43 2786 2210;muellner.weinbau@gmx.at;ÖWM-Betriebssuche
Müllner (Vogtgasse);Vogtgasse;2264;Jedenspeigen;AT;Niederösterreich;Weinviertel;+43 650 5808653;office@wein-muellner.at;ÖWM-Betriebssuche
Müllner Wolfgang;Neusiedler Str. 42;3134;Nußdorf ob der Traisen;AT;Niederösterreich;Traisental;+43 2783 6060;info@weingutmuellner.at;ÖWM-Betriebssuche
Münzker;Am Sportplatz 8;2244;Spannberg;AT;Niederösterreich;Weinviertel;+43 2538 8255;hans.muenzker@aon.at;ÖWM-Betriebssuche
Nadler;Zwetschkenzipf 12;2464;Göttlesbrunn-Arbesthal;AT;Niederösterreich;Carnuntum;+43 664 1828673;info@weingut-nadler.at;ÖWM-Betriebssuche
Nagelmayer;Kleinjetzelsdorf 6;3730;Eggenburg;AT;Niederösterreich;Weinviertel;+43 699 12760020;daniela.weissensteiner@gmx.net;ÖWM-Betriebssuche
Nagl Roland und Gabriela;Wiener Straße 41;3433;Königstetten;AT;Niederösterreich;Wagram;+43 2273 7343;roland@weinbau-nagl.at;ÖWM-Betriebssuche
Nastl;Gartenzeile 17;3550;Langenlois;AT;Niederösterreich;Kamptal;+43 2734 2903;office@nastl.at;ÖWM-Betriebssuche (Update bestehender Leadlisten-Eintrag)
Neckam;Holzleitenstraße 9;2132;Mistelbach;AT;Niederösterreich;Weinviertel;+43 676 7023725;info@wein-neckam.at;ÖWM-Betriebssuche
Neid;Hauptstrasse 62;2120;Obersdorf;AT;Niederösterreich;Weinviertel;+43 676 4839162;info@weingut-neid.at;ÖWM-Betriebssuche
Nekham Josef;Schwemmzeile 38;2130;Paasdorf;AT;Niederösterreich;Weinviertel;+43 2572 3959;office@nekham-weine.at;ÖWM-Betriebssuche
Nepomukhof;Dorfstrasse 2;2464;Göttlesbrunn-Arbesthal;AT;Niederösterreich;Carnuntum;+43 664 9128405;grassl@nepomukhof.at;ÖWM-Betriebssuche
Nestroy auf Lichtenstein;Hauptstrasse 43-45;2344;Maria Enzersdorf;AT;Niederösterreich;Thermenregion;;;ÖWM-Betriebssuche
Netzl Franz & Christine;Rosenbergstrasse 17;2464;Göttlesbrunn-Arbesthal;AT;Niederösterreich;Carnuntum;+43 2162 8236;weingut@netzl.com;ÖWM-Betriebssuche (Update bestehender Leadlisten-Eintrag)
Netzl Martin;Rosenbergstrasse 1;2464;Göttlesbrunn-Arbesthal;AT;Niederösterreich;Carnuntum;+43 2162 8201;weingut@netzl.net;ÖWM-Betriebssuche
Neubauer;Kleinhöflein, Obere Neubauer Hauptstraße 60;2070;Retz;AT;Niederösterreich;Weinviertel;+43 664 1804346;weingut-neubauer@utanet.at;ÖWM-Betriebssuche
Neuberger;Priessnitzgasse 11;2340;Mödling;AT;Niederösterreich;Thermenregion;+43 2236 22209;weingutneuberger@gmx.at;ÖWM-Betriebssuche
Neuhold (Hauptplatz);Hauptplatz 16;3730;Eggenburg;AT;Niederösterreich;Weinviertel;+43 2984 3668;weingut-neuhold@aon.at;ÖWM-Betriebssuche
Neuhold (Niederschleinz);Niederschleinz 32;3721;Limberg;AT;Niederösterreich;Weinviertel;+43 2959 2087;;ÖWM-Betriebssuche
Neuhold Thomas;Unterdürnbach 69;3721;Unterdürnbach;AT;Niederösterreich;Weinviertel;+43 2958 88213;neuhold-weine@gmx.at;ÖWM-Betriebssuche
Neuhuber Franz;Gross Inzersdorf 25;2225;Zistersdorf;AT;Niederösterreich;Weinviertel;+43 2532 80572;neuhuber.franz@aon.at;ÖWM-Betriebssuche
Neumayer;Niedersulz 245;2224;Sulz im Weinviertel;AT;Niederösterreich;Weinviertel;+43 664 5101286;office@weingut-neumayer.at;ÖWM-Betriebssuche
Neumayer Robert;Roseldorferstraße 11;3743;Röschitz;AT;Niederösterreich;Weinviertel;+43 664 1428336;robert.neumayer@wavenet.at;ÖWM-Betriebssuche
Neumayr;Nr. 9;3720;Minichhofen;AT;Niederösterreich;Weinviertel;+43 664 75009090;sepp.neumayr@aon.at;ÖWM-Betriebssuche
Neunteufel;Waitzendorf 18;2073;Zellerndorf;AT;Niederösterreich;Weinviertel;+43 2946 8262;;ÖWM-Betriebssuche
Neunteufl;Viendorf 33;2013;Göllersdorf;AT;Niederösterreich;Weinviertel;+43 650 9797357;info@weingut-neunteufl.at;ÖWM-Betriebssuche
Neustifter (Golfplatz);Golfplatz 3;2170;Poysdorf;AT;Niederösterreich;Weinviertel;+43 2552 3435;info@weingut-neustifter.at;ÖWM-Betriebssuche
Neustifter (Winzerzeile);Winzerzeile 21;2222;Kollnbrunn;AT;Niederösterreich;Weinviertel;+43 2574 28152;;ÖWM-Betriebssuche
Nibiru Wine;Thürneustift 6;3562;Schönberg am Kamp;AT;Niederösterreich;Kamptal;+43 664 1227406;mail@nibiru.wine;ÖWM-Betriebssuche
Niedermayer (Hauptplatz);Hauptplatz 44;2013;Göllersdorf;AT;Niederösterreich;Weinviertel;+43 2954 2781;;ÖWM-Betriebssuche
Niedermayer (Kupferschmiedgasse);Kupferschmiedgasse 19;2201;Hagenbrunn;AT;Niederösterreich;Weinviertel;+43 664 1001014;;ÖWM-Betriebssuche
Niefergall;Hauptstrasse 1;2412;Wolfsthal;AT;Niederösterreich;Carnuntum;+43 2165 63319;;ÖWM-Betriebssuche
Niegl;Feldstrasse 27;2345;Brunn am Gebirge;AT;Niederösterreich;Thermenregion;+43 2236 35555;;ÖWM-Betriebssuche
Niehsner;Hundsheim 16;3512;Mautern an der Donau;AT;Niederösterreich;Wachau;+43 664 4021543;johann.niehsner@aon.at;ÖWM-Betriebssuche
Nierscher;Hauptstrasse 190;3400;Klosterneuburg;AT;Niederösterreich;Wagram;+43 2243 33933;buschenschanknierscher@gmx.at;ÖWM-Betriebssuche
Nigl (Elisabethstrasse);Elisabethstrasse 10;2380;Perchtoldsdorf;AT;Niederösterreich;Thermenregion;+43 1 8698376;f.nigl@kabsi.at;ÖWM-Betriebssuche
Nigl (Hochstrasse);Hochstrasse 73;2380;Perchtoldsdorf;AT;Niederösterreich;Thermenregion;+43 1 8654243;;ÖWM-Betriebssuche
Nigl (Kirchenberg);Kirchenberg 1;3541;Senftenberg;AT;Niederösterreich;Kremstal;+43 2719 2609;info@weingutnigl.at;ÖWM-Betriebssuche (Update bestehender Leadlisten-Eintrag)
Nigl (Rudolfgasse);Rudolfgasse 2;2380;Perchtoldsdorf;AT;Niederösterreich;Thermenregion;+43 1 8698370;;ÖWM-Betriebssuche
Nigl (Vierbatzstraße);Vierbatzstraße 5;2380;Perchtoldsdorf;AT;Niederösterreich;Thermenregion;+43 650 2628076;georg@nigl.com;ÖWM-Betriebssuche
Nigl Toni & Birgit;Brunnergasse 36;2380;Perchtoldsdorf;AT;Niederösterreich;Thermenregion;+43 1 8651816;toni@nigl.me;ÖWM-Betriebssuche
Niki Windisch;Kurze Zeile 66;2212;Großengersdorf;AT;Niederösterreich;Weinviertel;+43 699 12867471;niki@weingut-windisch.at;ÖWM-Betriebssuche
Nikolaihof Wachau;Nikolaigasse 3;3512;Mautern an der Donau;AT;Niederösterreich;Wachau;+43 2732 82901;wein@nikolaihof.at;ÖWM-Betriebssuche (Update bestehender Leadlisten-Eintrag)
Nimmervoll (Neudegg);Neudegg 13;3471;Großriedenthal;AT;Niederösterreich;Wagram;+43 2279 7534;weingut-nimmervoll@gmx.at;ÖWM-Betriebssuche
Nimmervoll (Steingassl);Steingassl 30;3470;Engelmannsbrunn;AT;Niederösterreich;Wagram;+43 676 9503682;office@nimmervoll.cc;ÖWM-Betriebssuche
Nolz;Kellergasse am Eichberg;3133;Traismauer;AT;Niederösterreich;Traisental;+43 664 73534223;office@nolzwein.at;ÖWM-Betriebssuche (Update bestehender Leadlisten-Eintrag)
Nord und Süd;See 4;3562;Schönberg am Kamp;AT;Niederösterreich;Kamptal;+43 660 7040203;info@nordundsud.at;ÖWM-Betriebssuche
Nosko;Altmannistrasse 3;3511;Furth bei Göttweig;AT;Niederösterreich;Kremstal;+43 2732 82940;;ÖWM-Betriebssuche
Nowak;Mühlgasse 2;2353;Guntramsdorf;AT;Niederösterreich;Thermenregion;+43 664 3032802;office@wein-nowak.at;ÖWM-Betriebssuche
Nunzer;Mitterarnsdorf 26;3621;Rossatz-Arnsdorf;AT;Niederösterreich;Wachau;+43 2714 8283;;ÖWM-Betriebssuche
Nutz;Nr. 28;2051;Zellerndorf;AT;Niederösterreich;Weinviertel;+43 650 3470584;herwignutz@icloud.com;ÖWM-Betriebssuche
NÖ Landesweingut Hollabrunn;Sonnleitenweg 2;2020;Hollabrunn;AT;Niederösterreich;Weinviertel;+43 2952 2133231;lwg.hollabrunn@diefachschule.at;ÖWM-Betriebssuche
NÖ Landesweingut Mistelbach;Winzerschulgasse 50;2130;Mistelbach;AT;Niederösterreich;Weinviertel;+43 2572 24210;direktion@lfs-mistelbach.ac.at;ÖWM-Betriebssuche
NÖ Landesweingut Retz - Gut Altenberg;Seeweg 2;2070;Retz;AT;Niederösterreich;Weinviertel;+43 2942 2202;lwg.retz@diefachschule.at;ÖWM-Betriebssuche
NÖ Landesweingüter;Landhauskeller, Landhausplatz 1;3100;St. Pölten;AT;Niederösterreich;Traisental;+43 2742 900513045;keller@wbs-krems.at;ÖWM-Betriebssuche
Obenaus;Hauptstrasse 53;3471;Großriedenthal;AT;Niederösterreich;Wagram;+43 664 9288455;info@winzerhof-obenaus.at;ÖWM-Betriebssuche
Obenaus Martin;Lange Zeile 24;3704;Glaubendorf;AT;Niederösterreich;Weinviertel;+43 664 2490742;office@weingut-obenaus.at;ÖWM-Betriebssuche
Obermayer;Zum Kogel 3;3714;Sitzendorf an der Schmida;AT;Niederösterreich;Weinviertel;+43 2956 2369;weinbaukuehrer@gmail.com;ÖWM-Betriebssuche
Obermayr;Dorntal 11;3541;Senftenberg;AT;Niederösterreich;Kremstal;+43 2719 8138;office@weingut-obermayr.at;ÖWM-Betriebssuche
Oberschil;Schlossgasse 17;2102;Hagenbrunn;AT;Niederösterreich;Weinviertel;+43 2262 672780;heuriger@oberschil.at;ÖWM-Betriebssuche
Oberschil-Rieger (Hauptstraße);Hauptstraße 4;2102;Hagenbrunn;AT;Niederösterreich;Weinviertel;+43 2262 672949;heuriger@oberschil-rieger.at;ÖWM-Betriebssuche
Oberschil-Rieger (Stammersdorferstrasse);Stammersdorferstrasse 21;2102;Hagenbrunn;AT;Niederösterreich;Weinviertel;+43 2262 672782;weingut@oberschil-rieger.at;ÖWM-Betriebssuche
Obetzhauser;Gruber Hauptstraße 30;2262;Stillfried;AT;Niederösterreich;Weinviertel;+43 2283 2368;obetzhauser@gmail.com;ÖWM-Betriebssuche
Obritzhauser (Kiblitz);Kiblitz 19;3710;Ziersdorf;AT;Niederösterreich;Weinviertel;+43 2956 2332;;ÖWM-Betriebssuche
Obritzhauser (Kremser Straße);Kremser Straße 1;3711;Großmeiseldorf;AT;Niederösterreich;Weinviertel;+43 2957 245;obritzhauser-weine@aon.at;ÖWM-Betriebssuche
Ockermüller;Hauptstrasse 37;3420;Kritzendorf;AT;Niederösterreich;Wagram;;;ÖWM-Betriebssuche
Ofenböck;Eichbüchl 32;2801;Katzelsdorf;AT;Niederösterreich;Thermenregion;+43 2622 78437;;ÖWM-Betriebssuche
Olscher;Poststr 5;2170;Poysdorf;AT;Niederösterreich;Weinviertel;+43 699 11106640;martin.olscher@gmx.at;ÖWM-Betriebssuche
Oppelmayer;Kirchenstraße 9;2464;Göttlesbrunn;AT;Niederösterreich;Carnuntum;+43 2162 8237;weingut@oppelmayer.at;ÖWM-Betriebssuche
Oppenauer;Oberer Markt 46;2170;Poysdorf;AT;Niederösterreich;Weinviertel;+43 2552 2179;;ÖWM-Betriebssuche
Ortmann;Ambach 75;3124;Oberwölbling;AT;Niederösterreich;Traisental;+43 2786 2576;;ÖWM-Betriebssuche
Ott;Obere Ortsstraße 37;3134;Nußdorf ob der Traisen;AT;Niederösterreich;Traisental;+43 664 5271508;info@ott-traisental.at;ÖWM-Betriebssuche
Ott Andreas;Schlossgasse 9;2102;Hagenbrunn;AT;Niederösterreich;Weinviertel;+43 2262 672120;office@andreasott.at;ÖWM-Betriebssuche
Ott Bernhard;Neufang 36;3483;Feuersbrunn;AT;Niederösterreich;Wagram;+43 2738 2257;bernhard@ott.at;ÖWM-Betriebssuche (Update bestehender Leadlisten-Eintrag)
Oßberger;Neuweidlinger Strasse 56;3495;Rohrendorf bei Krems;AT;Niederösterreich;Kremstal;+43 2732 86712;markusossberger@a1.net;ÖWM-Betriebssuche
Paar;Siedlungsgasse 8;2472;Prellenkirchen;AT;Niederösterreich;Carnuntum;+43 2145 2308;;ÖWM-Betriebssuche
Pably;Rafing 36;3741;Pulkau;AT;Niederösterreich;Weinviertel;+43 2946 2870;;ÖWM-Betriebssuche
Pagler;Hauptstrasse 52;2504;Sooß;AT;Niederösterreich;Thermenregion;+43 2252 84133;info@weingut-pagler.at;ÖWM-Betriebssuche
Paier;Dorfstraße 7;2070;Mitterretzbach;AT;Niederösterreich;Weinviertel;+43 2942 3647;office@weingutpaier.at;ÖWM-Betriebssuche
Pammer;Höbenbach 50;3511;Furth bei Göttweig;AT;Niederösterreich;Kremstal;+43 2736 7271;;ÖWM-Betriebssuche
Pamperl;Hart 46;2041;Wullersdorf;AT;Niederösterreich;Weinviertel;+43 2953 2369;;ÖWM-Betriebssuche
Pamperl Gerhard;Hollabrunnerstrasse 11;3710;Ziersdorf;AT;Niederösterreich;Weinviertel;+43 699 11112242;mail@pamperl-wein.at;ÖWM-Betriebssuche
Pamperl Johann;Hart 46;2041;Wullersdorf;AT;Niederösterreich;Weinviertel;+43 2953 2369;raphael_pamperl@hotmail.de;ÖWM-Betriebssuche
Panholzer (Dorfstraße);Dorfstraße 33;3711;Großmeiseldorf;AT;Niederösterreich;Weinviertel;+43 680 3044650;wilhelm.panholzer@gmx.at;ÖWM-Betriebssuche
Panholzer (Hohenwarth);Hohenwarth 47;3472;Hohenwarth-Mühlbach a.M.;AT;Niederösterreich;Weinviertel;+43 2957 238;;ÖWM-Betriebssuche
Paradeiser Josef;In der Leithen 65;3500;Krems an der Donau;AT;Niederösterreich;Kremstal;;weingut@wein-paradeiser.at;ÖWM-Betriebssuche
Paradeiser Peter;Kellergasse Scheibe, Post: Am Kogel 12;3481;Fels am Wagram;AT;Niederösterreich;Wagram;+43 650 9861817;bioweinbau@peter-paradeiser.at;ÖWM-Betriebssuche
Parisch;Obere Hauptstrasse 10;3553;Schiltern;AT;Niederösterreich;Kamptal;+43 2734 8593;office@weinbau-parisch.at;ÖWM-Betriebssuche
Parth Maria und Thomas;Grosse Zeile 24;2171;Herrnbaumgarten;AT;Niederösterreich;Weinviertel;+43 664 3672184;parth@herrnbaumgarten.at;ÖWM-Betriebssuche
Parzer;Oberndorferstrasse 69;3133;Traismauer;AT;Niederösterreich;Traisental;+43 2783 7243;;ÖWM-Betriebssuche
Parzer Christian;Oberfucha 9;3511;Furth bei Göttweig;AT;Niederösterreich;Kremstal;+43 2739 2414;office@weinhof-parzer.at;ÖWM-Betriebssuche
Pasching-Klinglhuber;Walterstraße 42;3550;Langenlois;AT;Niederösterreich;Kamptal;+43 664 4521929;pasching-klinglhuber@gmx.at;ÖWM-Betriebssuche
Paschinger;Ferdinand-Grasser- Strasse 330;3511;Furth bei Göttweig;AT;Niederösterreich;Kremstal;+43 2732 81069;;ÖWM-Betriebssuche
Pass (Etzmannsdorf);Etzmannsdorf 11;3722;Straning-Grafenberg;AT;Niederösterreich;Weinviertel;+43 664 5912142;office@weingut-pass.at;ÖWM-Betriebssuche (Update bestehender Leadlisten-Eintrag)
Pass (Stoitzendorf);Stoitzendorf 10;3730;Meiseldorf;AT;Niederösterreich;Weinviertel;+43 2984 3344;weinbau.pass@gmx.at;ÖWM-Betriebssuche
Passecker;Neudegg 32;3471;Großriedenthal;AT;Niederösterreich;Wagram;+43 2279 7232;;ÖWM-Betriebssuche
Passionswein Eibesthal;Marktweg 27;2130;Eibesthal;AT;Niederösterreich;Weinviertel;+43 676 9499592;michael.hoermann@wien.gv.at;ÖWM-Betriebssuche
Patzl;Elsarn, Am Berg 46;3491;Straß im Straßertale;AT;Niederösterreich;Kamptal;+43 664 4984306;office@weingut-patzl.at;ÖWM-Betriebssuche
Paul (Dorfstrasse);Dorfstrasse 10;2464;Göttlesbrunn-Arbesthal;AT;Niederösterreich;Carnuntum;+43 2162 8451;;ÖWM-Betriebssuche
Paul (Satzengasse);Satzengasse 3;2100;Leobendorf;AT;Niederösterreich;Weinviertel;+43 664 9482137;alexander.paul@weingutpaul.at;ÖWM-Betriebssuche
Paul D.;Mitterstockstall 43;3470;Kirchberg am Wagram;AT;Niederösterreich;Wagram;+43 664 8199565;paul@paul-d.at;ÖWM-Betriebssuche
Pausch;Erdölstraße 60;2185;Wilfersdorf;AT;Niederösterreich;Weinviertel;+43 2573 2378;;ÖWM-Betriebssuche
Pauser (Hauptplatz);Hauptplatz 11;3481;Fels am Wagram;AT;Niederösterreich;Wagram;+43 2738 20027;weinbau-pauser@aon.at;ÖWM-Betriebssuche
Pauser (Oberarnsdorf);Oberarnsdorf 47;3621;Rossatz-Arnsdorf;AT;Niederösterreich;Wachau;+43 2714 8371;;ÖWM-Betriebssuche
Pawlik;An der Zeil 29;3434;Tulbing;AT;Niederösterreich;Wagram;+43 2273 7679;;ÖWM-Betriebssuche
Pax;Weinbergstraße 27;3610;Joching;AT;Niederösterreich;Wachau;+43 664 4065858;wein@weingut-pax.at;ÖWM-Betriebssuche
Payr;Dorfstrasse 18;2465;Höflein;AT;Niederösterreich;Carnuntum;+43 664 2307535;robert@weingut-payr.at;ÖWM-Betriebssuche (Update bestehender Leadlisten-Eintrag)
Pazelt;Platt 75;2051;Platt;AT;Niederösterreich;Weinviertel;+43 2945 2510;wilhelm.pazelt@gmail.com;ÖWM-Betriebssuche
Peer;Neustiftgasse 241;2024;Mailberg;AT;Niederösterreich;Weinviertel;+43 676 9486220;office@weingut-peer.at;ÖWM-Betriebssuche
Pegler;Dorfstraße 16;3463;Stetteldorf am Wagram;AT;Niederösterreich;Wagram;+43 2278 3165;weinkunst@pegler.at;ÖWM-Betriebssuche
Pelikan Manfred;Bahnstraße 18;2264;Sierndorf an der March;AT;Niederösterreich;Weinviertel;+43 2536 87202;pelikan-wein@gmx.at;ÖWM-Betriebssuche
Pelzmann;Hauptstrasse 27;2413;Berg;AT;Niederösterreich;Carnuntum;+43 664 3732175;office@weingut-pelzmann.at;ÖWM-Betriebssuche
Pemp;Obere Hauptstraße 11;2291;Lassee;AT;Niederösterreich;Weinviertel;+43 2213 3140;buschenschank.pemp@aon.at;ÖWM-Betriebssuche
Penisch Josef;Nr. 13;2153;Oberschoderlee;AT;Niederösterreich;Weinviertel;+43 2526 5662;weinbau.penisch@aon.at;ÖWM-Betriebssuche
Pennerstorfer;Ottenthal 3;3470;Kirchberg am Wagram;AT;Niederösterreich;Wagram;+43 2279 2328;weingut.pennerstorfer@aon.at;ÖWM-Betriebssuche
Perger;Sulzgasse 11;2405;Bad Deutsch-Altenburg;AT;Niederösterreich;Carnuntum;+43 650 5275011;thomas.perger@aon.at;ÖWM-Betriebssuche
Perko-Mosauer Thomas;Gföhler Straße 3a;3552;Lengenfeld;AT;Niederösterreich;Kremstal;+43 2719 30199;thomas.perko-mosauer@aon.at;ÖWM-Betriebssuche
Personengemeinschaft Schratt;Roggendorf 10a;3730;Roggendorf;AT;Niederösterreich;Weinviertel;+43 2984 2960;alois.schratt@gmx.at;ÖWM-Betriebssuche
Pertl;Gross Inzersdorf 56;2225;Zistersdorf;AT;Niederösterreich;Weinviertel;+43 2532 8358;;ÖWM-Betriebssuche
Pertl-Kreusel Johann;Hauptstrasse 141;2504;Sooß;AT;Niederösterreich;Thermenregion;+43 2252 45455;;ÖWM-Betriebssuche
Pesau;Wiagasse 253;2162;Falkenstein;AT;Niederösterreich;Weinviertel;+43 2554 6705;office@pesau.at;ÖWM-Betriebssuche (Update bestehender Leadlisten-Eintrag)
Peter;Mannigfallerstraße 313;3571;Gars am Kamp;AT;Niederösterreich;Kamptal;+43 676 5255752;office@weingut-peter.at;ÖWM-Betriebssuche
Peter Terscinar;Brunngasse 66;2170;Poysdorf;AT;Niederösterreich;Weinviertel;+43 650 5166085;terscinar@weingut-pt.at;ÖWM-Betriebssuche
Petricek;Retzerstraße 42-46;2070;Unternalb;AT;Niederösterreich;Weinviertel;+43 650 4864893;info@petricek-wein.at;ÖWM-Betriebssuche
Petz;Förthofstraße 7;3500;Krems an der Donau;AT;Niederösterreich;Kremstal;+43 676 3315258;office@winzerhof-petz.at;ÖWM-Betriebssuche
Petz Weingut Karin;Obritz 321a;2061;Hadres;AT;Niederösterreich;Weinviertel;+43 2943 3888;info@weingut-petz.at;ÖWM-Betriebssuche
Pfaffinger;Nr. 27;3601;Dürnstein;AT;Niederösterreich;Wachau;;;ÖWM-Betriebssuche
Pfaffl Heinz und Theresia;Hauptstraße 38;2100;Stetten;AT;Niederösterreich;Weinviertel;+43 2262 673653;buschenschank@pfaffl.co.at;ÖWM-Betriebssuche
Pfaffl R&A;Schulgasse 21;2100;Stetten;AT;Niederösterreich;Weinviertel;+43 2262 673423;wein@pfaffl.at;ÖWM-Betriebssuche (Update bestehender Leadlisten-Eintrag)
Pfalz;Parkstrasse 20;2223;Hohenruppersdorf;AT;Niederösterreich;Weinviertel;+43 2574 8376;reinhard@pfalz.at;ÖWM-Betriebssuche
Pfarr;Eichhorn 37;2225;Zistersdorf;AT;Niederösterreich;Weinviertel;+43 2532 8588;pfarr.h@aon.at;ÖWM-Betriebssuche
Pfeffel Dürnstein;Zur Himmelsstiege 122;3601;Dürnstein;AT;Niederösterreich;Wachau;+43 2711 206;info@pfeffel.at;ÖWM-Betriebssuche
Pfeffer;Hauptplatz 11;2191;Gaweinstal;AT;Niederösterreich;Weinviertel;+43 2574 2532;wines.pfeffer@gmx.net;ÖWM-Betriebssuche
Pfeifer Johann;Marichtalerweg 11;2020;Hollabrunn;AT;Niederösterreich;Weinviertel;+43 2952 213349;pfeifer.johann@gmx.at;ÖWM-Betriebssuche
Pfeiffer (Hauptstrasse);Hauptstrasse 34;2145;Hausbrunn;AT;Niederösterreich;Weinviertel;+43 2533 89851;pfeiffer14@aon.at;ÖWM-Betriebssuche
Pfeiffer (Schlossallee);Schlossallee 37;3704;Heldenberg;AT;Niederösterreich;Weinviertel;+43 676 7923063;office@dasweingut.at;ÖWM-Betriebssuche
Pfeiffer (Triftberg);Triftberg 1;2161;Poysbrunn;AT;Niederösterreich;Weinviertel;+43 2554 85416;;ÖWM-Betriebssuche
Pfeiffer (Wienerstrasse);Wienerstrasse 59;3701;Großweikersdorf;AT;Niederösterreich;Wagram;+43 2955 70341;;ÖWM-Betriebssuche
Pferschy-Seper;Fr. Schillerstr.6;2340;Mödling;AT;Niederösterreich;Thermenregion;+43 2236 892845;wein@pferschy-seper.at;ÖWM-Betriebssuche
Pfiel;Ahrenberger Kellergasse;3133;Traismauer;AT;Niederösterreich;Traisental;+43 2276 2323;;ÖWM-Betriebssuche
Pfliegler;Obere Ortsstrasse 17;2170;Kleinhadersdorf;AT;Niederösterreich;Weinviertel;+43 2552 3639;;ÖWM-Betriebssuche
Pfundner;Hauptstraße 6;2202;Enzersfeld;AT;Niederösterreich;Weinviertel;+43 2262 673383;w.pfundner@aon.at;ÖWM-Betriebssuche
Philipp;Hauptstraße 23;2722;Weikersdorf am Steinfelde;AT;Niederösterreich;Thermenregion;+43 650 2380438;christian.philipp@weinobst.at;ÖWM-Betriebssuche
Philipp Mayer;Hauptplatz 1;2203;Großebersdorf;AT;Niederösterreich;Weinviertel;+43 664 2863505;mayerherbert977@gmail.com;ÖWM-Betriebssuche
Pichler (Neugasse);Neugasse 14;2340;Mödling;AT;Niederösterreich;Thermenregion;+43 2236 24863;;ÖWM-Betriebssuche
Pichler (Reisperbachtalstrasse);Reisperbachtalstrasse 3;3500;Krems an der Donau;AT;Niederösterreich;Kremstal;+43 2732 74627;;ÖWM-Betriebssuche
Pichler (Sportplatzsiedlung);Sportplatzsiedlung 11;2465;Höflein;AT;Niederösterreich;Carnuntum;+43 2162 63110;weinbau.pichler@gmx.at;ÖWM-Betriebssuche
Pichler (Untere Hauptstrasse);Untere Hauptstrasse 23;3495;Rohrendorf bei Krems;AT;Niederösterreich;Kremstal;+43 2732 71840;;ÖWM-Betriebssuche
Pichler e. U.;Marktplatz 35;2162;Falkenstein;AT;Niederösterreich;Weinviertel;+43 2554 8100;weingut.pichler.heinz@aon.at;ÖWM-Betriebssuche
Pichler-Krutzler;Rothenhof 2;3601;Dürnstein;AT;Niederösterreich;Wachau;+43 2732 71806;office@pichler-krutzler.at;ÖWM-Betriebssuche (Update bestehender Leadlisten-Eintrag)
Piewald;Gut am Steg 2;3620;Spitz;AT;Niederösterreich;Wachau;+43 676 7339363;wein@weingut-piewald.at;ÖWM-Betriebssuche
Pilgersdorfer;Hauptstrasse 1;2453;Sommerein;AT;Niederösterreich;Carnuntum;+43 2168 62521;;ÖWM-Betriebssuche
Pilgerstorfer;Hauptstraße 1;2453;Sommerein;AT;Niederösterreich;Carnuntum;+43 664 3651945;weingut.pilgerstorfer@a1.net;ÖWM-Betriebssuche
Piller (Kirchenplatz);Kirchenplatz 4;3712;Maissau;AT;Niederösterreich;Weinviertel;+43 2958 84892;;ÖWM-Betriebssuche
Piller (Unterdürnbach);Unterdürnbach 51;3721;Unterdürnbach;AT;Niederösterreich;Weinviertel;+43 676 7404443;weinbau.piller@aon.at;ÖWM-Betriebssuche
Pimberger (Kalladorf 28);Kalladorf 28;2042;Wullersdorf;AT;Niederösterreich;Weinviertel;+43 664 73678559;weingut@pimberger.eu;ÖWM-Betriebssuche
Pimberger (Kalladorf 55);Kalladorf 55;2042;Wullersdorf;AT;Niederösterreich;Weinviertel;+43 2951 3358;office@pimberger.com;ÖWM-Betriebssuche
Pimpel (Brucker Str.);Brucker Str. 6;2404;Petronell-Carnuntum;AT;Niederösterreich;Carnuntum;+43 676 6153365;weingut@pimpel.com;ÖWM-Betriebssuche
Pimpel (Kirchenstraße);Kirchenstraße 19;2464;Göttlesbrunn-Arbesthal;AT;Niederösterreich;Carnuntum;+43 664 4636651;weingut@gerhardpimpel.at;ÖWM-Betriebssuche
Pimpel (Pfarrgasse);Pfarrgasse 10;2464;Göttlesbrunn-Arbesthal;AT;Niederösterreich;Carnuntum;+43 2162 8239;;ÖWM-Betriebssuche
Pinkl;Hauptplatz 4;2410;Hainburg a.d. Donau;AT;Niederösterreich;Carnuntum;+43 2165 64304;markus.pinkl@aon.at;ÖWM-Betriebssuche
Pinter;Wiener Strasse 48;2352;Gumpoldskirchen;AT;Niederösterreich;Thermenregion;+43 2253 62146;;ÖWM-Betriebssuche
Pinter-Freysmuth;Neustiftgasse 47;2352;Gumpoldskirchen;AT;Niederösterreich;Thermenregion;+43 2252 62270;g.pinter@kabsi.at;ÖWM-Betriebssuche
Piriwe Josef und Jana;Wienerstrasse 34;2514;Traiskirchen;AT;Niederösterreich;Thermenregion;+43 2252 55988;weingut@piriwe.at;ÖWM-Betriebssuche (Update bestehender Leadlisten-Eintrag)
Pirkner;Marktstraße 25;2224;Obersulz;AT;Niederösterreich;Weinviertel;+43 2534 274;winzerhof.pirkner@aon.at;ÖWM-Betriebssuche
Pittner Friedrich Ges.m.b.H. & Co Kg;Landesstrasse 21;2165;Kleinschweinbarth;AT;Niederösterreich;Weinviertel;+43 2554 85485;office@pittnerwein.at;ÖWM-Betriebssuche
Pitzinger;Gschleifzeile 1;2221;Groß-Schweinbarth;AT;Niederösterreich;Weinviertel;+43 664 3622718;info@weingut-pitzinger.at;ÖWM-Betriebssuche
Plank-Ploderer;Feldgasse 3a;2544;Leobersdorf;AT;Niederösterreich;Thermenregion;+43 2256 65637;m.ploderer@aon.at;ÖWM-Betriebssuche
Platt;Fürstengarten 13;2221;Groß-Schweinbarth;AT;Niederösterreich;Weinviertel;+43 2289 27030;;ÖWM-Betriebssuche
Platz (Großnondorf);Großnondorf 94;2042;Guntersdorf;AT;Niederösterreich;Weinviertel;+43 2951 3352;;ÖWM-Betriebssuche
Platz (Zellerndorf);Zellerndorf 129;2051;Zellerndorf;AT;Niederösterreich;Weinviertel;+43 2945 2224;;ÖWM-Betriebssuche
Platz-Schwayer;Hauptstraße 272;2051;Zellerndorf;AT;Niederösterreich;Weinviertel;+43 676 3238474;office@schwayer.at;ÖWM-Betriebssuche
Pleil;Adlergasse 32;2120;Wolkersdorf im Weinviertel;AT;Niederösterreich;Weinviertel;+43 2245 2407;weingut@pleil.at;ÖWM-Betriebssuche
Pletzer;Kreuzgasse 15;2054;Haugsdorf;AT;Niederösterreich;Weinviertel;+43 676 6334992;office@weinbaupletzer.at;ÖWM-Betriebssuche
Plos;Hauptstrasse 24;2504;Sooß;AT;Niederösterreich;Thermenregion;+43 2252 87301;office@weingutplos.at;ÖWM-Betriebssuche
Plöchl;Hauptstrasse 45;2102;Bisamberg;AT;Niederösterreich;Weinviertel;+43 2262 60079;;ÖWM-Betriebssuche
Pober (Hauptstrasse);Hauptstrasse 29;2464;Göttlesbrunn-Arbesthal;AT;Niederösterreich;Carnuntum;+43 2162 8913;;ÖWM-Betriebssuche
Pober (Margarethenstrasse);Margarethenstrasse 1;2431;Enzersdorf an der Fischa;AT;Niederösterreich;Carnuntum;+43 2230 8545;;ÖWM-Betriebssuche
Poinstingl;Urtelnweg 1;2070;Unternalb;AT;Niederösterreich;Weinviertel;+43 2942 2590;franz@winzerhof-poinstingl.at;ÖWM-Betriebssuche
Pointner;Schrattenthal 39;2073;Schrattenthal;AT;Niederösterreich;Weinviertel;+43 2946 8229;office@weingut-pointner.at;ÖWM-Betriebssuche
Poiss;Hauptstraße 68;2182;Palterndorf-Dobermannsdorf;AT;Niederösterreich;Weinviertel;+43 2533 89396;office@poiss.at;ÖWM-Betriebssuche
Pollak Rene;Hauptstr. 22;2074;Unterretzbach;AT;Niederösterreich;Weinviertel;+43 2942 20612;;ÖWM-Betriebssuche
Pollak Wolfgang;Hauptstraße 38;2074;Unterretzbach;AT;Niederösterreich;Weinviertel;+43 650 4058436;office@weingut-pollak.at;ÖWM-Betriebssuche
Pollerhof;Winzerstrasse 48;3743;Röschitz;AT;Niederösterreich;Weinviertel;+43 676 6289612;weingut@pollerhof.at;ÖWM-Betriebssuche
Polster;Bachstrasse 6;3711;Großmeiseldorf;AT;Niederösterreich;Weinviertel;+43 2956 2385;;ÖWM-Betriebssuche
Polsterer (Neufang 25);Neufang 25;3483;Feuersbrunn;AT;Niederösterreich;Wagram;+43 2738 2258;wein@weingut-polsterer.com;ÖWM-Betriebssuche
Polsterer (Neufang 9);Neufang 9;3483;Feuersbrunn;AT;Niederösterreich;Wagram;+43 664 8459197;office@weinwerkpolsterer.at;ÖWM-Betriebssuche
Polz;Rührsdorf 22;3602;Rossatz-Arnsdorf;AT;Niederösterreich;Wachau;+43 2714 6326;weingut@polzwachau.at;ÖWM-Betriebssuche
Pomaßl;In der Schild 175;3610;Weißenkirchen in der Wachau;AT;Niederösterreich;Wachau;+43 664 5636161;pomassl@weissenkirchen.at;ÖWM-Betriebssuche
Popp;Ungerndorf 23;2133;Loosdorf;AT;Niederösterreich;Weinviertel;+43 2522 88549;;ÖWM-Betriebssuche
Popp-Killian;Helfersdorferstrasse 16;2344;Maria Enzersdorf;AT;Niederösterreich;Thermenregion;+43 2236 23160;;ÖWM-Betriebssuche
Post;Lange Zeile 11;3710;Ziersdorf;AT;Niederösterreich;Weinviertel;;;ÖWM-Betriebssuche
Poys;Schweinbarther Strasse 11;2214;Auersthal;AT;Niederösterreich;Weinviertel;+43 664 9143560;weingut@poys.at;ÖWM-Betriebssuche
PR Reinberger;Brunnengasse 1;3465;Kirchberg am Wagram;AT;Niederösterreich;Wagram;+43 664 5311108;info@weingut-pr.at;ÖWM-Betriebssuche
Prabatsch-Aichinger;Weinbergsiedlung 19;3561;Langenlois;AT;Niederösterreich;Kamptal;+43 699 11766422;info@winzergut.at;ÖWM-Betriebssuche
Prager;Wachaustraße 48;3610;Weißenkirchen in der Wachau;AT;Niederösterreich;Wachau;+43 2715 2248;info@weingutprager.at;ÖWM-Betriebssuche (Update bestehender Leadlisten-Eintrag)
Praschinger Weinhof Neustift;Neustiftkellergasse 3;2202;Enzersfeld;AT;Niederösterreich;Weinviertel;+43 664 5811085;office@praschinger.at;ÖWM-Betriebssuche
Pratsch;Winzerstraße 50;2223;Martinsdorf;AT;Niederösterreich;Weinviertel;+43 676 4100869;weingut.pratsch@aon.at;ÖWM-Betriebssuche
Prechtl;12;2051;Zellerndorf;AT;Niederösterreich;Weinviertel;+43 2945 2297;weingut@prechtl.at;ÖWM-Betriebssuche
Preier;Ginzersdorf 14;2143;Großkrut;AT;Niederösterreich;Weinviertel;+43 2556 7487;gm@weingut-preier.at;ÖWM-Betriebssuche
Preis (Schulgasse);Schulgasse 14;3508;Tiefenfucha;AT;Niederösterreich;Kremstal;+43 664 8240536;office@weinhofpreis.at;ÖWM-Betriebssuche
Preis (Unt. Hauptstrasse);Unt. Hauptstrasse 7;2472;Prellenkirchen;AT;Niederösterreich;Carnuntum;+43 2145 2755;;ÖWM-Betriebssuche
Preisberger;Barbaragasse 19;3435;Zwentendorf an der Donau;AT;Niederösterreich;Wagram;+43 676 9333342;office@preisberger.at;ÖWM-Betriebssuche
Preissl´s Kellerg´wölb;Liechtensteinsiedlung 6;2171;Herrnbaumgarten;AT;Niederösterreich;Weinviertel;+43 2555 2688;preissl.erich@aon.at;ÖWM-Betriebssuche
Prem Günter;Nr. 348;2224;Sulz im Weinviertel;AT;Niederösterreich;Weinviertel;+43 664 4039307;weinbau.prem@gmx.at;ÖWM-Betriebssuche
Prendinger;Breitegasse 17;2540;Gainfarn;AT;Niederösterreich;Thermenregion;+43 2252 70026;;ÖWM-Betriebssuche
Pretl;Raiffeisengasse 1;2353;Guntramsdorf;AT;Niederösterreich;Thermenregion;+43 2236 52711;;ÖWM-Betriebssuche
Preyer;Hauptstrasse 27;2192;Kettlasbrunn;AT;Niederösterreich;Weinviertel;+43 2573 2702;gottfried.preyer@aon.at;ÖWM-Betriebssuche
Preyer - Weinbau Josef Preyer JHM;Bachstraße 37;2170;Poysdorf;AT;Niederösterreich;Weinviertel;+43 650 7474000;josef@weinbau-preyer.at;ÖWM-Betriebssuche
Prinz;Kellergasse 1a;2100;Stetten;AT;Niederösterreich;Weinviertel;+43 676 6105866;familie@weinbauprinz.at;ÖWM-Betriebssuche
Probst;Eibesbrunnerstrasse 12;2203;Großebersdorf;AT;Niederösterreich;Weinviertel;+43 2245 21815;;ÖWM-Betriebssuche
Proidl Karl;Oberer Markt 19;3541;Senftenberg;AT;Niederösterreich;Kremstal;+43 664 1164780;karl@proidl.at;ÖWM-Betriebssuche
Proidl-Knorr;Langenloiserstrasse 69;3500;Krems an der Donau;AT;Niederösterreich;Kremstal;+43 2732 79200;;ÖWM-Betriebssuche
Propstei Weingut Wachau;Hundsheim 7;3512;Mautern an der Donau;AT;Niederösterreich;Wachau;+43 664 2109715;office@eder-wachau.at;ÖWM-Betriebssuche
Prosenitsch;Neuer Markt 3;3541;Senftenberg;AT;Niederösterreich;Kremstal;+43 664 6348177;josef.eichelmann@gmx.at;ÖWM-Betriebssuche
Pruckner (Mühlengasse);Mühlengasse 31;2202;Enzersfeld;AT;Niederösterreich;Weinviertel;;f.pruckner@aon.at;ÖWM-Betriebssuche
Pruckner (Rosenbergstrasse);Rosenbergstrasse 51;2464;Göttlesbrunn- Arbesthal;AT;Niederösterreich;Carnuntum;+43 2162 8995;;ÖWM-Betriebssuche
Pröglhöf (Brunnwinkl);Brunnwinkl 11;2070;Obernalb;AT;Niederösterreich;Weinviertel;+43 2942 2174;info@proeglhoef-weine.at;ÖWM-Betriebssuche (Update bestehender Leadlisten-Eintrag)
Pröglhöf (Hochstrasse);Hochstrasse 12;2380;Perchtoldsdorf;AT;Niederösterreich;Thermenregion;+43 1 8690217;;ÖWM-Betriebssuche
Pröll;Radlbrunn 48;3710;Ziersdorf;AT;Niederösterreich;Weinviertel;+43 2956 3441;proell@weingut-proell.at;ÖWM-Betriebssuche
Pröstler;Hauptstraße 30;2054;Haugsdorf;AT;Niederösterreich;Weinviertel;+43 676 7535300;office@weinbau-proestler.at;ÖWM-Betriebssuche
Pucher;Oberstockstall 51;3470;Kirchberg am Wagram;AT;Niederösterreich;Wagram;+43 2279 2510;erwin.pucher@gmx.at;ÖWM-Betriebssuche
Puchinger;Margarethenstrasse 54;2431;Enzersdorf an der Fischa;AT;Niederösterreich;Carnuntum;+43 2230 8626;;ÖWM-Betriebssuche
Puchinger Johanna und Melitta;Neustifterstraße 41A;3495;Rohrendorf bei Krems;AT;Niederösterreich;Kremstal;+43 699 814210047;info@heurigerpuchinger.com;ÖWM-Betriebssuche
Puhr;Obermarkersdorf 41;2073;Schrattenthal;AT;Niederösterreich;Weinviertel;+43 699 19697758;erik@weingutpuhr.at;ÖWM-Betriebssuche
Puhwein;Mailberg 78;2024;Mailberg;AT;Niederösterreich;Weinviertel;+43 676 5696051;info@puhwein.at;ÖWM-Betriebssuche
PUR Weinhandels GmbH;Hauptstrasse 16;2463;Stixneusiedl;AT;Niederösterreich;Carnuntum;+43 2169 2404;media@trapl.com;ÖWM-Betriebssuche
Pure Joy Botanicals;Schlosssteig 3;3506;Krems an der Donau;AT;Niederösterreich;Kremstal;+43 676 5902434;julie@purejoybotanicals.farm;ÖWM-Betriebssuche
Pöchlinger;Mitterarnsdorf 72;3621;Rossatz-Arnsdorf;AT;Niederösterreich;Wachau;+43 650 3741048;office@poechlinger.at;ÖWM-Betriebssuche
Pöltl;Gartengasse 4;2544;Leobersdorf;AT;Niederösterreich;Thermenregion;+43 2256 65740;office@weingut-poeltl.at;ÖWM-Betriebssuche
Pöltl Alois und René;Wr. Neustädter Strasse 84;2601;Sollenau;AT;Niederösterreich;Thermenregion;+43 699 10516351;;ÖWM-Betriebssuche
Pölz;Ruinenweg 95;3601;Dürnstein;AT;Niederösterreich;Wachau;;;ÖWM-Betriebssuche
Pölz Judith und Werner;Sterngasse 5;2074;Unterretzbach;AT;Niederösterreich;Weinviertel;+43 664 73565177;poelzwein@aon.at;ÖWM-Betriebssuche
Pöschl;Mallon 12;3470;Kirchberg am Wagram;AT;Niederösterreich;Wagram;;;ÖWM-Betriebssuche
Pöschl Hermann;Wiener Strasse 25;3702;Oberrußbach;AT;Niederösterreich;Weinviertel;+43 2955 70519;office@weinbau-poeschl.at;ÖWM-Betriebssuche
Qualitätsweinbau Kittinger;Plexentalerstraße 15;3462;Hippersdorf;AT;Niederösterreich;Wagram;+43 2278 2305;;ÖWM-Betriebssuche
Quantum Winery e.U.;Am Berg 50;3712;Maissau;AT;Niederösterreich;Weinviertel;+43 650 7583927;office@quantumwinery.at;ÖWM-Betriebssuche
Quirtner Alfred und Andrea;Klein-Jetzelsdorf 7;3730;Meiseldorf;AT;Niederösterreich;Weinviertel;+43 664 5431136;weinbau_quirtner@gmx.at;ÖWM-Betriebssuche
Raab (Feldgasse);Feldgasse 24;2074;Unterretzbach;AT;Niederösterreich;Weinviertel;+43 664 3832942;weinbaugregorraab@gmx.at;ÖWM-Betriebssuche
Raab (Hauptstraße);Hauptstraße 55;2074;Unterretzbach;AT;Niederösterreich;Weinviertel;+43 2942 3289;grenzlandhof.raab@gmx.at;ÖWM-Betriebssuche
Rabel;Hauptstrasse 21;2751;Matzendorf-Hölles;AT;Niederösterreich;Thermenregion;+43 2628 62921;;ÖWM-Betriebssuche
Rabl (Oberdürnbach);Oberdürnbach 4;3721;Limberg;AT;Niederösterreich;Weinviertel;+43 2958 82204;;ÖWM-Betriebssuche
Rabl (Weraingraben);Weraingraben 10;3550;Langenlois;AT;Niederösterreich;Kamptal;+43 2734 2303;office@weingut-rabl.at;ÖWM-Betriebssuche (Update bestehender Leadlisten-Eintrag)
Raderbauer;Neustifterstrasse 30;3495;Rohrendorf bei Krems;AT;Niederösterreich;Kremstal;+43 2732 73653;;ÖWM-Betriebssuche
Radetzky-Weingut;Hauptstraße 4;3704;Großwetzdorf;AT;Niederösterreich;Weinviertel;+43 2956 2344;office@radetzky-weingut.at;ÖWM-Betriebssuche
Radl (Hauptstrasse);Hauptstrasse 17;2482;Münchendorf;AT;Niederösterreich;Carnuntum;+43 2259 2297;weinbau-radl@aon.at;ÖWM-Betriebssuche
Radl (Kammerhofgasse);Kammerhofgasse 18;2460;Bruck an der Leitha;AT;Niederösterreich;Carnuntum;+43 2162 63636;radlwein@aon.at;ÖWM-Betriebssuche
Rain;Hauptstraße 37;2054;Alberndorf im Pulkautal;AT;Niederösterreich;Weinviertel;+43 2944 26622;office@weingut-rain.at;ÖWM-Betriebssuche
Rainer Wein;Kellergasse 11;2211;Pillichsdorf;AT;Niederösterreich;Weinviertel;+43 664 6209955;rainerwein2211@gmail.com;ÖWM-Betriebssuche
Raith;Nappersdorf 30;2023;Nappersdorf-Kammersdorf;AT;Niederösterreich;Weinviertel;+43 650 2735665;office@weingut-raith.at;ÖWM-Betriebssuche
Ramberger;Mühlgasse 14;2500;Baden;AT;Niederösterreich;Thermenregion;+43 2252 45744;weinbau@ramberger.at;ÖWM-Betriebssuche
Ramoser;Steinaweg 4;3511;Furth bei Göttweig;AT;Niederösterreich;Kremstal;+43 2732 85820;;ÖWM-Betriebssuche
Rappensberger;Karglstrasse 17;3553;Schiltern;AT;Niederösterreich;Kamptal;+43 2734 8695;;ÖWM-Betriebssuche
Raschbauer Maria;Grossweikersdorferstrasse 25;3702;Oberrußbach;AT;Niederösterreich;Weinviertel;+43 660 9557690;rosirasch@hotmail.com;ÖWM-Betriebssuche
Raser-Bayer;Bodenzeile 2;2465;Höflein;AT;Niederösterreich;Carnuntum;+43 664 9317874;office@raser-bayer.at;ÖWM-Betriebssuche
Raser-Jahner;Wildungsmauer 29;2403;Wildungsmauer;AT;Niederösterreich;Carnuntum;+43 2163 2326;;ÖWM-Betriebssuche
Rath (Bockfließerstrasse);Bockfließerstrasse 2;2212;Großengersdorf;AT;Niederösterreich;Weinviertel;+43 2245 88130;info@weinbau-rath.at;ÖWM-Betriebssuche
Rath (Raggendorferstraße);Raggendorferstraße 2;2221;Groß-Schweinbarth;AT;Niederösterreich;Weinviertel;+43 676 400863;marion.rath@airwave.at;ÖWM-Betriebssuche
Rathammer;Kellergasse 124;2262;Stillfried;AT;Niederösterreich;Weinviertel;+43 2283 3307;weinbau-rathammer@aon.at;ÖWM-Betriebssuche
Rathbauer;Maria-Theresien- Straße 50;2542;Kottingbrunn;AT;Niederösterreich;Thermenregion;+43 664 4584606;info@weingut-rathbauer.at;ÖWM-Betriebssuche
Ratmanns;Nr. 40;2051;Zellerndorf;AT;Niederösterreich;Weinviertel;+43 2945 27453;ratmanns@gmx.at;ÖWM-Betriebssuche
Raubal;Wienerstrasse 34;2352;Gumpoldskirchen;AT;Niederösterreich;Thermenregion;+43 2252 62156;nrausch@gmx.at;ÖWM-Betriebssuche
Rauscher;Heugasse 6;2544;Leobersdorf;AT;Niederösterreich;Thermenregion;+43 2256 65739;office@weingut-rauscher.at;ÖWM-Betriebssuche
Rebenhof Mantler;Obere Marktstrasse 3;3481;Fels am Wagram;AT;Niederösterreich;Wagram;+43 2738 2345;office@weingut-mantler.com;ÖWM-Betriebssuche
Rebschule & Weingut Burger;Zeiselberg 16;3550;Langenlois;AT;Niederösterreich;Kamptal;+43 2734 4440;office@w-r-b.at;ÖWM-Betriebssuche
Rechtberger;Neugasse 15;2352;Gumpoldskirchen;AT;Niederösterreich;Thermenregion;+43 2252 62331;m.rechtberger@kabsi.at;ÖWM-Betriebssuche
Reckendorfer;Wintergasse 3;2252;Ollersdorf;AT;Niederösterreich;Weinviertel;+43 676 4239149;office@weingut-reckendorfer.at;ÖWM-Betriebssuche
Redl (Ortsstrasse);Ortsstrasse 19;3133;Traismauer;AT;Niederösterreich;Traisental;+43 2276 2324;;ÖWM-Betriebssuche
Redl (Untere Hauptstrasse);Untere Hauptstrasse 3;3552;Stratzing;AT;Niederösterreich;Kremstal;+43 2719 2665;;ÖWM-Betriebssuche
Redl Leopold;Gaiselberg 26;2225;Zistersdorf;AT;Niederösterreich;Weinviertel;+43 2532 88384;bauernhof_redl@gmx.at;ÖWM-Betriebssuche
Redl Winzerschlössl WG;Waitzendorf 42;2073;Schrattenthal;AT;Niederösterreich;Weinviertel;+43 2946 8312;office@weingutredl.at;ÖWM-Betriebssuche
Regner;Hauptstrasse 25;2123;Traunfeld;AT;Niederösterreich;Weinviertel;+43 2245 89120;amhof@regner-weinviertel.at;ÖWM-Betriebssuche
Rehrl-Fischer;Rossatzbach 19;3602;Rossatz-Arnsdorf;AT;Niederösterreich;Wachau;+43 650 6040306;weingut@rehrl-fischer.at;ÖWM-Betriebssuche
Reichart;Falkenstein 70;2162;Falkenstein;AT;Niederösterreich;Weinviertel;+43 2554 7672;erhard.reichart@chello.at;ÖWM-Betriebssuche
Reidl;Wiener Straße 52;2211;Pillichsdorf;AT;Niederösterreich;Weinviertel;+43 699 11684778;ernst@buschenschank-reidl.at;ÖWM-Betriebssuche
"Reiff ""Vino del Riva""";Bachstraße 43;2170;Wetzelsdorf;AT;Niederösterreich;Weinviertel;+43 676 6268100;sue.reiff@gmx.at;ÖWM-Betriebssuche
Reinberger (Gartenring);Gartenring 42;3133;Traismauer;AT;Niederösterreich;Traisental;+43 2783 7048;;ÖWM-Betriebssuche
Reinberger (Kremserstrasse);Kremserstrasse 10;3484;Grafenwörth;AT;Niederösterreich;Wagram;+43 664 4154894;weinbau@reinberger.at;ÖWM-Betriebssuche
Reingard Boll;Herrengasse 49;2074;Unterretzbach;AT;Niederösterreich;Weinviertel;+43 676 9430620;weinbau@boll.co.at;ÖWM-Betriebssuche
Reinhard Frank;Kirchengasse 16;2221;Groß-Schweinbarth;AT;Niederösterreich;Weinviertel;+43 699 81955815;office@weingut-frank.at;ÖWM-Betriebssuche
Reinhard Frühwirth;Oberort 16;2134;Staatz;AT;Niederösterreich;Weinviertel;+43 664 7908733;reinhard.fruehwirth@aon.at;ÖWM-Betriebssuche
Reinisch Alfred;Pottendorferstrasse 5;2523;Tattendorf;AT;Niederösterreich;Thermenregion;+43 2253 81421;a.reinisch@tattendorf.at;ÖWM-Betriebssuche
Reinl;Kleinweikersdorf 35;2023;Wullersdorf;AT;Niederösterreich;Weinviertel;+43 2953 2379;zieselwein@aon.at;ÖWM-Betriebssuche
Reinsperger;Bachgasse 4;2105;Oberrohrbach;AT;Niederösterreich;Weinviertel;+43 664 1109147;l.reinsperger@aon.at;ÖWM-Betriebssuche
Reinthaler;Obermixnitz 7;2084;Obermixnitz;AT;Niederösterreich;Weinviertel;+43 664 7687001;stefan@weinkutscher.at;ÖWM-Betriebssuche
Reischer (Breitegasse);Breitegasse 26;2540;Gainfarn;AT;Niederösterreich;Thermenregion;+43 2252 75423;;ÖWM-Betriebssuche
Reischer (Flugfeldstrasse);Flugfeldstrasse 51;2540;Bad Vöslau;AT;Niederösterreich;Thermenregion;+43 2252 77394;heuriger.hubertuskeller@gmail.com;ÖWM-Betriebssuche
Reischl (Nr.);Nr. 173;2061;Hadres;AT;Niederösterreich;Weinviertel;+43 2943 2727;weingut.reischl@gmail.com;ÖWM-Betriebssuche
Reischl (Untermarkersdorf);Untermarkersdorf 141;2061;Untermarkersdorf;AT;Niederösterreich;Weinviertel;+43 2943 2348;weinbau.reischl@aon.at;ÖWM-Betriebssuche
Reischütz;Kirchenberg 2;2263;Dürnkrut;AT;Niederösterreich;Weinviertel;+43 664 4538406;weingut@a1.net;ÖWM-Betriebssuche
Reischütz Norbert;Zur Weide 17;2261;Mannersdorf an der March;AT;Niederösterreich;Weinviertel;+43 2283 2981;n.reischuetz@a1.net;ÖWM-Betriebssuche
Reisenhofer;Wiener Strasse 20;2352;Gumpoldskirchen;AT;Niederösterreich;Thermenregion;+43 2252 62191;;ÖWM-Betriebssuche
Reisinger (Obritz);Obritz 139;2061;Hadres;AT;Niederösterreich;Weinviertel;+43 664 73553500;wein@reisingerwein.at;ÖWM-Betriebssuche
Reisinger (Postgasse);Postgasse 35;3435;Zwentendorf an der Donau;AT;Niederösterreich;Wagram;+43 2277 2762;;ÖWM-Betriebssuche
Reiter (Schlossgasse);Schlossgasse 3;3506;Krems an der Donau;AT;Niederösterreich;Kremstal;+43 2739 2928;weinbaureiter@aon.at;ÖWM-Betriebssuche
Reiter (Ziersdorferstrasse);Ziersdorferstrasse 4;3714;Sitzendorf an der Schmida;AT;Niederösterreich;Weinviertel;+43 2959 2231;weinbau.reiter@aon.at;ÖWM-Betriebssuche
Reithmaier;Weinstrasse 67;3550;Gobelsburg;AT;Niederösterreich;Kamptal;+43 2734 4350;weingut@reithmaier.at;ÖWM-Betriebssuche
Reithner;Hauptstrasse 81;3552;Droß;AT;Niederösterreich;Kremstal;+43 2719 2377;;ÖWM-Betriebssuche
Reithofer;76;3602;Rossatz-Arnsdorf;AT;Niederösterreich;Wachau;+43 2714 6204;edith.reithofer@aon.at;ÖWM-Betriebssuche
Reitmayer;Hauptstraße 25;2171;Herrnbaumgarten;AT;Niederösterreich;Weinviertel;+43 664 7904296;info@wine-reitmayer.at;ÖWM-Betriebssuche
Rennhofer Elisabeth & Martin;Theyernerstrasse 12;3508;Tiefenfucha;AT;Niederösterreich;Kremstal;+43 2732 7502;info@wein-rennhofer.at;ÖWM-Betriebssuche
Rennhofer Johann;Ortsstraße 37;3508;Tiefenfucha;AT;Niederösterreich;Kremstal;+43 2736 6533;;ÖWM-Betriebssuche
Rentmeister (Obere Ortstraße);Obere Ortstraße 20;3134;Reichersdorf;AT;Niederösterreich;Traisental;+43 2783 6778;rentmeister@aon.at;ÖWM-Betriebssuche
Rentmeister (Reichersdorf);Reichersdorf 28;3131;Getzersdorf;AT;Niederösterreich;Traisental;+43 2783 82063;;ÖWM-Betriebssuche
Rernböck;Winterzeile 39;2222;Kollnbrunn;AT;Niederösterreich;Weinviertel;+43 2574 2518;;ÖWM-Betriebssuche
Resch (Am Sauzipf);Am Sauzipf 4;3710;Rohrbach;AT;Niederösterreich;Weinviertel;+43 699 10757540;weingut@reschamsauzipf.at;ÖWM-Betriebssuche
Resch (Bindergasse);Bindergasse 10a;3452;Trasdorf;AT;Niederösterreich;Wagram;+43 2275 6373;;ÖWM-Betriebssuche
Resch (Obere Hauptstrasse);Obere Hauptstrasse 13;3552;Stratzing;AT;Niederösterreich;Kremstal;+43 2719 2770;;ÖWM-Betriebssuche
Rethaller;Dorfstrasse 16;3506;Krems an der Donau;AT;Niederösterreich;Kremstal;+43 664 7921193;weinbau@rethaller.at;ÖWM-Betriebssuche
Rettig;Kurze Zeile 38;2212;Großengersdorf;AT;Niederösterreich;Weinviertel;+43 2245 88729;rettig@a1.net;ÖWM-Betriebssuche
Ribisch;Obere Hauptstraße 43;2130;Paasdorf;AT;Niederösterreich;Weinviertel;+43 676 4870045;office@weingut-ribisch.at;ÖWM-Betriebssuche
Ribisch Karl;Hauptstraße 93;2145;Hausbrunn;AT;Niederösterreich;Weinviertel;+43 699 10680611;ribisch.andrea@gmx.at;ÖWM-Betriebssuche
Richard Holzer;Rathhausstraße 4;3492;Etsdorf am Kamp;AT;Niederösterreich;Kamptal;+43 676 6350182;weinhof-r.holzer@aon.at;ÖWM-Betriebssuche
Richter;Klostergasse 11;3434;Tulbing;AT;Niederösterreich;Wagram;+43 2273 2950;;ÖWM-Betriebssuche
Rieder (Brunngasse);Brunngasse 67;2170;Poysdorf;AT;Niederösterreich;Weinviertel;+43 664 3738651;rijo@aon.at;ÖWM-Betriebssuche
Rieder (Sandlstraße);Sandlstraße 3;3500;Egelsee;AT;Niederösterreich;Kremstal;+43 699 17084255;office@weingutrieder.at;ÖWM-Betriebssuche
Rieder (Untere Ortsstraße);Untere Ortsstraße 41;2170;Kleinhadersdorf;AT;Niederösterreich;Weinviertel;+43 650 3811613;office@riederwein.at;ÖWM-Betriebssuche
Rieder (Wildendürnbach Nr.);Wildendürnbach Nr. 246;2164;Wildendürnbach;AT;Niederösterreich;Weinviertel;+43 664 1826153;hansjuergenrieder@hotmail.com;ÖWM-Betriebssuche
Rieder (Zwölfquanten);Zwölfquanten 65;2172;Schrattenberg;AT;Niederösterreich;Weinviertel;+43 664 1740555;office@weingut-rieder.at;ÖWM-Betriebssuche
Rieder - Veltliner Hof;Brünnerstrasse 5 b;2170;Poysdorf;AT;Niederösterreich;Weinviertel;+43 2552 2194;office@veltlinerhof.com;ÖWM-Betriebssuche
Riedl;Pfarrplatz 4;3484;Grafenwörth;AT;Niederösterreich;Wagram;+43 2738 2829;;ÖWM-Betriebssuche
Riedl Norbert;Rathausplatz 5;3465;Königsbrunn am Wagram;AT;Niederösterreich;Wagram;+43 664 2734931;weingut.riedl@gmx.at;ÖWM-Betriebssuche
Riedl-Scharinger;Rathausplatz 9;2000;Stockerau;AT;Niederösterreich;Weinviertel;+43 2266 626540;riedl.scharinger@aon.at;ÖWM-Betriebssuche
Riedlmayer (Hauptstrasse);Hauptstrasse 12;3562;Schönberg;AT;Niederösterreich;Kamptal;+43 2733 316;;ÖWM-Betriebssuche
Riedlmayer (Kremser Straße);Kremser Straße 23;3491;Elsarn im Straßertal;AT;Niederösterreich;Kamptal;+43 2735 79201;;ÖWM-Betriebssuche
Riegelhofer;Hindenburgstrasse 10;2170;Poysdorf;AT;Niederösterreich;Weinviertel;+43 2552 2423;post@riegelhofer.at;ÖWM-Betriebssuche
Rieger (Königsbrunnerstraße);Königsbrunnerstraße 18;2102;Hagenbrunn;AT;Niederösterreich;Weinviertel;+43 2262 672500;;ÖWM-Betriebssuche
Rieger (Neustiftgasse);Neustiftgasse 36;2352;Gumpoldskirchen;AT;Niederösterreich;Thermenregion;+43 2252 63187;office@weingut-rieger.at;ÖWM-Betriebssuche
Riegler (Grohestrasse);Grohestrasse 18;2345;Brunn am Gebirge;AT;Niederösterreich;Thermenregion;+43 2236 378692;;ÖWM-Betriebssuche
Riegler (Trautbach);Trautbach 104 Riegler;3491;Elsarn im Straßertal;AT;Niederösterreich;Kamptal;+43 664 4139589;office@weingut-riegler.at;ÖWM-Betriebssuche
Riegler-Dorner;Vöslauer Strasse 36;2540;Bad Vöslau;AT;Niederösterreich;Thermenregion;+43 2252 76049;wein.riegler-dorner@aon.at;ÖWM-Betriebssuche
Riegler-Herber;Traubenweg 1;2542;Kottingbrunn;AT;Niederösterreich;Thermenregion;+43 2252 71185;wein@forellenheuriger.at;ÖWM-Betriebssuche
Riemel;Fenthgasse 6;2070;Retz;AT;Niederösterreich;Weinviertel;+43 2942 28545;office@biohof-riemel.at;ÖWM-Betriebssuche
Riemerth;Nr. 37;2163;Ottenthal;AT;Niederösterreich;Weinviertel;+43 2554 88647;;ÖWM-Betriebssuche
Riepl (Oberstinkenbrunn);Oberstinkenbrunn 20;2023;Wullersdorf;AT;Niederösterreich;Weinviertel;+43 2953 2362;;ÖWM-Betriebssuche
Riepl (Schleinbacherstraße);Schleinbacherstraße 65;2122;Ulrichskirchen-Schleinbach;AT;Niederösterreich;Weinviertel;+43 676 7008095;traubensaft@riepl.at;ÖWM-Betriebssuche
Riepl Werner;Kammersdorf 67;2033;Nappersdorf-Kammersdorf;AT;Niederösterreich;Weinviertel;+43 664 2615701;wtriepl@aon.at;ÖWM-Betriebssuche
Riese;Weinzierlberg;3500;Krems an der Donau;AT;Niederösterreich;Kremstal;+43 664 4314846;r.rr@gmx.at;ÖWM-Betriebssuche
Riesenhuber;Oberloiben 41;3601;Oberloiben;AT;Niederösterreich;Wachau;+43 2732 85368;;ÖWM-Betriebssuche
Rindhauser;Wildendürnbach 62;2164;Wildendürnbach;AT;Niederösterreich;Weinviertel;+43 650 7073650;support.rindhauser@kstp.at;ÖWM-Betriebssuche
Ringseis;Lindengasse 24;3511;Palt;AT;Niederösterreich;Kremstal;+43 2732 78188;;ÖWM-Betriebssuche
Rinner;Rossatzbach 9;3602;Rossatz-Arnsdorf;AT;Niederösterreich;Wachau;+43 2714 6262;;ÖWM-Betriebssuche
Risavy;Enzersfelderstrasse 50;2203;Großebersdorf;AT;Niederösterreich;Weinviertel;+43 2245 33512;;ÖWM-Betriebssuche
Rixinger;Gut am Steg 8;3620;Spitz;AT;Niederösterreich;Wachau;+43 2713 2304;weingut@rixinger.at;ÖWM-Betriebssuche
Robert Herbst;Gartenzeile 1;3550;Langenlois;AT;Niederösterreich;Kamptal;+43 664 4306643;herbst@pov.at;ÖWM-Betriebssuche
Robert Kleinbauer;;3552;Lengenfeld;AT;Niederösterreich;Kremstal;+43 2719 2355;office@klosterbergwein.at;ÖWM-Betriebssuche
Roch;Hauptstrasse 74;3484;Seebarn am Wagram;AT;Niederösterreich;Wagram;+43 699 12217796;weingut@roch.at;ÖWM-Betriebssuche
Rochushof Schaar;Hollenburg 47;3506;Krems an der Donau;AT;Niederösterreich;Kremstal;+43 2739 2030;;ÖWM-Betriebssuche
Rockabilly Weinkult;Hauptstraße 21;2074;Unterretzbach;AT;Niederösterreich;Weinviertel;+43 676 9263546;office@rockabilly-weinkult.at;ÖWM-Betriebssuche
Rockenbauer (Heiligensteinstrasse);Heiligensteinstrasse 54;3561;Zöbing;AT;Niederösterreich;Kamptal;+43 2734 2833;;ÖWM-Betriebssuche
Rockenbauer (Herrengasse);Herrengasse 5;2081;Niederfladnitz;AT;Niederösterreich;Weinviertel;+43 664 75050087;rockenbauer_weine@hotmail.com;ÖWM-Betriebssuche
Rockenbauer (Pulkautalstrasse);Pulkautalstrasse 20;2051;Zellerndorf;AT;Niederösterreich;Weinviertel;+43 2945 2336;;ÖWM-Betriebssuche
Rohrauer;Lindengasse 46;3511;Furth bei Göttweig;AT;Niederösterreich;Kremstal;+43 2732 84533;;ÖWM-Betriebssuche
Rohrer;Schalladorf 48;2022;Wullersdorf;AT;Niederösterreich;Weinviertel;+43 2953 2249;;ÖWM-Betriebssuche
Rohrhofer (Am Herrenberg);Am Herrenberg 2;3500;Krems an der Donau;AT;Niederösterreich;Kremstal;+43 2732 41251;;ÖWM-Betriebssuche
Rohrhofer (Kremserstrasse);Kremserstrasse 8;3494;Gedersdorf;AT;Niederösterreich;Kremstal;+43 664 73922344;wein@winzerhof-rohrhofer.at;ÖWM-Betriebssuche
Rohrhofer (Reisperbachtalstasse);Reisperbachtalstasse 5;3500;Krems an der Donau;AT;Niederösterreich;Kremstal;+43 2732 79961;;ÖWM-Betriebssuche
Rohringer;Kirchengasse 121;2042;Guntersdorf;AT;Niederösterreich;Weinviertel;+43 664 1294329;franzrohringer@gmx.at;ÖWM-Betriebssuche
Roiser;Fünfhaus 1;3434;Tulbing;AT;Niederösterreich;Wagram;+43 2273 5364;;ÖWM-Betriebssuche
Roland One Weine;Mittelberg 103;3550;Langenlois;AT;Niederösterreich;Kamptal;+43 676 4320042;wein@roland-one.at;ÖWM-Betriebssuche
Roman Gritsch;Radlbach, 11;3620;Spitz;AT;Niederösterreich;Wachau;+43 664 4287724;wein@romangritsch.at;ÖWM-Betriebssuche
Roman Hörmayer;Mühlengasse 32;2202;Enzersfeld;AT;Niederösterreich;Weinviertel;+43 699 15068083;info@hoermayer-wein.at;ÖWM-Betriebssuche
Romstorfer (Kirchengasse);Kirchengasse 9;2221;Groß-Schweinbarth;AT;Niederösterreich;Weinviertel;+43 2289 2606;;ÖWM-Betriebssuche
Romstorfer (Winterzeile);Winterzeile 13;2222;Bad Pirawarth;AT;Niederösterreich;Weinviertel;+43 2574 2359;christoph.romstorfer@gmail.com;ÖWM-Betriebssuche
Ronald Malus;Kirchenberg 29;2263;Dürnkrut;AT;Niederösterreich;Weinviertel;+43 664 3933077;office@weingut-malus.at;ÖWM-Betriebssuche
Roschmann;Wienerstrasse 66;2352;Gumpoldskirchen;AT;Niederösterreich;Thermenregion;+43 2252 62325;;ÖWM-Betriebssuche
Rosenberger (Hauptstrasse);Hauptstrasse 34;3508;Paudorf;AT;Niederösterreich;Kremstal;+43 2736 6420;;ÖWM-Betriebssuche
Rosenberger (Leisergasse);Leisergasse 29;3495;Rohrendorf bei Krems;AT;Niederösterreich;Kremstal;+43 676 6044529;mail@rosenbergerwein.at;ÖWM-Betriebssuche
Rosenberger (Lindengasse);Lindengasse 23;3511;Palt;AT;Niederösterreich;Kremstal;+43 2732 71584;wein@winzerhof-rosenberger.at;ÖWM-Betriebssuche
Rosenberger Silvia;Weinbergweg 426;3491;Straß im Straßertale;AT;Niederösterreich;Kamptal;+43 2735 2532;info@weingut-rosenberger.at;ÖWM-Betriebssuche
Rosner (Höllgasse);Höllgasse 5;3550;Langenlois;AT;Niederösterreich;Kamptal;+43 2734 415212;stefan@rosnerwein.at;ÖWM-Betriebssuche
Rosner (Raiffeisengürtel);Raiffeisengürtel 53;2460;Bruck an der Leitha;AT;Niederösterreich;Carnuntum;+43 2162 67749;rosner@gmx.at;ÖWM-Betriebssuche
Rosskopf;Lindengasse 29;3511;Palt;AT;Niederösterreich;Kremstal;+43 2732 84766;;ÖWM-Betriebssuche
Rossstallheuriger Maglock;Weinviertelstraße 29;3491;Straß im Straßertale;AT;Niederösterreich;Kamptal;+43 2735 2352;office@rossstallheuriger.at;ÖWM-Betriebssuche
Rotes Mäuerl;Rotes Mäuerl 270;2352;Gumpoldskirchen;AT;Niederösterreich;Thermenregion;+43 2252 62109;weingut-heimburg@aon.at;ÖWM-Betriebssuche
Rothaler;Badnerstrasse 27 und 29;2511;Pfaffstätten;AT;Niederösterreich;Thermenregion;+43 2252 43867;;ÖWM-Betriebssuche
Rotter;Hauptstraße 6;2074;Unterretzbach;AT;Niederösterreich;Weinviertel;+43 2942 20604;;ÖWM-Betriebssuche
Rudi Pichler;Marienfeldweg 122;3610;Wösendorf in der Wachau;AT;Niederösterreich;Wachau;+43 664 3445742;weingut@rudipichler.at;ÖWM-Betriebssuche (Update bestehender Leadlisten-Eintrag)
Ruff;Hollabrunner Str. 122;2020;Oberfellabrunn;AT;Niederösterreich;Weinviertel;+43 676 5537793;wein.ruff@gmx.at;ÖWM-Betriebssuche
Ruhm;Hauptstrasse 5;3508;Paudorf;AT;Niederösterreich;Kremstal;+43 2736 6495;;ÖWM-Betriebssuche
Rupp (Dorfstraße);Dorfstraße 21;2465;Höflein;AT;Niederösterreich;Carnuntum;+43 2162 62134;;ÖWM-Betriebssuche
Rupp (Hauptstrasse);Hauptstrasse 23;2221;Groß-Schweinbarth;AT;Niederösterreich;Weinviertel;+43 680 2143286;fam-rupp@gmx.at;ÖWM-Betriebssuche
Rupp (Hochstrasse);Hochstrasse 34;2380;Perchtoldsdorf;AT;Niederösterreich;Thermenregion;+43 1 8967144;;ÖWM-Betriebssuche
Rupp (Stoitzendorf);Stoitzendorf 84;3730;Meiseldorf;AT;Niederösterreich;Weinviertel;+43 2984 2183;leo20@gmx.at;ÖWM-Betriebssuche
Ruthmair;Obermiesting 10;3141;Kapelln;AT;Niederösterreich;Traisental;+43 2784 2261;;ÖWM-Betriebssuche
Ruttenstock;Hauptstrasse 21;3743;Röschitz;AT;Niederösterreich;Weinviertel;+43 664 5131805;weingut@ruttenstock.at;ÖWM-Betriebssuche
Rödler;Dorfstraße 23;2465;Höflein;AT;Niederösterreich;Carnuntum;+43 2162 64811;roedler@hotmail.com;ÖWM-Betriebssuche
Rödler Otto;Nr. 241;2465;Höflein;AT;Niederösterreich;Carnuntum;+43 2162 63241;office@roeglsperger.com;ÖWM-Betriebssuche
Rögner (Andreasgasse);Andreasgasse 19;2212;Großengersdorf;AT;Niederösterreich;Weinviertel;+43 2245 88134;;ÖWM-Betriebssuche
Rögner (Hauptstrasse);Hauptstrasse 105;2120;Obersdorf;AT;Niederösterreich;Weinviertel;+43 676 4013007;info@roegnerwein.at;ÖWM-Betriebssuche
Rögner (Hauptstraße);Hauptstraße 83;2212;Großengersdorf;AT;Niederösterreich;Weinviertel;+43 2245 88194;b.w.roegner@direkt.at;ÖWM-Betriebssuche
Rögner (Kurze Zeile);Kurze Zeile 62;2212;Großengersdorf;AT;Niederösterreich;Weinviertel;+43 2245 88113;wein@leoroegner.at;ÖWM-Betriebssuche
Rögner Josef;Hauptstraße 21;2203;Eibesbrunn;AT;Niederösterreich;Weinviertel;+43 676 6614750;josef.roegner@gmx.at;ÖWM-Betriebssuche
Rögner Regina;Hauptstraße 11;2203;Eibesbrunn;AT;Niederösterreich;Weinviertel;+43 2245 2783;info@weingut-roegner.at;ÖWM-Betriebssuche
Rücker (Herrengasse);Herrengasse 1;2074;Unterretzbach;AT;Niederösterreich;Weinviertel;+43 664 4279935;office@elisabeth-ruecker.at;ÖWM-Betriebssuche
Rücker (Znaimerstrasse);Znaimerstrasse 33;2070;Retz;AT;Niederösterreich;Weinviertel;+43 2942 2286;regine-ruecker@crn.at;ÖWM-Betriebssuche
Sailer (Auggenthal);Auggenthal 57-59;2054;Haugsdorf;AT;Niederösterreich;Weinviertel;+43 650 3204569;office@weingut-sailer.at;ÖWM-Betriebssuche
Sailer (Lange Zeile);Lange Zeile 22;3743;Röschitz;AT;Niederösterreich;Weinviertel;+43 2984 2788;weinbau.sailer@drei.at;ÖWM-Betriebssuche
Sailnberger;Hauptstraße 5;2023;Nappersdorf-Kammersdorf;AT;Niederösterreich;Weinviertel;+43 699 19283441;office@weingut-sailnberger.at;ÖWM-Betriebssuche
Salomon;Manhartsbrunner Straße 9;2202;Enzersfeld im Weinviertel;AT;Niederösterreich;Weinviertel;+43 677 61473695;josefsalomon7@gmx.at;ÖWM-Betriebssuche
Salomon Undhof;Undstrasse 10;3500;Stein an der Donau;AT;Niederösterreich;Kremstal;+43 2732 83226;office@salomonwines.com;ÖWM-Betriebssuche (Update bestehender Leadlisten-Eintrag)
Salzer;Roggendorf Nr. 19;3730;Roggendorf;AT;Niederösterreich;Weinviertel;+43 664 5995550;alfsal19@gmail.com;ÖWM-Betriebssuche
Sandbichler;Berghäusergasse 7;3133;Traismauer;AT;Niederösterreich;Traisental;+43 2783 7091;franz.sandbichler@aon.at;ÖWM-Betriebssuche
Satzinger (Alte Poststraße);Alte Poststraße 19;2020;Raschala;AT;Niederösterreich;Weinviertel;+43 664 3576406;buschenschank.satzinger@gmx.at;ÖWM-Betriebssuche
Satzinger (Schöngrabern);Schöngrabern 188;2020;Hollabrunn;AT;Niederösterreich;Weinviertel;+43 2952 34324;satzinger.franz@gmx.de;ÖWM-Betriebssuche
Sauberer;Flugplatzstraße 28;3481;Fels am Wagram;AT;Niederösterreich;Wagram;+43 2738 3266;;ÖWM-Betriebssuche
Sauer;Hauptstraße 46;2251;Ebenthal;AT;Niederösterreich;Weinviertel;+43 664 4973734;office@weinbau-sauer.at;ÖWM-Betriebssuche
Sauerstingl;Parkstrasse 11;3481;Fels am Wagram;AT;Niederösterreich;Wagram;+43 2738 3435;franz@sauerstingl.at;ÖWM-Betriebssuche
Sax (Kremserstrasse);Kremserstrasse 3;3552;Lengenfeld;AT;Niederösterreich;Kremstal;+43 2719 2348;;ÖWM-Betriebssuche
Sax (Walterstraße);Walterstraße 16;3550;Langenlois;AT;Niederösterreich;Kamptal;+43 2734 2349;office@winzersax.at;ÖWM-Betriebssuche
Schabasser Werner;Frauendorfer Strasse 16;3133;Traismauer;AT;Niederösterreich;Traisental;+43 2783 6858;fam.schabasser@gmx.at;ÖWM-Betriebssuche
Schabel;Feldgasse 7;2242;Prottes;AT;Niederösterreich;Weinviertel;+43 650 3002095;office@weinbau-schabel.at;ÖWM-Betriebssuche
Schabenböck Günter;Weinbergweg13;3491;Straß im Straßertale;AT;Niederösterreich;Kamptal;+43 676 7795049;g.schabenboeck@gmx.at;ÖWM-Betriebssuche
Schabl (Kirchengasse);Kirchengasse 6;2352;Gumpoldskirchen;AT;Niederösterreich;Thermenregion;+43 2252 62786;weingut@schabl.me;ÖWM-Betriebssuche
Schabl (Kremser Straße);Kremser Straße 13;3465;Königsbrunn am Wagram;AT;Niederösterreich;Wagram;+43 664 8489125;office@weingut-schabl.at;ÖWM-Betriebssuche
Schachhuber;Laaer Strasse 4;2054;Haugsdorf;AT;Niederösterreich;Weinviertel;+43 2944 2268;schachhuber@gmx.at;ÖWM-Betriebssuche
Schachinger (Marktstrasse);Marktstrasse 2;3465;Königsbrunn am Wagram;AT;Niederösterreich;Wagram;+43 676 3330767;office@weingut-schachinger.at;ÖWM-Betriebssuche
Schachinger (Weinbergstraße);Weinbergstraße 18;3494;Gedersdorf;AT;Niederösterreich;Kremstal;+43 2735 8560;winzerhof.schachinger@a1.net;ÖWM-Betriebssuche
Schachl Harald & Christine;Am Felde 1;2540;Bad Vöslau;AT;Niederösterreich;Thermenregion;+43 2252 76652;wein@schachl.at;ÖWM-Betriebssuche (Update bestehender Leadlisten-Eintrag)
Schachl Robert F.;Bahnstraße 7-9;2540;Bad Vöslau;AT;Niederösterreich;Thermenregion;+43 2252 72311;weingutschachl@gmail.com;ÖWM-Betriebssuche
Schadn;Hofern 7;2070;Retz;AT;Niederösterreich;Weinviertel;+43 664 5460947;romanschadn@gmx.at;ÖWM-Betriebssuche
Schafler;Hauptstrasse 12;3434;Tulbing;AT;Niederösterreich;Wagram;+43 2273 70582;;ÖWM-Betriebssuche
Schaflerhof;Wienerstrasse 9 - 11;2514;Traiskirchen;AT;Niederösterreich;Thermenregion;+43 699 15237800;wein@schaflerhof.at;ÖWM-Betriebssuche (Update bestehender Leadlisten-Eintrag)
Schagerl;Lindobelgasse 38;3495;Rohrendorf bei Krems;AT;Niederösterreich;Kremstal;+43 2732 78713;schmankerlstube.schagerl@gmx.at;ÖWM-Betriebssuche
Schagl (Hauptstrasse);Hauptstrasse 26;2751;Matzendorf-Hölles;AT;Niederösterreich;Thermenregion;+43 2628 62923;herbert@schagl.at;ÖWM-Betriebssuche
Schagl (Hauptstraße);Hauptstraße 18;2751;Hölles;AT;Niederösterreich;Thermenregion;+43 2628 62924;office@weingut-schagl.at;ÖWM-Betriebssuche
Schalek-Rabel;Mödlinger Strasse 1;2352;Gumpoldskirchen;AT;Niederösterreich;Thermenregion;+43 2252 62548;;ÖWM-Betriebssuche
Schamböck;Wienerstrasse 11;2211;Pillichsdorf;AT;Niederösterreich;Weinviertel;+43 2245 6567;guenter.schamboeck@aon.at;ÖWM-Betriebssuche
Scharf Helga und Siegfried;Hauptstr. 13;3500;Krems an der Donau;AT;Niederösterreich;Kremstal;+43 2732 86092;weinbau.scharf@aon.at;ÖWM-Betriebssuche
Scharinger (Hauptstraße);Hauptstraße 1;3743;Röschitz;AT;Niederösterreich;Weinviertel;+43 2984 2729;office.weinhofscharinger@gmail.com;ÖWM-Betriebssuche
Scharinger (Nr.);Nr. 47;2051;Platt;AT;Niederösterreich;Weinviertel;+43 2945 27331;biohof.scharinger@aon.at;ÖWM-Betriebssuche
Scharl;Bärndorf 8;3435;Zwentendorf an der Donau;AT;Niederösterreich;Wagram;+43 2277 2207;fam.scharl@aon.at;ÖWM-Betriebssuche
Scharnagl Lukas & Jessica;Waldlesbergerstraße 10;3133;Traismauer;AT;Niederösterreich;Traisental;+43 664 5057949;luk.scharnagl@gmail.com;ÖWM-Betriebssuche
Schaudy Erich u. Elfriede;Rochusstraße 30;2130;Siebenhirten;AT;Niederösterreich;Weinviertel;;erich.schaudy@gmx.at;ÖWM-Betriebssuche
Schauer;Schwallenbach 32;3620;Spitz;AT;Niederösterreich;Wachau;+43 2713 2357;;ÖWM-Betriebssuche
Schauerhuber Julius;Herrengasse 12;3463;Stetteldorf am Wagram;AT;Niederösterreich;Wagram;+43 664 4569097;j.schauerhuber@gmx.at;ÖWM-Betriebssuche
Schauhuber (Bergzeile);Bergzeile 17;3463;Stetteldorf am Wagram;AT;Niederösterreich;Wagram;+43 664 7859626;weinbau.schauhuber@gmx.at;ÖWM-Betriebssuche
Schauhuber (Hauptstrasse);Hauptstrasse 12;3704;Heldenberg;AT;Niederösterreich;Weinviertel;+43 2956 2345;cschauhuber@gmail.com;ÖWM-Betriebssuche
Schauhuber (Ortsstraße);Ortsstraße 16;3701;Heldenberg;AT;Niederösterreich;;+43 2278 2512;franz@schauhuber.net;ÖWM-Betriebssuche
Schechtner;Nr. 26;3730;Meiseldorf;AT;Niederösterreich;Weinviertel;+43 2984 20056;schechtner.andi@gmx.at;ÖWM-Betriebssuche
Scheck;Hochfeldstrasse 15;2213;Bockfließ;AT;Niederösterreich;Weinviertel;+43 2288 6328;martin.scheck@aon.at;ÖWM-Betriebssuche
Scheibenpflug;Oberloiben 20;3601;Dürnstein;AT;Niederösterreich;Wachau;+43 2732 42433;;ÖWM-Betriebssuche
Scheibenreif;Raiffeisenstraße 13;2521;Trumau;AT;Niederösterreich;Thermenregion;+43 2253 6428;franz.scheibenreif@aon.at;ÖWM-Betriebssuche
ScheinerWein;Mahdergasse 3;2130;Eibesthal;AT;Niederösterreich;Weinviertel;+43 650 3857466;scheiner@scheinerwein.at;ÖWM-Betriebssuche
Scheit;Laaer Straße 11;2113;Karnabrunn;AT;Niederösterreich;Weinviertel;+43 2263 6744;mail@winzerhof-scheit.at;ÖWM-Betriebssuche
Schelhammerhof;Hauptstrasse 24;3420;Kritzendorf;AT;Niederösterreich;Wagram;+43 2243 24435;;ÖWM-Betriebssuche
Schellner;Hauptstrasse 104;2214;Auersthal;AT;Niederösterreich;Weinviertel;+43 2288 2242;petra.schellner@a1.net;ÖWM-Betriebssuche
Schelmberger;Straning 22;3722;Straning-Grafenberg;AT;Niederösterreich;Weinviertel;+43 2984 7207;;ÖWM-Betriebssuche
Schenzel-Wallner;Feldgasse 36;2460;Bruck an der Leitha;AT;Niederösterreich;Carnuntum;+43 2162 63260;weingut@schenzel.com;ÖWM-Betriebssuche
Scherer;Gross Nondorf 58;2042;Guntersdorf;AT;Niederösterreich;Weinviertel;+43 2951 2325;weinbau.scherer@aon.at;ÖWM-Betriebssuche
Scheuer;Hollabrunnerstraße 2;2020;Oberfellabrunn;AT;Niederösterreich;Weinviertel;+43 650 2328120;office@winzerhof-scheuer.at;ÖWM-Betriebssuche
Schicha;Auggenthal 40;2054;Haugsdorf;AT;Niederösterreich;Weinviertel;+43 2944 2436;josef.schicha@gmail.com;ÖWM-Betriebssuche
Schicklgruber;Unterdürnbach 54;3721;Unterdürnbach;AT;Niederösterreich;Weinviertel;+43 2958 88436;schicklgruber.weine@aon.at;ÖWM-Betriebssuche
Schiedauf (Höflein 90);Höflein 90;2465;Höflein;AT;Niederösterreich;Carnuntum;+43 2162 67736;;ÖWM-Betriebssuche
Schiedauf (Höflein 95);Höflein 95;2465;Höflein;AT;Niederösterreich;Carnuntum;+43 2162 62350;;ÖWM-Betriebssuche
Schiel;Ableidingerstraße 20;2202;Enzersfeld im Weinviertel;AT;Niederösterreich;Weinviertel;+43 2262 673197;office@weingut-schiel.at;ÖWM-Betriebssuche
Schierer;Heiligensteinstrasse 6;3561;Zöbing;AT;Niederösterreich;Kamptal;+43 2734 2143;;ÖWM-Betriebssuche
Schildberger;Nr. 43;3131;Getzersdorf;AT;Niederösterreich;Traisental;+43 2782 86788;schuedi@gmx.at;ÖWM-Betriebssuche
Schiller Josef;Ortsstraße 8;2202;Hagenbrunn;AT;Niederösterreich;Weinviertel;+43 2262 672930;heuriger.schiller@aon.at;ÖWM-Betriebssuche
Schimmelbauer;Kirchengasse 11;2353;Guntramsdorf;AT;Niederösterreich;Thermenregion;+43 2236 53504;hans.baumgartner@kabsi.at;ÖWM-Betriebssuche
Schimmer;Hauptstraße 51;2130;Siebenhirten;AT;Niederösterreich;Weinviertel;+43 2572 20567;franz.schimmer@aon.at;ÖWM-Betriebssuche
Schimpf;Herrengasse 98;2162;Falkenstein;AT;Niederösterreich;Weinviertel;+43 650 3936647;markus.schimpf@aon.at;ÖWM-Betriebssuche
Schinnerl;Theyern 12;3133;Traismauer;AT;Niederösterreich;Traisental;+43 2783 82963;;ÖWM-Betriebssuche
Schirxl;Großharras 96;2034;Großharras;AT;Niederösterreich;Weinviertel;+43 2526 6862;rosemarie.schirxl@gmx.at;ÖWM-Betriebssuche
Schlager (Hainfelderstrasse);Hainfelderstrasse 1;2525;Schönau an der Triesting;AT;Niederösterreich;Thermenregion;+43 2256 62061;schlager.m@aon.at;ÖWM-Betriebssuche
Schlager (Hauptstrasse);Hauptstrasse 32;2504;Sooß;AT;Niederösterreich;Thermenregion;+43 2252 88988;weingut.schlager@aon.at;ÖWM-Betriebssuche (Update bestehender Leadlisten-Eintrag)
Schlager (Weinstrasse);Weinstrasse 62;3562;Mollands;AT;Niederösterreich;Kamptal;+43 664 8117294;weinbau.schlager@gmx.at;ÖWM-Betriebssuche
Schlager (Wr. Neustädter Str.);Wr. Neustädter Str. 76;2542;Kottingbrunn;AT;Niederösterreich;Thermenregion;+43 2252 74054;;ÖWM-Betriebssuche
Schlamberger;Franz-Arnberger-Weg 3;3500;Krems an der Donau;AT;Niederösterreich;Kremstal;+43 2732 41353;hobbyweingut@aon.at;ÖWM-Betriebssuche
Schleining;Klein Schweinbarth 11;2165;Drasenhofen;AT;Niederösterreich;Weinviertel;+43 2554 345;;ÖWM-Betriebssuche
Schleining Rudolf;Nr. 3;2164;Wildendürnbach;AT;Niederösterreich;Weinviertel;+43 2523 8221;schleining@aon.at;ÖWM-Betriebssuche
Schleinzer;Hauptstr. 40;2074;Unterretzbach;AT;Niederösterreich;Weinviertel;+43 2942 33368;herbert@biohof-schleinzer.at;ÖWM-Betriebssuche
Schloss Dürnstein;Dürnstein 2;3601;Dürnstein;AT;Niederösterreich;Wachau;;office@weingut-schloss-duernstein.at;ÖWM-Betriebssuche
Schloss Fels GmbH;Kremser Straße 3;3481;Fels am Wagram;AT;Niederösterreich;Wagram;+43 2738 2322;office.wsf@spar.at;ÖWM-Betriebssuche
Schloss Gobelsburg;Schlossstraße 16;3550;Gobelsburg;AT;Niederösterreich;Kamptal;+43 2734 2422;schloss@gobelsburg.at;ÖWM-Betriebssuche (Update bestehender Leadlisten-Eintrag)
Schloss Maissau;Winzerstraße 46;3743;Röschitz;AT;Niederösterreich;Weinviertel;+43 664 2028766;office@weingutschlossmaissau.com;ÖWM-Betriebssuche
Schloss Raggendorf GmbH;Bahnstrasse 74;2242;Prottes;AT;Niederösterreich;Weinviertel;+43 2282 55660;service@schloss-raggendorf.com;ÖWM-Betriebssuche
Schlossberg;Waldandachtstraße 23;2540;Bad Vöslau;AT;Niederösterreich;Thermenregion;+43 650 2276421;wein@weingutschlossberg.at;ÖWM-Betriebssuche
Schlosser;Schlossgasse 8;3714;Braunsdorf;AT;Niederösterreich;Weinviertel;+43 664 3061604;office@winzerhof-schlosser.at;ÖWM-Betriebssuche
Schlossweingut Bockfliess;Schulgasse 21;2100;Stetten;AT;Niederösterreich;Weinviertel;+43 2262 673423;wine@schlossweingutbockfliess.at;ÖWM-Betriebssuche
Schlumberger Robert;Hans Haderer Gasse 8;2540;Bad Vöslau;AT;Niederösterreich;Thermenregion;+43 2252 76290;eugen.lamprecht@schlumberger.at;ÖWM-Betriebssuche
Schlösinger;Bahnstraße 13;2440;Gramatneusiedl;AT;Niederösterreich;Carnuntum;+43 676 6007529;johann@schloesinger.at;ÖWM-Betriebssuche
Schmaderer;Brunnergasse 22;2380;Perchtoldsdorf;AT;Niederösterreich;Thermenregion;+43 1 8651872;info@weinbau-schmaderer.at;ÖWM-Betriebssuche
Schmatz;Judenaustrasse 10;3442;Langenrohr;AT;Niederösterreich;Wagram;+43 2272 7229;;ÖWM-Betriebssuche
Schmeikal;Unterwinden Ortsstraße 28;3130;Herzogenburg;AT;Niederösterreich;Traisental;+43 664 2238145;;ÖWM-Betriebssuche
Schmelz (Joching);Joching 14;3610;Weißenkirchen in der Wachau;AT;Niederösterreich;Wachau;+43 2715 2435;info@schmelzweine.at;ÖWM-Betriebssuche (Update bestehender Leadlisten-Eintrag)
Schmelz (Nr.);Nr. 99;3601;Dürnstein;AT;Niederösterreich;Wachau;;;ÖWM-Betriebssuche
Schmid (Hauptstrasse);Hauptstrasse 17;2211;Pillichsdorf;AT;Niederösterreich;Weinviertel;+43 699 12539292;1661@schmid.wine;ÖWM-Betriebssuche
Schmid (Hauptstraße 10);Hauptstraße 10;2120;Obersdorf;AT;Niederösterreich;Weinviertel;+43 699 17182727;j.schmid2120@gmx.at;ÖWM-Betriebssuche
Schmid (Hauptstraße 54);Hauptstraße 54;2263;Waidendorf;AT;Niederösterreich;Weinviertel;+43 2538 85324;schmid.robert@gmx.at;ÖWM-Betriebssuche
Schmid (Schlossstrasse);Schlossstrasse 56;3550;Gobelsburg;AT;Niederösterreich;Kamptal;+43 664 2204384;trink@schmidwein.at;ÖWM-Betriebssuche
Schmid (Seeweg);Seeweg 41;2253;Tallesbrunn;AT;Niederösterreich;Weinviertel;+43 699 11452278;peter@schmid-weine.at;ÖWM-Betriebssuche
Schmid (Sitzenhart);Sitzenhart 4;3714;Sitzendorf an der Schmida;AT;Niederösterreich;Weinviertel;+43 2959 25464;;ÖWM-Betriebssuche
Schmid (Unterthern);Unterthern 24;3701;Unterthern;AT;Niederösterreich;;+43 2955 71754;weinbau.schmid@gmx.at;ÖWM-Betriebssuche
Schmid (Wassergasse);Wassergasse 311;2252;Angern an der March;AT;Niederösterreich;Weinviertel;+43 2283 3295;;ÖWM-Betriebssuche
Schmid GmbH Josef;Obere Hauptstrasse 38;3552;Stratzing;AT;Niederösterreich;Kremstal;+43 1 4922019148;weingut@j-schmid.at;ÖWM-Betriebssuche
Schmid Toni;Straning 74 Schmid Toni;3722;Straning;AT;Niederösterreich;Weinviertel;+43 2984 37034;biowein@tonischmid.at;ÖWM-Betriebssuche
Schmid-Kogler;Jägerhausg. 11;2500;Baden;AT;Niederösterreich;Thermenregion;+43 2252 45933;weinhof.schmid-kogler@aon.at;ÖWM-Betriebssuche
Schmid-Schneller;Ottenthal 23;3470;Kirchberg am Wagram;AT;Niederösterreich;Wagram;+43 2279 3279;trink@schneller-wein.at;ÖWM-Betriebssuche
Schmidl;Nr. 144;3601;Dürnstein;AT;Niederösterreich;Wachau;+43 664 2245429;info@weingut-schmidl.at;ÖWM-Betriebssuche
Schmidmayer;Hauptstrasse 78;2145;Hausbrunn;AT;Niederösterreich;Weinviertel;+43 2533 801376;markus.simak@agrana.com;ÖWM-Betriebssuche
Schmidt (Schlossgasse);Schlossgasse 23;2102;Hagenbrunn;AT;Niederösterreich;Weinviertel;+43 664 4200744;office@weingutschmidt.at;ÖWM-Betriebssuche
Schmidt (Ölbergstraße);Ölbergstraße 82;3702;Rußbach;AT;Niederösterreich;Weinviertel;+43 676 9526626;office@weingut-schmidt.at;ÖWM-Betriebssuche
Schmidt-Harringer;Fladnitzerstraße 81;2070;Retz;AT;Niederösterreich;Weinviertel;+43 2942 20657;schmidt-harringer@aon.at;ÖWM-Betriebssuche
Schmuckenschlager;Agnesstrasse 46;3400;Klosterneuburg;AT;Niederösterreich;Wagram;+43 2243 37335;info@weinbau-schmuckenschlager.at;ÖWM-Betriebssuche
Schmudermayer;Hohenwarth 16;3472;Hohenwarth-Mühlbach a.M.;AT;Niederösterreich;Weinviertel;;;ÖWM-Betriebssuche
Schmöger;Rochusberg 148;2261;Mannersdorf an der March;AT;Niederösterreich;Weinviertel;+43 2283 3323;;ÖWM-Betriebssuche
Schmöllerl;Hauptplatz 3;2111;Kleinrötz;AT;Niederösterreich;Weinviertel;+43 2264 7294;;ÖWM-Betriebssuche
Schmölz Harald;Alter Hof 3;2122;Münichsthal;AT;Niederösterreich;Weinviertel;+43 2245 82727;weinbau.schmoelz@gmx.at;ÖWM-Betriebssuche
Schnabl (Fladnitzerstrasse);Fladnitzerstrasse 15;2070;Retz;AT;Niederösterreich;Weinviertel;+43 676 9036105;schnabl.andreas@gmx.at;ÖWM-Betriebssuche
Schnabl (Lange Zeile);Lange Zeile 48;2070;Retz;AT;Niederösterreich;Weinviertel;+43 2942 3575;info@schnablweine.at;ÖWM-Betriebssuche
Schnabl Dieter & Claudia;Steinbüglgasse 13;2070;Retz;AT;Niederösterreich;Weinviertel;+43 664 1401279;dieter@schnablweine.at;ÖWM-Betriebssuche
Schnaiter Heinrich;Mühlbach am Manhartsberg 46;3473;Hohenwarth-Mühlbach a.M.;AT;Niederösterreich;Weinviertel;+43 664 3915600;h.schnaiter@aon.at;ÖWM-Betriebssuche
Schnatter;Nr. 148;2051;Zellerndorf;AT;Niederösterreich;Weinviertel;+43 2945 2866;;ÖWM-Betriebssuche
Schneckenleitner;Hauptstrasse 13;3434;Tulbing;AT;Niederösterreich;Wagram;+43 2273 7217;;ÖWM-Betriebssuche
Schneeweis;In der Spitz 2;3620;Spitz;AT;Niederösterreich;Wachau;+43 2713 2965;info@weingut-schneeweis.at;ÖWM-Betriebssuche
Schneeweiss;Wachaustraße 233;3610;Weißenkirchen in der Wachau;AT;Niederösterreich;Wachau;+43 660 2101007;info@wachauerwein.at;ÖWM-Betriebssuche
Schneider (Badnerstrasse);Badnerstrasse 3;2523;Tattendorf;AT;Niederösterreich;Thermenregion;+43 664 73046101;office@weingut-schneider.co.at;ÖWM-Betriebssuche (Update bestehender Leadlisten-Eintrag)
Schneider (Dietmannsdorf);Dietmannsdorf 71;2051;Zellerndorf;AT;Niederösterreich;Weinviertel;+43 664 5880536;dominik.schneider.1993@aon.at;ÖWM-Betriebssuche
Schneider (Flugpatzstrasse);Flugpatzstrasse 23;3481;Fels am Wagram;AT;Niederösterreich;Wagram;+43 2738 8228;weinbau-schneider@aon.at;ÖWM-Betriebssuche
Schneider (Granitz);Granitz 9;3743;Röschitz;AT;Niederösterreich;Weinviertel;+43 664 1701974;weingutschneider@aon.at;ÖWM-Betriebssuche
Schneider (Hornerstrasse);Hornerstrasse 11;3702;Oberrußbach;AT;Niederösterreich;Weinviertel;+43 2955 70431;;ÖWM-Betriebssuche
Schneider (Kettlasbrunner Hauptstraße);Kettlasbrunner Hauptstraße 21;2192;Kettlasbrunn;AT;Niederösterreich;Weinviertel;+43 676 4213195;edith.schneider@outlook.at;ÖWM-Betriebssuche
Schneider (Niederrußbach);;3702;Niederrußbach;AT;Niederösterreich;Weinviertel;;office@schneiderwein.at;ÖWM-Betriebssuche
Schneider (Nr. 25);Nr. 25;2051;Zellerndorf;AT;Niederösterreich;Weinviertel;+43 2945 2680;schneider.f.e@aon.at;ÖWM-Betriebssuche
Schneider (Nr. 63);Nr. 63;2051;Zellerndorf;AT;Niederösterreich;Weinviertel;+43 2945 27059;;ÖWM-Betriebssuche
Schneider (Rohrendorf);Rohrendorf 7;3741;Pulkau;AT;Niederösterreich;Weinviertel;+43 650 6182717;schneiderwein@gmx.at;ÖWM-Betriebssuche
Schneider Karl und Martha;Nr. 8;3741;Groß-Reipersdorf;AT;Niederösterreich;Weinviertel;;karl.schneider.gr@aon.at;ÖWM-Betriebssuche
Schneider-Trauner;Deinzendorf 13;2051;Zellerndorf;AT;Niederösterreich;Weinviertel;+43 2945 2219;weingut@schneider-trauner.at;ÖWM-Betriebssuche
Schnitzer (Neustiftgasse);Neustiftgasse 37;2352;Gumpoldskirchen;AT;Niederösterreich;Thermenregion;+43 2252 62385;;ÖWM-Betriebssuche
Schnitzer (Wienerstrasse);Wienerstrasse 25;2352;Gumpoldskirchen;AT;Niederösterreich;Thermenregion;+43 2252 62300;;ÖWM-Betriebssuche
Schober (Dörfl);Dörfl 2;3470;Kirchberg am Wagram;AT;Niederösterreich;Wagram;+43 2279 2252;weingut.schober@utanet.at;ÖWM-Betriebssuche
Schober (Grübern);Grübern 39;3712;Maissau;AT;Niederösterreich;Weinviertel;+43 664 3143025;schober.wein@aon.at;ÖWM-Betriebssuche
Schober (Obere Marktstrasse);Obere Marktstrasse 38;3481;Fels am Wagram;AT;Niederösterreich;Wagram;+43 2738 2439;office@schoberwein.at;ÖWM-Betriebssuche
Schober (Straning);Straning 66;3722;Straning-Grafenberg;AT;Niederösterreich;Weinviertel;+43 2984 7204;;ÖWM-Betriebssuche
Schober Franz & Maria;Schlossweg 4;3704;Kleinwetzdorf;AT;Niederösterreich;Weinviertel;+43 664 4868461;weinschober@gmail.com;ÖWM-Betriebssuche
Schober Georg;Kleine Zeile 5;3483;Feuersbrunn;AT;Niederösterreich;Wagram;+43 2738 2355;georg@weinfamilie-schober.at;ÖWM-Betriebssuche
Schober Richard;Wienerstrasse 11;2191;Gaweinstal;AT;Niederösterreich;Weinviertel;+43 664 2778412;mail@weingut-schober.at;ÖWM-Betriebssuche
Schober-Schütt;Brünnerstraße 18;2191;Gaweinstal;AT;Niederösterreich;Weinviertel;+43 699 10459060;mail@schober-schuett.at;ÖWM-Betriebssuche
Schoderitz;Spillern 6;2465;Höflein;AT;Niederösterreich;Carnuntum;+43 2162 63963;;ÖWM-Betriebssuche
Schodl (Brunngasse);Brunngasse 155;2170;Poysdorf;AT;Niederösterreich;Weinviertel;+43 2552 20034;weinbau_erich_schodl@hotmail.com;ÖWM-Betriebssuche
Schodl (Feldsberger Straße);Feldsberger Straße 23;2170;Poysdorf;AT;Niederösterreich;Weinviertel;;schodl.karl@gmx.at;ÖWM-Betriebssuche
Schodl Christian;Untere Hauptstraße 6;2141;Ameis;AT;Niederösterreich;Weinviertel;+43 2524 3170;schodlrudolf@a1.net;ÖWM-Betriebssuche
Schodl Harald;Obere Hauptstraße 5;2141;Ameis;AT;Niederösterreich;Weinviertel;+43 660 2508527;harald.schodl@gmx.at;ÖWM-Betriebssuche
Schodl Josefine;Laaerstrasse 33;2170;Poysdorf;AT;Niederösterreich;Weinviertel;+43 2552 2507;w.schodl@aon.at;ÖWM-Betriebssuche
Schodl Robert;Hindenburgstrasse 1;2170;Poysdorf;AT;Niederösterreich;Weinviertel;+43 676 3512625;info@schodl-weine.at;ÖWM-Betriebssuche
Schoissengeyer;Hundsheim 49;3512;Mautern an der Donau;AT;Niederösterreich;Wachau;+43 2732 86674;;ÖWM-Betriebssuche
Schordan;Wintergasse 35;2252;Angern an der March;AT;Niederösterreich;Weinviertel;+43 699 11331989;weinbau@schordan.at;ÖWM-Betriebssuche
Schramm;Friedhofgasse 15;2225;Zistersdorf;AT;Niederösterreich;Weinviertel;+43 2532 2544;;ÖWM-Betriebssuche
Schrank;Bachgasse 27;2332;Hennersdorf;AT;Niederösterreich;Thermenregion;+43 2235 81525;schrank@hennersdorf.at;ÖWM-Betriebssuche
Schreder;Gstettn 23;2170;Poysdorf;AT;Niederösterreich;Weinviertel;+43 2552 2305;;ÖWM-Betriebssuche
Schredl;Altmannistraße 5;3511;Furth bei Göttweig;AT;Niederösterreich;Kremstal;;;ÖWM-Betriebssuche
Schreibeis;Gaisbergkellergasse 12;3491;Straß im Straßertale;AT;Niederösterreich;Kamptal;+43 2735 5823;office@weingut-schreibeis.at;ÖWM-Betriebssuche
Schreiber (Bachgasse);Bachgasse 3;2171;Herrnbaumgarten;AT;Niederösterreich;Weinviertel;+43 664 1960768;weinbau.schreiber@aon.at;ÖWM-Betriebssuche
Schreiber (Preußengasse);Preußengasse 3;2170;Walterskirchen;AT;Niederösterreich;Weinviertel;+43 664 9109081;schreiber_franz@aon.at;ÖWM-Betriebssuche
Schreiber (Theyern);Theyern 11;3133;Traismauer;AT;Niederösterreich;Traisental;+43 2783 82965;;ÖWM-Betriebssuche
Schrejma;Waitzendorf 41;2073;Waitzendorf;AT;Niederösterreich;Weinviertel;+43 664 2058449;office@schrejma.at;ÖWM-Betriebssuche
Schrey;Prof. Gruber Gasse 37;3610;Wösendorf in der Wachau;AT;Niederösterreich;Wachau;+43 664 2563017;weingut@schrey.at;ÖWM-Betriebssuche
Schubert Martin;Schlosszeile 21;2130;Mistelbach;AT;Niederösterreich;Weinviertel;+43 664 3936643;weinbau-schubert@aon.at;ÖWM-Betriebssuche
Schubert Willibald;Wildendürnbach 275;2164;Wildendürnbach;AT;Niederösterreich;Weinviertel;+43 664 8134042;willibald.schubert@wkw.at;ÖWM-Betriebssuche
Schuberth;Walterstraße 36;3500;Senftenberg;AT;Niederösterreich;Kremstal;+43 2734 2235;weingutschuberth@aon.at;ÖWM-Betriebssuche
Schuch Pauline;Engelbert Heilinger Siedlung 1;3741;Pulkau;AT;Niederösterreich;Weinviertel;;pauline.schuch@aon.at;ÖWM-Betriebssuche
Schuckert (Nr.);Nr. 298;2164;Wildendürnbach;AT;Niederösterreich;Weinviertel;+43 664 73590346;hermann.schuckert@aon.at;ÖWM-Betriebssuche
Schuckert (Talgasse);Talgasse 18;2193;Erdberg;AT;Niederösterreich;Weinviertel;+43 2552 20354;franz.schuckert78@gmail.com;ÖWM-Betriebssuche
Schuckert (Wilhelmsdorferstrasse);Wilhelmsdorferstrasse 40;2170;Poysdorf;AT;Niederösterreich;Weinviertel;+43 2552 2389;weingut@schuckert.com;ÖWM-Betriebssuche
Schuckert Josefine u. Andreas;Kirchenstraße 55;2225;Loidesthal;AT;Niederösterreich;Weinviertel;+43 2532 88552;weinbau@ja-schuckert.at;ÖWM-Betriebssuche
Schuh;Frauendorf 140;3710;Ziersdorf;AT;Niederösterreich;Weinviertel;+43 2959 2267;franzschuh@aon.at;ÖWM-Betriebssuche
Schultheis;Fünfhaus 5;3434;Tulbing;AT;Niederösterreich;Wagram;+43 2273 7966;;ÖWM-Betriebssuche
Schulz;Hauptstrasse 69;2181;Dobermannsdorf;AT;Niederösterreich;Weinviertel;+43 2533 89062;2181weingut.schulz@gmail.com;ÖWM-Betriebssuche
Schup Gregor;Josefigasse 8;2353;Guntramsdorf;AT;Niederösterreich;Thermenregion;+43 2236 53291;winzer@schup.at;ÖWM-Betriebssuche
Schuster (Feldgasse);Feldgasse 6;2123;Kronberg;AT;Niederösterreich;Weinviertel;+43 664 2667755;karl.schuster@aon.at;ÖWM-Betriebssuche
Schuster (Hauptstraße);Hauptstraße 61;3471;Großriedenthal;AT;Niederösterreich;Wagram;+43 2279 72030;office@weingut-schuster.at;ÖWM-Betriebssuche
Schuster (Hofstelle);Hofstelle 4;2054;Alberndorf im Pulkautal;AT;Niederösterreich;Weinviertel;+43 676 6066311;info@wein-schuster.at;ÖWM-Betriebssuche
Schuster (Langenloiser Strasse);Langenloiser Strasse 48;3552;Lengenfeld;AT;Niederösterreich;Kremstal;+43 2719 8414;schuster.wein@aon.at;ÖWM-Betriebssuche
Schuster (Vöslauerstrasse);Vöslauerstrasse 58;2500;Baden;AT;Niederösterreich;Thermenregion;+43 664 2026520;schuster_gerhard@utanet.at;ÖWM-Betriebssuche
Schuster Renate;Im Sand 16;3472;Hohenwarth-;AT;Niederösterreich;Weinviertel;+436642708137;mühlbacha.m.office@weingut-schuster.com;ÖWM-Betriebssuche
Schwab;Obere Hauptstraße 10;3552;Stratzing;AT;Niederösterreich;Kremstal;+43 2719 2389;;ÖWM-Betriebssuche
Schwabl (Hadres);Hadres 16;2061;Hadres;AT;Niederösterreich;Weinviertel;+43 2943 2439;;ÖWM-Betriebssuche
Schwabl (Kirchensteig);Kirchensteig 30-32;2054;Haugsdorf;AT;Niederösterreich;Weinviertel;+43 2944 27703;;ÖWM-Betriebssuche
Schwabl Franz;Germergasse 25;2500;Baden;AT;Niederösterreich;Thermenregion;+43 2252 86377;weingutfranzschwabl@outlook.com;ÖWM-Betriebssuche
Schwaiger;Marktplatz 22;3610;Wösendorf in der Wachau;AT;Niederösterreich;Wachau;+43 2715 2222;office@weingut-schwaiger.at;ÖWM-Betriebssuche
Schwaighofer Severinhof;Frauenhofgasse 49;3512;Mautern an der Donau;AT;Niederösterreich;Wachau;+43 2732 84643;schwaighofer@severinhof.at;ÖWM-Betriebssuche
Schwalm (Große Zeile);Große Zeile 30;2171;Herrnbaumgarten;AT;Niederösterreich;Weinviertel;+43 664 2806771;office@rebenhof-schwalm.at;ÖWM-Betriebssuche
Schwalm (Hauptstraße);Hauptstraße 73;2171;Herrnbaumgarten;AT;Niederösterreich;Weinviertel;+43 664 4136149;weingut.schwalm@aon.at;ÖWM-Betriebssuche
Schwartz;Weinbergweg 2-4;3492;Walkersdorf am Kamp;AT;Niederösterreich;Kamptal;+43 2735 2345;office@weingut-schwartz.at;ÖWM-Betriebssuche
Schwarz (Weissenkirchen);Weissenkirchen 67;3610;Weißenkirchen in der Wachau;AT;Niederösterreich;Wachau;+43 2715 2506;;ÖWM-Betriebssuche
Schwarz (Wienerstrasse);Wienerstrasse 14;2514;Traiskirchen;AT;Niederösterreich;Thermenregion;+43 2252 53500;gabriela_weber@aon.at;ÖWM-Betriebssuche
Schwarzböck R & A;Hauptstrasse 56-58;2102;Hagenbrunn;AT;Niederösterreich;Weinviertel;+43 2262 672740;weingut@schwarzboeck.at;ÖWM-Betriebssuche
Schwarze Katz;Wienerstrasse 13;2352;Gumpoldskirchen;AT;Niederösterreich;Thermenregion;+43 2252 62168;;ÖWM-Betriebssuche
Schwarzhapl;Lindengasse 21;3511;Palt;AT;Niederösterreich;Kremstal;+43 2732 84675;;ÖWM-Betriebssuche
Schwarzl;Im Winkl 13;3702;Niederrußbach;AT;Niederösterreich;Weinviertel;+43 664 1345809;office@schwarzl-wein.at;ÖWM-Betriebssuche
Schwarzmann;Hauptstrasse 66;2181;Palterndorf-Dobermannsdorf;AT;Niederösterreich;Weinviertel;+43 2533 284;;ÖWM-Betriebssuche
Schweiger;Zöbinger Hauptstraße 10;3561;Langenlois;AT;Niederösterreich;Kamptal;+43 2734 3605;familie@weingut-schweiger.at;ÖWM-Betriebssuche
Schweiger Peter;Im Grübl 25;3561;Zöbing;AT;Niederösterreich;Kamptal;+43 2734 4512;office@schweiger-wein.at;ÖWM-Betriebssuche
Schweighofer;Oberloiben Schweighofer;3601;Dürnstein;AT;Niederösterreich;Wachau;+43 2732 84337;info@weingutschweighofer.at;ÖWM-Betriebssuche
Schweinberger (Lindengasse 6);Lindengasse 6;2193;Wilfersdorf;AT;Niederösterreich;Weinviertel;+43 2573 2652;juergen.schweinberger@gmx.at;ÖWM-Betriebssuche
Schweinberger (Lindengasse 8);Lindengasse 8;2193;Wilfersdorf;AT;Niederösterreich;Weinviertel;+43 664 2229898;wein1@gmx.at;ÖWM-Betriebssuche
Schweinberger (Sandgasse);Sandgasse 16;2193;Wilfersdorf;AT;Niederösterreich;Weinviertel;+43 1 313070469;werner.schweinberger@aon.at;ÖWM-Betriebssuche
Schwertführer;Neustiftgasse 16;2352;Gumpoldskirchen;AT;Niederösterreich;Thermenregion;+43 2252 62205;;ÖWM-Betriebssuche
Schwertführer 47er;Hauptstrasse 47;2504;Sooß;AT;Niederösterreich;Thermenregion;+43 2252 87191;weingut@47er.at;ÖWM-Betriebssuche
Schwinner;Seefeld 96;2062;Seefeld-Kadolz;AT;Niederösterreich;Weinviertel;+43 2943 2227;office@weingut-schwinner.at;ÖWM-Betriebssuche
Schwinner Martin;Hauptstraße 28;3472;Hohenwarth-Mühlbach a.M.;AT;Niederösterreich;Weinviertel;+43 664 3728414;office@weingut-schwinner.at;ÖWM-Betriebssuche
Schwoga - Weingut Schweighofer;Alte Marktstrasse 9;2225;Zistersdorf;AT;Niederösterreich;Weinviertel;+43 660 5478900;office@schwoga.at;ÖWM-Betriebssuche
Schäfer-Kohl;Röhrbrunnstrasse 12;3550;Langenlois;AT;Niederösterreich;Kamptal;+43 2734 78360;weingut.schaefer-kohl@inode.at;ÖWM-Betriebssuche
Schäffer;Große Zeile 52;3483;Feuersbrunn;AT;Niederösterreich;Wagram;+43 664 2058614;weinbau-schaeffer@aon.at;ÖWM-Betriebssuche
Schäffer Bio;Watzelsdorf Nr. 55;2051;Watzelsdorf;AT;Niederösterreich;Weinviertel;+43 664 5791022;info@bioschaeffer.at;ÖWM-Betriebssuche
Schöberl;Maustrenk 223;2225;Zistersdorf;AT;Niederösterreich;Weinviertel;+43 2532 3308;jm.schoeberl@gmx.at;ÖWM-Betriebssuche
Schöberl pichl-hof;In der Spitz 1;3620;Spitz;AT;Niederösterreich;Wachau;+43 2713 2275;office@schoeberl-pichlhof.at;ÖWM-Betriebssuche
Schödl Family;Loidesthaler Hauptstrasse 76;2225;Loidesthal;AT;Niederösterreich;Weinviertel;+43 664 4114799;mail@weingutschoedl.at;ÖWM-Betriebssuche (Update bestehender Leadlisten-Eintrag)
Schödl Hohenwarth;Hauptstraße 30;3472;Hohenwarth-Mühlbach a.M.;AT;Niederösterreich;Weinviertel;+43 664 5519401;schoedlwein@aon.at;ÖWM-Betriebssuche
Schöfbeck (Florianigasse);Florianigasse 9;2130;Eibesthal;AT;Niederösterreich;Weinviertel;+43 2572 5760;ferdl.schoefbeck@aon.at;ÖWM-Betriebssuche
Schöfbeck (Klösterl);Klösterl 46;2130;Mistelbach;AT;Niederösterreich;Weinviertel;+43 2572 35043;;ÖWM-Betriebssuche
Schöfberger;Hollabrunnerstraße 30;2020;Oberfellabrunn;AT;Niederösterreich;Weinviertel;+43 2952 2994;erich.schoefberger@aon.at;ÖWM-Betriebssuche
Schöfmann;;2070;Retz;AT;Niederösterreich;Weinviertel;;office@schoefmann-schoefmann.at;ÖWM-Betriebssuche
Schöfmann Anton;Kellerstrasse 17;2054;Haugsdorf;AT;Niederösterreich;Weinviertel;+43 676 4252727;anton@schoefmann.at;ÖWM-Betriebssuche
Schöfnagl;Milchhausstraße 31;2223;Hohenruppersdorf;AT;Niederösterreich;Weinviertel;+43 2574 8652;raimund.schoefnagl@gmx.at;ÖWM-Betriebssuche
Schöller Hans;Wagramer Straße 10;3133;Traismauer;AT;Niederösterreich;Traisental;+43 664 4266261;winzerhaus@weinschoeller.at;ÖWM-Betriebssuche (Update bestehender Leadlisten-Eintrag)
Schön (Höflein);Höflein 131;2465;Höflein;AT;Niederösterreich;Carnuntum;+43 2162 63637;;ÖWM-Betriebssuche
Schön (Rohrendorf);Rohrendorf 59;3741;Pulkau;AT;Niederösterreich;Weinviertel;+43 2983 2411;;ÖWM-Betriebssuche
Schön (Straning);Straning 13;3722;Straning-Grafenberg;AT;Niederösterreich;Weinviertel;+43 2984 7336;;ÖWM-Betriebssuche
Schönauer;Pillersdorf 24;2073;Zellerndorf;AT;Niederösterreich;Weinviertel;+43 2946 8240;;ÖWM-Betriebssuche
Schöne Erde;Käferbergstraße 1;3550;Langenlois;AT;Niederösterreich;Kamptal;+43 676 4873777;info@schoeneerde.at;ÖWM-Betriebssuche
Schönhofer;Zellerndorf 128;2051;Zellerndorf;AT;Niederösterreich;Weinviertel;+43 2945 2923;info@winzerhof-schoenhofer.at;ÖWM-Betriebssuche
Schörg;Hauptplatz 54;2013;Göllersdorf;AT;Niederösterreich;Weinviertel;+43 2954 3218;;ÖWM-Betriebssuche
Schüller (Pillersdorf);Pillersdorf 15;2073;Zellerndorf;AT;Niederösterreich;Weinviertel;+43 2946 8429;info@weingut-schueller.at;ÖWM-Betriebssuche
Schüller (Rauchenwarth);Rauchenwarth 9;2320;Rauchenwarth;AT;Niederösterreich;Carnuntum;+43 2230 2354;heurigen.schueller@aon.at;ÖWM-Betriebssuche
Schüller (Waitzendorf);Waitzendorf 67;2073;Zellerndorf;AT;Niederösterreich;Weinviertel;+43 2946 8365;norbert.schueller@gmx.at;ÖWM-Betriebssuche
Schütz (Hauptstraße);Hauptstraße 24;2123;Traunfeld;AT;Niederösterreich;Weinviertel;+43 2245 89725;winzerhof.schuetz@aon.at;ÖWM-Betriebssuche
Schütz (Landersdorfer Straße);Landersdorfer Straße 46;3500;Krems an der Donau;AT;Niederösterreich;Kremstal;+43 2732 86637;;ÖWM-Betriebssuche
Schütz Karl;Mitterarnsdorf 22;3621;Rossatz-Arnsdorf;AT;Niederösterreich;Wachau;+43 676 5802901;karlschuetz@gmx.at;ÖWM-Betriebssuche
Schütz Stefanie;Patzmannsdorf 53;2153;Stronsdorf;AT;Niederösterreich;Weinviertel;+43 676 9376753;hermann.schuetz@gmx.at;ÖWM-Betriebssuche
Schützl;Einödstrasse 14;2511;Pfaffstätten;AT;Niederösterreich;Thermenregion;+43 2252 86709;;ÖWM-Betriebssuche
Sebastian Angerer;Röhrbrunngasse 1;3552;Lengenfeld;AT;Niederösterreich;Kremstal;+43 2719 2271;info@weingutangerer.at;ÖWM-Betriebssuche (Update bestehender Leadlisten-Eintrag)
Seehofer Maria;Wienerstraße 55;3511;Palt;AT;Niederösterreich;Kremstal;+43 2732 76592;;ÖWM-Betriebssuche
Seher (Lange Zeile);Lange Zeile 42;2070;Retz;AT;Niederösterreich;Weinviertel;+43 2942 2508;wein-seher@drei.at;ÖWM-Betriebssuche
Seher (Obermarkersdorf);Obermarkersdorf 81;2073;Zellerndorf;AT;Niederösterreich;Weinviertel;+43 2942 8242;klokan811@hotmail.com;ÖWM-Betriebssuche
Seher Josef;Im Winkl 1;2070;Retz;AT;Niederösterreich;Weinviertel;+43 2942 2137;office@weingut-seher.at;ÖWM-Betriebssuche
Seher Wolfgang;Platt 28;2051;Zellerndorf;AT;Niederösterreich;Weinviertel;+43 664 4218144;office@weingutseher.at;ÖWM-Betriebssuche (Update bestehender Leadlisten-Eintrag)
Seidl (Bundesstraße);Bundesstraße 243;2054;Alberndorf im Pulkautal;AT;Niederösterreich;Weinviertel;+43 664 5238666;wein@seidl-weingut.at;ÖWM-Betriebssuche
Seidl (Fischamender Strasse);Fischamender Strasse 53;2460;Bruck an der Leitha;AT;Niederösterreich;Carnuntum;+43 2162 62349;seidl-keller@kabsi.at;ÖWM-Betriebssuche
Seidl (Hauptstr.);Hauptstr. 64;2074;Unterretzbach;AT;Niederösterreich;Weinviertel;+43 2942 20189;weinbau.seidl@gmx.net;ÖWM-Betriebssuche
Seidl (Mittergrabern);Mittergrabern 107;2020;Grabern;AT;Niederösterreich;Weinviertel;+43 664 9178551;office@weingut-seidl.at;ÖWM-Betriebssuche
Seidl (Pfaffstetten);Pfaffstetten 18;3720;Ravelsbach;AT;Niederösterreich;Weinviertel;+43 2958 83001;;ÖWM-Betriebssuche
Seidl (Straning);Straning 32;3722;Straning;AT;Niederösterreich;Weinviertel;;;ÖWM-Betriebssuche
Seidl (Weinstraße);Weinstraße 11/1;2074;Unterretzbach;AT;Niederösterreich;Weinviertel;+43 2942 3448;weinbau.seidl@aon.at;ÖWM-Betriebssuche
Seidl A.;Nr. 110;2061;Untermarkersdorf;AT;Niederösterreich;Weinviertel;+43 664 3684711;alfredseidl@gmx.at;ÖWM-Betriebssuche
Seidl Alfred und Claudia;Siedlung 11;2061;Untermarkersdorf;AT;Niederösterreich;Weinviertel;+43 2943 63910;seidl.claudia@aon.at;ÖWM-Betriebssuche
Seidl am Dach;Hauptstraße 82;2054;Alberndorf im Pulkautal;AT;Niederösterreich;Weinviertel;+43 676 9487246;info@seidl-wein.at;ÖWM-Betriebssuche
Seif (Priel);Priel 1;3541;Senftenberg;AT;Niederösterreich;Kremstal;+43 2719 2985;;ÖWM-Betriebssuche
Seif (Weingasse);Weingasse 16;3133;Traismauer;AT;Niederösterreich;Traisental;+43 2783 81935;;ÖWM-Betriebssuche
Seifried;Oberstinkenbrunn 43 Seifried;2023;Wullersdorf;AT;Niederösterreich;Weinviertel;+43 2953 2339;office@weinbau-seifried.at;ÖWM-Betriebssuche
Seitz;Braungasse 17;2525;Schönau an der Triesting;AT;Niederösterreich;Thermenregion;+43 2256 64177;;ÖWM-Betriebssuche
Sektkellerei Mauthner GmbH;Kleinriedenthal 25;2074;Unterretzbach;AT;Niederösterreich;Weinviertel;+43 2942 2944;info@mauthner-sekt.at;ÖWM-Betriebssuche
Seltenhammer;Schlosszeile 13;2130;Paasdorf;AT;Niederösterreich;Weinviertel;+43 2572 2548;office@seltenhammer-weine.at;ÖWM-Betriebssuche
Semlinger;Dorfstraße 87;2465;Höflein;AT;Niederösterreich;Carnuntum;+43 2162 63141;;ÖWM-Betriebssuche
Semmler Ernst;Untere Hauptstrasse 14;2223;Hohenruppersdorf;AT;Niederösterreich;Weinviertel;+43 676 7331585;ernst.semmler@wineaid.at;ÖWM-Betriebssuche
Semmler Thomas;Untere Hauptstraße 12;2223;Hohenruppersdorf;AT;Niederösterreich;Weinviertel;+43 664 4793590;mail@winzerhof-semmler.at;ÖWM-Betriebssuche
Senftlechner;Kirchengasse 23;3511;Furth bei Göttweig;AT;Niederösterreich;Kremstal;+43 2732 77066;;ÖWM-Betriebssuche
Setzer;Hauptstraße 64;3472;Hohenwarth-Mühlbach a.M.;AT;Niederösterreich;Weinviertel;+43 2957 228;setzer@weingut-setzer.at;ÖWM-Betriebssuche (Update bestehender Leadlisten-Eintrag)
Seymanns Weinhandwerkerei;Karlsdorf 50;2052;Pernersdorf;AT;Niederösterreich;Weinviertel;+43 664 88667501;office@seymann.at;ÖWM-Betriebssuche
Siedler (Hundsheim);Hundsheim 55;3512;Mautern an der Donau;AT;Niederösterreich;Wachau;+43 2732 72770;office.siedler@aon.at;ÖWM-Betriebssuche
Siedler (Kuffern);Kuffern 32;3125;Kuffern;AT;Niederösterreich;Traisental;;franz@weinhof-siedler.at;ÖWM-Betriebssuche
Siegert;Hornerstrasse 22;3701;Großweikersdorf;AT;Niederösterreich;Wagram;+43 2955 70385;wein@weingut-siegert.at;ÖWM-Betriebssuche
Siegl;Zaussenberg 14;3701;Großweikersdorf;AT;Niederösterreich;Wagram;+43 2278 2501;;ÖWM-Betriebssuche
Sigl;Rossatz 175;3602;Rossatz-Arnsdorf;AT;Niederösterreich;Wachau;+43 2714 6302;wein@weingut-sigl.at;ÖWM-Betriebssuche
Sikora & Graf;Wildendürnbach 73;2164;Wildendürnbach;AT;Niederösterreich;Weinviertel;+43 699 19266616;weinmacherei.sikoragraf@gmail.com;ÖWM-Betriebssuche
Sikora-Schiessler;Ambach 20;3124;Oberwölbling;AT;Niederösterreich;Traisental;+43 2786 2030;shop@sikora-schiessler.at;ÖWM-Betriebssuche
Siller;Priel 23;3541;Senftenberg;AT;Niederösterreich;Kremstal;+43 2719 2505;;ÖWM-Betriebssuche
Simlinger;Dross 99;3552;Droß;AT;Niederösterreich;Kremstal;+43 2719 2446;;ÖWM-Betriebssuche
Simmet;Hauptstrasse 228;2252;Angern an der March;AT;Niederösterreich;Weinviertel;+43 2283 2201;;ÖWM-Betriebssuche
Simonides Johannes;Wiener Straße 36;2120;Wolkersdorf im Weinviertel;AT;Niederösterreich;Weinviertel;+43 650 4834489;office@weinbausimonides.at;ÖWM-Betriebssuche
Skryanz;Hauptstrasse 18;2511;Pfaffstätten;AT;Niederösterreich;Thermenregion;+43 2252 49748;;ÖWM-Betriebssuche
Small Crotch Winery;Zeißelthal 4;2221;Groß-Schweinbarth;AT;Niederösterreich;Weinviertel;+43 664 3074129;office@smallcrotchwinery.at;ÖWM-Betriebssuche
Smöch u. Sohn;Joching 55;3610;Weißenkirchen in der Wachau;AT;Niederösterreich;Wachau;+43 2715 2839;info@landhaus-smoech.at;ÖWM-Betriebssuche
Sommer;Frauenberg 7;3500;Krems an der Donau;AT;Niederösterreich;Kremstal;;sr.sommer@gmx.at;ÖWM-Betriebssuche
Sommerauer;Dorfstrasse 6;3511;Furth bei Göttweig;AT;Niederösterreich;Kremstal;+43 2736 7226;;ÖWM-Betriebssuche
Sommerbauer (Hochstrasse);Hochstrasse 67;2380;Perchtoldsdorf;AT;Niederösterreich;Thermenregion;+43 1 8659447;;ÖWM-Betriebssuche
Sommerbauer (Semlergasse);Semlergasse 4;2380;Perchtoldsdorf;AT;Niederösterreich;Thermenregion;+43 1 8692792;;ÖWM-Betriebssuche
Sommerbauer (Sonnbergstrasse);Sonnbergstrasse 14;2380;Perchtoldsdorf;AT;Niederösterreich;Thermenregion;+43 1 8698723;;ÖWM-Betriebssuche
Sonnenhügel;Herrengasse 30;2074;Unterretzbach;AT;Niederösterreich;Weinviertel;+43 2942 20674;office@weingut-sonnenhuegel.at;ÖWM-Betriebssuche
Sovik;Hauptstrasse 59;2504;Sooß;AT;Niederösterreich;Thermenregion;+43 2252 87393;office@sovik.at;ÖWM-Betriebssuche
Spangl;Gasse 2;2276;Reintal;AT;Niederösterreich;Weinviertel;+43 2557 5000;wein@weingut-spangl.at;ÖWM-Betriebssuche
Spannagl;Marktplatz 3;3133;Traismauer;AT;Niederösterreich;Traisental;+43 2783 8405;;ÖWM-Betriebssuche
Spatzierer;Europastrasse 26;2193;Wilfersdorf;AT;Niederösterreich;Weinviertel;+43 2552 37777;weinbau.spatzierer@aon.at;ÖWM-Betriebssuche
Sperber;Dorfstraße 25;3714;Niederschleinz;AT;Niederösterreich;Weinviertel;+43 2959 2086;sperber_wolfgang@gmx.at;ÖWM-Betriebssuche
Spiegelhofer (Brunnengasse);Brunnengasse 30;2380;Perchtoldsdorf;AT;Niederösterreich;Thermenregion;+43 1 8693919;;ÖWM-Betriebssuche
Spiegelhofer (Hochstrasse);Hochstrasse 75;2380;Perchtoldsdorf;AT;Niederösterreich;Thermenregion;+43 1 8659102;;ÖWM-Betriebssuche
Spielauer (Baumgarten am Wagram);Baumgarten am Wagram 24;3701;Großweikersdorf;AT;Niederösterreich;Wagram;+43 2955 70367;info@weingut-spielauer.at;ÖWM-Betriebssuche
Spielauer (Weinstraße);Weinstraße 1;3562;Mollands;AT;Niederösterreich;Kamptal;+43 2734 3641;;ÖWM-Betriebssuche
Spielauer Martin;Weinstraße 1;3562;Mollands;AT;Niederösterreich;Kamptal;+43 660 4901033;simon@spielauer.at;ÖWM-Betriebssuche
Spitzhüttl;Hauptstrasse 72;2454;Sarasdorf;AT;Niederösterreich;Carnuntum;+43 2169 2385;;ÖWM-Betriebssuche
Springer;Am Graben 22;2465;Höflein;AT;Niederösterreich;Carnuntum;+43 2162 62752;;ÖWM-Betriebssuche
Spusu Wein GmbH;Marktplatz 11;2223;Hohenruppersdorf;AT;Niederösterreich;Weinviertel;+43 670 6708010;veronika.pichler@spusu.at;ÖWM-Betriebssuche
Späth;Poysdorferstrasse 121;2143;Großkrut;AT;Niederösterreich;Weinviertel;+43 664 4019758;info@weingut-spaeth.at;ÖWM-Betriebssuche
Stacher;Herrengasse 42;2222;Bad Pirawarth;AT;Niederösterreich;Weinviertel;+43 664 5060279;stacher-wein@aon.at;ÖWM-Betriebssuche
Stadler (Am Schulberg);Am Schulberg 192;2185;Prinzendorf an der Zaya;AT;Niederösterreich;Weinviertel;+43 699 12197716;office@weingutstadler.at;ÖWM-Betriebssuche
Stadler (Falkenstein);Falkenstein 104;2162;Falkenstein;AT;Niederösterreich;Weinviertel;+43 2554 85417;info@weingut-stadler.com;ÖWM-Betriebssuche
Stadler (Grosswiesendorf);Grosswiesendorf 15a;3701;Großweikersdorf;AT;Niederösterreich;Wagram;+43 650 5600230;mail@weinbau-stadler.at;ÖWM-Betriebssuche
Stadler (Milchhausstrasse);Milchhausstrasse 20;2213;Bockfließ;AT;Niederösterreich;Weinviertel;+43 2288 6083;h-stadler@gmx.at;ÖWM-Betriebssuche
Stadlmann;Wiener Strasse 41;2514;Traiskirchen;AT;Niederösterreich;Thermenregion;+43 2252 52343;kontakt@stadlmann-wein.at;ÖWM-Betriebssuche (Update bestehender Leadlisten-Eintrag)
Stadt Krems;Stadtgraben 11;3500;Krems an der Donau;AT;Niederösterreich;Kremstal;+43 2732 20226;office@weingutstadtkrems.at;ÖWM-Betriebssuche (Update bestehender Leadlisten-Eintrag)
Stagel Elfriede;Roseldorf 5;3714;Sitzendorf an der Schmida;AT;Niederösterreich;Weinviertel;+43 2959 2860;r.stagel@aon.at;ÖWM-Betriebssuche
Stalzer;Zornberg 6;3620;Spitz;AT;Niederösterreich;Wachau;+43 664 2400010;office@weingut-stalzer.at;ÖWM-Betriebssuche
Staribacher Roman;Kirchenplatz 8;2011;Sierndorf;AT;Niederösterreich;Weinviertel;+43 676 9408740;roman@buschenschank-staribacher.com;ÖWM-Betriebssuche
Staringer (Hauptstraße);Hauptstraße 17, Stillfried;2262;Stillfried;AT;Niederösterreich;Weinviertel;+43 699 17216533;office@weingut-staringer.at;ÖWM-Betriebssuche
Staringer (Wintergasse);Wintergasse 11;2252;Angern an der March;AT;Niederösterreich;Weinviertel;+43 2283 2579;;ÖWM-Betriebssuche
Staritzbüchler;Mollands 64;3562;Schönberg;AT;Niederösterreich;Kamptal;+43 2733 8426;staritzbuechler@kamptalweingut.at;ÖWM-Betriebssuche
Stark;Obere Hauptstraße 38;2070;Kleinhöflein;AT;Niederösterreich;Weinviertel;+43 699 11814484;starkandreas@aon.at;ÖWM-Betriebssuche
Starnberger;Hauptstraße 55;2245;Velm-Götzendorf;AT;Niederösterreich;Weinviertel;+43 2538 85433;;ÖWM-Betriebssuche
Stattin;Gföhlerstrasse 44;3552;Lengenfeld;AT;Niederösterreich;Kremstal;+43 2719 2605;office@weinbaustattin.at;ÖWM-Betriebssuche
Stauber;Oberrußbacherstraße 13;3702;Oberrußbach;AT;Niederösterreich;Weinviertel;+43 2955 70411;willkommen@stauber-wein.com;ÖWM-Betriebssuche
Staudenmayer Dagmar und Günther;Wetzmannsthal 8;3130;Herzogenburg;AT;Niederösterreich;Traisental;+43 2782 85684;g.staudenmayer@inode.at;ÖWM-Betriebssuche
Staudigl;Matzner Strasse 9;2223;Klein-Harras;AT;Niederösterreich;Weinviertel;+43 2574 8703;office@weinbau-staudigl.at;ÖWM-Betriebssuche
Stauffer (Hauptstrasse);Hauptstrasse 167;3492;Etsdorf am Kamp;AT;Niederösterreich;Kamptal;+43 2735 2802;;ÖWM-Betriebssuche
Stauffer (Weinbergstraße);Weinbergstraße 38;3491;Elsarn im Straßertal;AT;Niederösterreich;Kamptal;+43 664 3617714;info@winzerhof-stauffer.at;ÖWM-Betriebssuche
Staut;Feldgasse 5;2212;Großengersdorf;AT;Niederösterreich;Weinviertel;+43 2245 88160;;ÖWM-Betriebssuche
Stefan Buchmayer;Pillersdorf 63;2073;Pillersdorf;AT;Niederösterreich;Weinviertel;+43 650 3536828;office@stefan-buchmayer.at;ÖWM-Betriebssuche
Stefan Gallee;Inzersdorf 302;2225;Zistersdorf;AT;Niederösterreich;Weinviertel;+43 2532 2325;stefan.gallee@gmx.at;ÖWM-Betriebssuche
Stefan Lang Handels Gmbh;Gobelsburger Kellergasse 32-34;3550;Gobelsburg;AT;Niederösterreich;Kamptal;+43 676 3354348;;ÖWM-Betriebssuche
Stefan Schönauer;Jetzelsdorf Nr. 111;2053;Jetzelsdorf;AT;Niederösterreich;Weinviertel;+43 2944 2839;weingut.schoenauer@gmail.com;ÖWM-Betriebssuche
Stefan und Gabi Bauer;Grossriedenthal 55 Stefan und Gabi Bauer;3471;Großriedenthal;AT;Niederösterreich;Wagram;+43 2279 7242;office@stefan-bauer.at;ÖWM-Betriebssuche
Steinbatz (Hauptstrasse);Hauptstrasse 40;3494;Gedersdorf;AT;Niederösterreich;Kremstal;+43 2735 8318;marlene.steinbatz.wein@gmail.com;ÖWM-Betriebssuche
Steinbatz (Untere Haupstraße);Untere Haupstraße 6;3485;Gedersdorf;AT;Niederösterreich;Kremstal;+43 664 9124846;weinbau.steinbatz@gmx.at;ÖWM-Betriebssuche
Steineder (Maustrenk);Maustrenk 107;2225;Maustrenk;AT;Niederösterreich;Weinviertel;+43 2532 2470;steineder@steineder-wein.at;ÖWM-Betriebssuche
Steineder (Sommerseite);Sommerseite 12;2225;Loidesthal;AT;Niederösterreich;Weinviertel;+43 664 9178875;johannes.steineder@gmx.at;ÖWM-Betriebssuche
Steiner (Albrechtsstrasse);Albrechtsstrasse 5;2511;Pfaffstätten;AT;Niederösterreich;Thermenregion;+43 2252 87653;office@steiner-weinbau.at;ÖWM-Betriebssuche
Steiner (Neusiedlerstrasse);Neusiedlerstrasse 19;3134;Nußdorf ob der Traisen;AT;Niederösterreich;Traisental;+43 664 3728408;wein.steiner@gmx.at;ÖWM-Betriebssuche
Steiner (Schilternerstrasse);Schilternerstrasse 46;3550;Langenlois;AT;Niederösterreich;Kamptal;+43 664 75072624;steiner@hauermandl.at;ÖWM-Betriebssuche
Steiner Thomas;Hauptstrasse 67;2504;Sooß;AT;Niederösterreich;Thermenregion;+43 2252 48964;;ÖWM-Betriebssuche
Steiner-Schlegl;Wachaustrasse 46;3133;Traismauer;AT;Niederösterreich;Traisental;+43 2783 8696;;ÖWM-Betriebssuche
Steinfelderhof Hartl;Fabrikstrasse 11;2522;Oberwaltersdorf;AT;Niederösterreich;Thermenregion;+43 2253 6388;;ÖWM-Betriebssuche
Steinfellner;Nr. 58;2164;Wildendürnbach;AT;Niederösterreich;Weinviertel;+43 2523 6741;;ÖWM-Betriebssuche
Steininger;Walterstrasse 2;3550;Langenlois;AT;Niederösterreich;Kamptal;+43 2734 2372;office@weingut-steininger.at;ÖWM-Betriebssuche (Update bestehender Leadlisten-Eintrag)
Steinkellner;Markt 12;3484;Grafenwörth;AT;Niederösterreich;Wagram;+43 2738 2384;info@weinbau-steinkellner.at;ÖWM-Betriebssuche
Steinmetz;Rossatz 53;3602;Rossatz-Arnsdorf;AT;Niederösterreich;Wachau;;;ÖWM-Betriebssuche
Steinschaden (Alte Postgasse);Alte Postgasse 1;3721;Limberg;AT;Niederösterreich;Weinviertel;+43 2958 88366;;ÖWM-Betriebssuche
Steinschaden (Karglstrasse);Karglstrasse 34;3553;Schiltern;AT;Niederösterreich;Kamptal;+43 2734 8204;;ÖWM-Betriebssuche
Steinschaden (Untere Strasse);Untere Strasse 14;3553;Schiltern;AT;Niederösterreich;Kamptal;+43 2734 8514;;ÖWM-Betriebssuche
Steinschaden (Wiener Strasse);Wiener Strasse 2;3481;Fels am Wagram;AT;Niederösterreich;Wagram;+43 664 1412359;weinbau.steinschaden@a1.net;ÖWM-Betriebssuche
Steinschaden (Zwettlerstrasse);Zwettlerstrasse 111;3550;Langenlois;AT;Niederösterreich;Kamptal;+43 2734 2227;weinbau@steinschaden.at;ÖWM-Betriebssuche
Steinschaden Andreas;Hauptstraße 18;3492;Etsdorf am Kamp;AT;Niederösterreich;Kamptal;+43 650 8129585;andreas.steinschaden@a1.net;ÖWM-Betriebssuche
Stella;Niederabsdorf 26;2272;Ringelsdorf-Niederabsdorf;AT;Niederösterreich;Weinviertel;+43 2536 7960;;ÖWM-Betriebssuche
Stelzl Ida;Dorfstraße 22;2191;Atzelsdorf;AT;Niederösterreich;Weinviertel;+43 680 2123951;michael-stelzl@aon.at;ÖWM-Betriebssuche
Stetina;Grünz 10;3123;Obritzberg-Rust;AT;Niederösterreich;Traisental;+43 2786 2374;;ÖWM-Betriebssuche
Steurer (Am Anger);Am Anger 11;3485;Grafenegg;AT;Niederösterreich;Kamptal;+43 2735 5659;mail@weingaertnerei-steurer.at;ÖWM-Betriebssuche
Steurer (Hauptstrasse);Hauptstrasse 15;2402;Haslau an der Donau;AT;Niederösterreich;Carnuntum;+43 676 6017729;weinbau.steurer@haslau.at;ÖWM-Betriebssuche
Steurer Maier;Ortsring 91;3485;Grafenegg;AT;Niederösterreich;Kamptal;+43 2735 5124;info@weinbau-steurer-maier.at;ÖWM-Betriebssuche
Steyrer;Pointweg 10;3125;Statzendorf;AT;Niederösterreich;Traisental;+43 664 3811399;traisental@weingut-steyrer.at;ÖWM-Betriebssuche
Steyrer Gertrude;Obere Hauptstraße 4;2141;Ameis;AT;Niederösterreich;Weinviertel;+43 2524 2925;;ÖWM-Betriebssuche
Stiberitz;Untere Hauptstrasse 18;2471;Prellenkirchen;AT;Niederösterreich;Carnuntum;+43 2145 2155;;ÖWM-Betriebssuche
Stich;Hauptstraße 32;2203;Manhartsbrunn;AT;Niederösterreich;Weinviertel;;;ÖWM-Betriebssuche
Stich Traubengenuss;Im Graben 1;3452;Trasdorf;AT;Niederösterreich;Wagram;+43 676 6143926;stefan.stich@aon.at;ÖWM-Betriebssuche
Stich-Gaismayer;Herrengasse 37;2222;Bad Pirawarth;AT;Niederösterreich;Weinviertel;+43 664 8307207;office@weingut-stich.at;ÖWM-Betriebssuche
Stich-Keller Laimer;Kellergasse 131;2103;Langenzersdorf;AT;Niederösterreich;Weinviertel;+43 660 8578822;laimer@stichkeller.at;ÖWM-Betriebssuche
Stierschneider Ewald und Veronika;Ottenschlager Strasse 30;3620;Spitz;AT;Niederösterreich;Wachau;+43 2713 2254;weinhotel@wvnet.at;ÖWM-Betriebssuche
Stierschneider Franz;Auf der Burg 133;3610;Weißenkirchen in der Wachau;AT;Niederösterreich;Wachau;+43 2715 2329;office@weingut-stierschneider.at;ÖWM-Betriebssuche
Stierschneider Richard;Oberloiben 23;3601;Dürnstein;AT;Niederösterreich;Wachau;+43 2732 77750;info@pwg-stierschneider.at;ÖWM-Betriebssuche
Stierschneider Urbanushof;Oberloiben 17;3601;Dürnstein;AT;Niederösterreich;Wachau;+43 2732 72750;weingut@urbanushof.cc;ÖWM-Betriebssuche
Stierschneider- Kartäuserhof Karl;Kremser Strasse 6;3610;Weißenkirchen in der Wachau;AT;Niederösterreich;Wachau;+43 2715 2374;info@stierschneider.at;ÖWM-Betriebssuche
Stift;Lange Zeile 6;3743;Röschitz;AT;Niederösterreich;Weinviertel;+43 2984 3144;office@winzerhof-stift.at;ÖWM-Betriebssuche
Stift Göttweig;Göttweig 1;3511;Furth bei Göttweig;AT;Niederösterreich;Kremstal;+43 2732 20226;office@weingutstiftgoettweig.at;ÖWM-Betriebssuche
Stift Klosterneuburg;Stiftsplatz 1;3400;Klosterneuburg;AT;Niederösterreich;Wagram;+43 2243 411522;weingut@stift-klosterneuburg.at;ÖWM-Betriebssuche
Stiftsweingut Herzogenburg;Wielandsthal 1;3130;Herzogenburg;AT;Niederösterreich;Traisental;+43 664 1731422;office@stiftsweingut-herzogenburg.com;ÖWM-Betriebssuche (Update bestehender Leadlisten-Eintrag)
Stinzl;Steinebrunn 115;2165;Steinebrunn;AT;Niederösterreich;Weinviertel;+43 664 2104554;josef.stinzl@gmx.at;ÖWM-Betriebssuche
Stix;Hofrat-Döltl-Strasse 6;2243;Matzen-Raggendorf;AT;Niederösterreich;Weinviertel;+43 660 4929260;bio@weingutstix.at;ÖWM-Betriebssuche
Stockinger Johannes;Roseldorf 7;3714;Sitzendorf an der Schmida;AT;Niederösterreich;Weinviertel;;stockinger7@gmx.at;ÖWM-Betriebssuche
Stockinger Rita GesBR;Hollabrunner Straße 59;2020;Oberfellabrunn;AT;Niederösterreich;Weinviertel;+43 2952 34622;rita.stockinger@aon.at;ÖWM-Betriebssuche
Stockingerhof;;3601;Dürnstein;AT;Niederösterreich;Wachau;+43 2711 384;office@stockingerhof.at;ÖWM-Betriebssuche
Stoiber (Dobermannsdorferstrasse);Dobermannsdorferstrasse 298;2182;Palterndorf-Dobermannsdorf;AT;Niederösterreich;Weinviertel;+43 664 4549220;info@weinbau-stoiber.at;ÖWM-Betriebssuche
Stoiber (Oberer Weinzierlberg);Oberer Weinzierlberg 22;3500;Krems an der Donau;AT;Niederösterreich;Kremstal;+43 680 2364904;info@stoiber-wein.at;ÖWM-Betriebssuche
Stoiber Weine;Lundenburgerstrasse 92;2193;Wilfersdorf;AT;Niederösterreich;Weinviertel;+43 2573 2317;office@stoiber-weine.at;ÖWM-Betriebssuche
Stopfer;Minichhofen 7 Stopfer;3720;Ravelsbach;AT;Niederösterreich;Weinviertel;+43 650 6150150;office@weingut-stopfer.at;ÖWM-Betriebssuche
Stopfer Herbert;Hohenwarth 73;3472;Hohenwarth-Mühlbach a.M.;AT;Niederösterreich;Weinviertel;+43 2957 254;stopfer-weine@aon.at;ÖWM-Betriebssuche
Stopfer Thomas;Ruppersthal 41;3701;Ruppersthal;AT;Niederösterreich;Wagram;+43 676 6661188;office@weinhof-stopfer.at;ÖWM-Betriebssuche
Strahammer;Gaiselberg 11;2225;Zistersdorf;AT;Niederösterreich;Weinviertel;+43 2532 88605;;ÖWM-Betriebssuche
Strahammer Leo;Gösting 160;2225;Zistersdorf;AT;Niederösterreich;Weinviertel;+43 2532 2639;leo.strahammer@tmo.at;ÖWM-Betriebssuche
Straitz & Straitz;Kirchengasse 4;2352;Gumpoldskirchen;AT;Niederösterreich;Thermenregion;+43 664 4974983;weinbau@straitz.com;ÖWM-Betriebssuche
Strasser (Getzersdorfer Str.);Getzersdorfer Str. 20;3134;Reichersdorf;AT;Niederösterreich;Traisental;+43 660 6828922;winzerhof-strasser@aon.at;ÖWM-Betriebssuche
Strasser (Hauptstrasse 12);Hauptstrasse 12;2272;Ringelsdorf-Niederabsdorf;AT;Niederösterreich;Weinviertel;+43 2536 7403;strasser.na12@aon.at;ÖWM-Betriebssuche
Strasser (Hauptstrasse 15 Strasser);Hauptstrasse 15 Strasser;2511;Pfaffstätten;AT;Niederösterreich;Thermenregion;+43 2252 42042;r.strasser@kabsi.at;ÖWM-Betriebssuche
Strasser (Mistelbacherstrasse);Mistelbacherstrasse 28;2193;Wilfersdorf;AT;Niederösterreich;Weinviertel;+43 2573 25793;friedrich.strasser@gmx.at;ÖWM-Betriebssuche
Strasser (Wienerstrasse);Wienerstrasse 40;2193;Hobersdorf;AT;Niederösterreich;Weinviertel;+43 2573 25185;strasser.gerh@aon.at;ÖWM-Betriebssuche
Strauss Johann;In der Leithen 75;3500;Krems an der Donau;AT;Niederösterreich;Kremstal;+43 2732 73841;wein@johann-strauss.com;ÖWM-Betriebssuche
STRAWANZER Donabaum;In der Spitz 3;3620;Spitz;AT;Niederösterreich;Wachau;+43 2713 2644;weingut@donabaum.at;ÖWM-Betriebssuche
Strebl;Zlabern 42;2135;Neudorf im Weinviertel;AT;Niederösterreich;Weinviertel;+43 2523 8770;;ÖWM-Betriebssuche
Strebl Biofritzl;Drasenhofen 86;2165;Drasenhofen;AT;Niederösterreich;Weinviertel;+43 2554 8192;fs@biofritzl.at;ÖWM-Betriebssuche
Streiterhof;Leesdorfer Hauptstrasse 64;2500;Baden;AT;Niederösterreich;Thermenregion;+43 2252 80253;office@streiterhof.at;ÖWM-Betriebssuche
Strell (Hauptstrasse);Hauptstrasse 26;3704;Heldenberg;AT;Niederösterreich;Weinviertel;+43 2956 2347;weinbau@strell.at;ÖWM-Betriebssuche
Strell (Radlbrunn);Radlbrunn 138;3710;Radlbrunn;AT;Niederösterreich;Weinviertel;+43 2956 2466;info@weinhof-brandl.at;ÖWM-Betriebssuche
Strobl (Eibesthal);Oberort 78;2130;Eibesthal;AT;Niederösterreich;Weinviertel;+43 664 73729480;leo.strobl@gmx.at;ÖWM-Betriebssuche
Strobl (Hauptplatz);Hauptplatz 19;2203;Großebersdorf;AT;Niederösterreich;Weinviertel;+43 2245 5487;biohof-strobl@gmx.at;ÖWM-Betriebssuche
Strobl (Laaerstraße);Laaerstraße 29;2170;Poysdorf;AT;Niederösterreich;Weinviertel;+43 664 4565228;office@strobl-weingut.at;ÖWM-Betriebssuche
Strobl (Mistelbach);Oberort 78;2130;Mistelbach;AT;Niederösterreich;Weinviertel;+43 2572 5804;info@strobl-weine.at;ÖWM-Betriebssuche
Strobl (Obere Hauptstrasse);Obere Hauptstrasse 21;2222;Bad Pirawarth;AT;Niederösterreich;Weinviertel;+43 2574 3612;;ÖWM-Betriebssuche
Strobl (Oberfellabrunn);Oberfellabrunn 31;2020;Hollabrunn;AT;Niederösterreich;Weinviertel;+43 2952 2989;info@strobl-weine.at;ÖWM-Betriebssuche
Strobl (Sommerzeile);Sommerzeile 20;2222;Kollnbrunn;AT;Niederösterreich;Weinviertel;+43 2574 29643;;ÖWM-Betriebssuche
Strobl (Winzerstraße);Winzerstraße 29;2223;Martinsdorf;AT;Niederösterreich;Weinviertel;+43 2574 8718;ludwigstrobl@aon.at;ÖWM-Betriebssuche
Strobl Clemens Weinmanufaktur;Mitterstockstall 6;3470;Kirchberg am Wagram;AT;Niederösterreich;Wagram;+43 2279 29777;office@clemens-strobl.at;ÖWM-Betriebssuche
Strobl Lorenz;Wilhelmsdorferstraße 24;2170;Poysdorf;AT;Niederösterreich;Weinviertel;+43 699 17461686;office@wein-strobl.at;ÖWM-Betriebssuche
Strobl Lorenz und Maria;Hauptstraße 31;2124;Niederkreuzstetten;AT;Niederösterreich;Weinviertel;+43 2263 8270;lorenz.strobl@aon.at;ÖWM-Betriebssuche
Strobl Lukas;Hauptstrasse 47;2124;Niederkreuzstetten;AT;Niederösterreich;Weinviertel;+43 676 9404010;weingut.strobl@gmx.at;ÖWM-Betriebssuche
Strohmayer;Ortsstraße 24;2011;Oberhautzental;AT;Niederösterreich;Weinviertel;+43 2267 2857;weinbau.strohmayer@gmail.com;ÖWM-Betriebssuche
Strohschneider;Winzerstraße 12;2070;Obernalb;AT;Niederösterreich;Weinviertel;+43 650 4417666;contact@weingut-strohschneider.at;ÖWM-Betriebssuche
Strom;Weinstraße 8;3562;Mollands;AT;Niederösterreich;Kamptal;+43 2733 8225;strom@weinbau-strom.at;ÖWM-Betriebssuche
Stubenvoll;Siebenhirtner Hauptstraße 57;2130;Mistelbach;AT;Niederösterreich;Weinviertel;+43 2572 3985;;ÖWM-Betriebssuche
Studeny;Hauptstrasse 80;2504;Sooß;AT;Niederösterreich;Thermenregion;+43 2252 87311;studeny.walter@aon.at;ÖWM-Betriebssuche
Studeny Herbert;Obermarkersdorf 174;2073;Schrattenthal;AT;Niederösterreich;Weinviertel;+43 2942 8252;office@studeny.at;ÖWM-Betriebssuche
Stur;Obere Hauptstrasse 11;2223;Hohenruppersdorf;AT;Niederösterreich;Weinviertel;+43 699 11074073;zugast@winzerhaus-stur.at;ÖWM-Betriebssuche
Stuttner Johannes;Josef Dabsch Straße 5;2102;Bisamberg;AT;Niederösterreich;Weinviertel;+43 664 5870494;johannes.stuttner@gmx.at;ÖWM-Betriebssuche
Stöckl (Birkenstrasse);Birkenstrasse 25;2051;Zellerndorf;AT;Niederösterreich;Weinviertel;+43 2945 2643;;ÖWM-Betriebssuche
Stöckl (Mitterweg);Mitterweg 29;3500;Krems an der Donau;AT;Niederösterreich;Kremstal;+43 2732 70294;;ÖWM-Betriebssuche
Stöckl (Winterzeile);Winterzeile 90;2245;Velm-Götzendorf;AT;Niederösterreich;Weinviertel;+43 2538 87595;stoeckljohann@aon.at;ÖWM-Betriebssuche
Stöcklhof;Hauptstrasse 74;2504;Sooß;AT;Niederösterreich;Thermenregion;+43 2252 87309;;ÖWM-Betriebssuche
Stöger (Erdölstraße);Erdölstraße 11;2185;Wilfersdorf;AT;Niederösterreich;Weinviertel;+43 664 5935549;weinbau.stoeger@aon.at;ÖWM-Betriebssuche
Stöger (Grünz);Grünz 9;3123;Obritzberg-Rust;AT;Niederösterreich;Traisental;+43 2786 2371;;ÖWM-Betriebssuche
Stöger (Herrengasse);Herrengasse 18;2135;Neudorf im Weinviertel;AT;Niederösterreich;Weinviertel;+43 677 62342180;marcel.stoeger99@gmail.com;ÖWM-Betriebssuche
Stöger (Nr.);Nr. 57;3601;Dürnstein;AT;Niederösterreich;Wachau;+43 2711 396;;ÖWM-Betriebssuche
Stöger (Wildendürnbach);Wildendürnbach 392;2164;Wildendürnbach;AT;Niederösterreich;Weinviertel;+43 2523 8752;siegfriedstoeger@aon.at;ÖWM-Betriebssuche
Stöger (Zwettlergasse);Zwettlergasse 6;3500;Krems an der Donau;AT;Niederösterreich;Kremstal;+43 2732 76154;stoeger.florian@aon.at;ÖWM-Betriebssuche
Sulz;Nr. 64;2153;Stronsdorf;AT;Niederösterreich;Weinviertel;+43 2526 20121;guenter.sulz@gmx.at;ÖWM-Betriebssuche
Sulzer;Leopold-Gattringer- Strasse 57;2345;Brunn am Gebirge;AT;Niederösterreich;Thermenregion;+43 660 9886655;office@sulzerboos-weine.at;ÖWM-Betriebssuche
Summer;Wintergasse 2;2252;Angern an der March;AT;Niederösterreich;Weinviertel;+43 2283 2528;;ÖWM-Betriebssuche
Summer J.;Hauptstrasse 76;2213;Bockfließ;AT;Niederösterreich;Weinviertel;+43 2288 6369;summerwein@aon.at;ÖWM-Betriebssuche
Sunk Bernd u. Doris;Spitalgasse 9;2540;Bad Vöslau;AT;Niederösterreich;Thermenregion;+43 676 3927564;heuriger@sunk.at;ÖWM-Betriebssuche
Supperer Wolfgang und Bernadette;Herzoggasse 51;3602;Rossatz-Arnsdorf;AT;Niederösterreich;Wachau;+43 676 7514727;weingut@supperer.at;ÖWM-Betriebssuche
Sutter;Weinviertler Straße 6;3472;Hohenwarth-Mühlbach a.M.;AT;Niederösterreich;Weinviertel;+43 2957 200;office@weingut-sutter.at;ÖWM-Betriebssuche
Svehla-Preiss;Hundsheim 21;3512;Mautern an der Donau;AT;Niederösterreich;Wachau;+43 2732 59133;winzerhof.svehla-preiss@aon.at;ÖWM-Betriebssuche
Szensz;Wieden 19;2070;Retz;AT;Niederösterreich;Weinviertel;;;ÖWM-Betriebssuche
Söllner;Hauptstrasse 34;3482;Gösing am Wagram;AT;Niederösterreich;Wagram;+43 2738 3201;kontakt@weingut-soellner.at;ÖWM-Betriebssuche
Taferner;Pfarrgasse 2;2464;Göttlesbrunn-Arbesthal;AT;Niederösterreich;Carnuntum;+43 2162 8465;weingut@tafi.at;ÖWM-Betriebssuche (Update bestehender Leadlisten-Eintrag)
Taferner Alois;Altstadt 16;2460;Bruck an der Leitha;AT;Niederösterreich;Carnuntum;+43 2162 65194;office@wein-taferner.at;ÖWM-Betriebssuche
Tagwerker;Hauptstrasse 45;2171;Herrnbaumgarten;AT;Niederösterreich;Weinviertel;+43 664 4209401;office@weingut-tagwerker.at;ÖWM-Betriebssuche
Tanzberger;Kirchengasse 4;2123;Traunfeld;AT;Niederösterreich;Weinviertel;+43 660 5524124;office@tanzberger-wein.at;ÖWM-Betriebssuche
Tanzer;Thallerner Hauptstrasse 1;3506;Krems an der Donau;AT;Niederösterreich;Kremstal;+43 676 5204626;wein@tanzer.at;ÖWM-Betriebssuche
Tanzer-Karner;Hauptstrasse 60;2183;Neusiedl an der Zaya;AT;Niederösterreich;Weinviertel;+43 2533 242;;ÖWM-Betriebssuche
Taschler-Toyfl;Hauptstrasse 34;2482;Münchendorf;AT;Niederösterreich;Carnuntum;+43 2259 2248;heuriger@heuriger-dreimaederlhaus.at;ÖWM-Betriebssuche
Tatzber;Erdölstrasse 52;2185;Wilfersdorf;AT;Niederösterreich;Weinviertel;+43 2573 25644;stefan.tatzber@aon.at;ÖWM-Betriebssuche
Taubenschuss;Körnergasse 2;2170;Poysdorf;AT;Niederösterreich;Weinviertel;+43 676 3566901;weingut@taubenschuss.at;ÖWM-Betriebssuche (Update bestehender Leadlisten-Eintrag)
Tauber;Straning 6;3722;Straning-Grafenberg;AT;Niederösterreich;Weinviertel;+43 2984 7227;;ÖWM-Betriebssuche
Tauchner;Weinzierl 28;3500;Krems an der Donau;AT;Niederösterreich;Kremstal;+43 650 7966800;office@tauchnerwein.at;ÖWM-Betriebssuche
Taufratzhofer (Quellenstrasse);Quellenstrasse 3;2340;Mödling;AT;Niederösterreich;Thermenregion;+43 664 8781212;office@taufratzhofer.at;ÖWM-Betriebssuche
Taufratzhofer (Wiener Strasse);Wiener Strasse 54;2352;Gumpoldskirchen;AT;Niederösterreich;Thermenregion;+43 2252 62523;;ÖWM-Betriebssuche
Tegernseerhof GmbH & Co OG;Unterloiben 12;3601;Dürnstein;AT;Niederösterreich;Wachau;+43 2732 85362;office@tegernseerhof.at;ÖWM-Betriebssuche (Update bestehender Leadlisten-Eintrag)
Teller;Kleinneusiedlerstrasse 1;2401;Fischamend;AT;Niederösterreich;Carnuntum;+43 2232 77305;;ÖWM-Betriebssuche
Teufelsbauer;Dorfstraße 36;2074;Unterretzbach;AT;Niederösterreich;Weinviertel;+43 676 9263572;info@weingutteufelsbauer.at;ÖWM-Betriebssuche
Teufner (Ahrenberger Ortsstrasse);Ahrenberger Ortsstrasse 23;3454;Ahrenberg;AT;Niederösterreich;Wagram;+43 2276 2212;wein-teufner@gmx.at;ÖWM-Betriebssuche
Teufner (Untere Landstrasse);Untere Landstrasse 3;3511;Furth bei Göttweig;AT;Niederösterreich;Kremstal;+43 2732 74989;mail@weinbau-teufner.at;ÖWM-Betriebssuche
The Siblings Winery;Mühlgasse 14;2500;Baden;AT;Niederösterreich;Thermenregion;+43 699 18186630;office@thesiblingswinery.at;ÖWM-Betriebssuche
Theresia Kahofer;Neuruppersdorf 88;2164;Neuruppersdorf;AT;Niederösterreich;Weinviertel;+43 664 1567326;franz.kahofer@drei.at;ÖWM-Betriebssuche
Thiery-Weber;Melker Strasse 1;3495;Rohrendorf bei Krems;AT;Niederösterreich;Kremstal;+43 2732 84467;office@thiery-weber.at;ÖWM-Betriebssuche
Thomas Berthold;Lindenstraße 6;2134;Staatz;AT;Niederösterreich;Weinviertel;+43 664 88961248;tberthold@gmx.at;ÖWM-Betriebssuche
Thomas Heinrich;Veltlinerweg 4;3133;Traismauer;AT;Niederösterreich;Traisental;+43 664 5957987;office@weinbau-heinrich.at;ÖWM-Betriebssuche
Thomas Krippel;Bahnstraße 10;2243;Matzen-Raggendorf;AT;Niederösterreich;Weinviertel;+43 699 11710570;info@wein-kelterei.at;ÖWM-Betriebssuche
Thomas Windholz;Feldgasse 7;2460;Bruck an der Leitha;AT;Niederösterreich;Carnuntum;;thomas.windholz@gmx.at;ÖWM-Betriebssuche
Thyri (Grosswiesendorf);Grosswiesendorf 22;3701;Großweikersdorf;AT;Niederösterreich;Wagram;+43 2955 70329;weinbau.thyri@gmx.at;ÖWM-Betriebssuche
Thyri (Stift-Wilhering-Gasse);Stift-Wilhering-Gasse 1;3463;Eggendorf am Wagram;AT;Niederösterreich;Wagram;+43 2278 3243;thyri@wagramheuriger.at;ÖWM-Betriebssuche
Thüringer;Schwemmzeile 76;2130;Paasdorf;AT;Niederösterreich;Weinviertel;+43 676 6944701;gerhard@thueringer-wein.at;ÖWM-Betriebssuche
Thürmer;Kleinweikersdorf 6;2023;Nappersdorf-Kammersdorf;AT;Niederösterreich;Weinviertel;+43 680 2466292;info@weingut-thuermer.at;ÖWM-Betriebssuche
Tiefenbacher;Limbergstrasse 133;3500;Krems an der Donau;AT;Niederösterreich;Kremstal;+43 2732 73845;;ÖWM-Betriebssuche
Tiefenböck-Flecher;Kühlhausgasse 50;3511;Palt;AT;Niederösterreich;Kremstal;+43 2732 81704;;ÖWM-Betriebssuche
Toifl (Auggenthal);Auggenthal 63;2054;Haugsdorf;AT;Niederösterreich;Weinviertel;+43 2944 27323;ernestine.toifl@aon.at;ÖWM-Betriebssuche
Toifl (Jetzelsdorf);Jetzelsdorf 121;2053;Haugsdorf;AT;Niederösterreich;Weinviertel;+43 2944 2414;office@toiflwein.at;ÖWM-Betriebssuche
Toifl (Weinstrasse);Weinstrasse 18;3493;Hadersdorf-Kammern;AT;Niederösterreich;Kamptal;+43 2735 2667;barbara@toifl.at;ÖWM-Betriebssuche
Toifl (Zellerndorf);Zellerndorf 285;2051;Zellerndorf;AT;Niederösterreich;Weinviertel;+43 2945 2218;;ÖWM-Betriebssuche
Toifl Georg;Untere Hauptstraße 15-17;2070;Kleinhöflein;AT;Niederösterreich;Weinviertel;+43 676 6142074;mail@georgtoifl.wine;ÖWM-Betriebssuche (Update bestehender Leadlisten-Eintrag)
Toifl Roland;Hauptstrasse 44;2074;Unterretzbach;AT;Niederösterreich;Weinviertel;+43 2942 20340;office@toifl-wein.at;ÖWM-Betriebssuche
Toilf;An der Bahn 113;2013;Göllersdorf;AT;Niederösterreich;Weinviertel;+43 2954 2218;ernsttoifl@aon.at;ÖWM-Betriebssuche
Topf (Limberg);Oberdürnbach 32;3721;Limberg;AT;Niederösterreich;Weinviertel;+43 2958 82575;;ÖWM-Betriebssuche
Topf Reinhard;Langenloiser Strasse 213;3491;Straß im Straßertale;AT;Niederösterreich;Kamptal;+43 664 3747156;weingut@reinhardtopf.at;ÖWM-Betriebssuche
Tor zur Sonne;Falkenstein 143;2162;Falkenstein;AT;Niederösterreich;Weinviertel;+43 2554 8333;weingut@torzursonne.at;ÖWM-Betriebssuche
Trabauer;Bergzeile 1;3463;Stetteldorf am Wagram;AT;Niederösterreich;Wagram;+43 676 5369075;weingut@trabauer.at;ÖWM-Betriebssuche
Trapl Johannes;Hauptstr. 16;2463;Stixneusiedl;AT;Niederösterreich;Carnuntum;+43 2169 2404;office@trapl.com;ÖWM-Betriebssuche (Update bestehender Leadlisten-Eintrag)
Trastaller;Vießling 27;3620;Spitz;AT;Niederösterreich;Wachau;+43 664 4545596;kellermandl@outlook.com;ÖWM-Betriebssuche
Trat-Wiesner;Herthergasse 49;3400;Weidling;AT;Niederösterreich;Wagram;+43 2243 359170;heuriger@trat-wiesner.at;ÖWM-Betriebssuche
Trattner;Donauuferstrasse 59;3506;Krems an der Donau;AT;Niederösterreich;Kremstal;+43 2739 2060;;ÖWM-Betriebssuche
Traun;Milchhausstraße 20;2084;Weitersfeld;AT;Niederösterreich;Weinviertel;+43 2948 8241;;ÖWM-Betriebssuche
Trauner (Nr.);Nr. 33;3722;Straning-Grafenberg;AT;Niederösterreich;Weinviertel;+43 2984 7219;;ÖWM-Betriebssuche
Trauner (Zellerndorf);Zellerndorf 41/42;2051;Zellerndorf;AT;Niederösterreich;Weinviertel;+43 2945 2957;;ÖWM-Betriebssuche
Trautsamwieser (Weissenkirchen);Weissenkirchen 339;3610;Weißenkirchen in der Wachau;AT;Niederösterreich;Wachau;+43 2715 2333;karin.josef@trautsamwieser.at;ÖWM-Betriebssuche
Trautsamwieser (Wösendorf);Wösendorf 30;3610;Wösendorf in der Wachau;AT;Niederösterreich;Wachau;+43 2715 2376;;ÖWM-Betriebssuche
Traxler (Florianigasse);Florianigasse 1;2130;Mistelbach;AT;Niederösterreich;Weinviertel;+43 2572 20644;;ÖWM-Betriebssuche
Traxler (Gföhlerstrasse);Gföhlerstrasse 17;3550;Langenlois;AT;Niederösterreich;Kamptal;+43 2734 2090;weinbau.traxler@aon.at;ÖWM-Betriebssuche
Traxler (Hauptstrasse);Hauptstrasse 288;2185;Prinzendorf an der Zaya;AT;Niederösterreich;Weinviertel;+43 699 12157303;office@familienweingut.at;ÖWM-Betriebssuche
Traxler (Schilterner Strasse);Schilterner Strasse 11;3550;Langenlois;AT;Niederösterreich;Kamptal;+43 2734 2362;office@weingut-traxler.at;ÖWM-Betriebssuche
Traxler (Winterzeile);Winterzeile 8;2171;Herrnbaumgarten;AT;Niederösterreich;Weinviertel;+43 664 5056232;weinbau.traxler@gmx.at;ÖWM-Betriebssuche
Trebes;Goethegasse 18;2540;Gainfarn;AT;Niederösterreich;Thermenregion;+43 2252 75218;;ÖWM-Betriebssuche
Trestler;Waldstraße 64;2130;Mistelbach;AT;Niederösterreich;Weinviertel;+43 699 11106640;office@trestler.com;ÖWM-Betriebssuche
Trimmel;Pamessergasse 6;2103;Langenzersdorf;AT;Niederösterreich;Weinviertel;+43 2244 2788;;ÖWM-Betriebssuche
Trimmel Ernst;Korneuburgerstrasse 8-10;2103;Langenzersdorf;AT;Niederösterreich;Weinviertel;+43 699 18652807;david.trimmel@hotmail.com;ÖWM-Betriebssuche
Trinkl;Schießstattgasse 6B;3500;Krems an der Donau;AT;Niederösterreich;Kremstal;+43 2732 79003;;ÖWM-Betriebssuche
Trinnes;Schönbergerstrasse 7;3561;Zöbing;AT;Niederösterreich;Kamptal;+43 2734 4212;;ÖWM-Betriebssuche
Trischitz;Zehnjoch 1;2320;Rauchenwarth;AT;Niederösterreich;Carnuntum;+43 2230 3711;weinbau@trischitz.at;ÖWM-Betriebssuche
Troll;Neustiftgasse 16;3454;Sitzenberg-Reidling;AT;Niederösterreich;Wagram;+43 664 6546376;weinbau.troll@gmx.at;ÖWM-Betriebssuche
Troyhof;Dorfstrasse 23-24;3483;Feuersbrunn;AT;Niederösterreich;Wagram;+43 2738 2376;troyhof@aon.at;ÖWM-Betriebssuche
Tröstler;Annagasse 1;2120;Wolkersdorf im Weinviertel;AT;Niederösterreich;Weinviertel;+43 2245 2670;;ÖWM-Betriebssuche
Tuchny;Kellergasse 94;2103;Langenzersdorf;AT;Niederösterreich;Weinviertel;+43 2244 4122;andreas.tuchny@aon.at;ÖWM-Betriebssuche
Turmhof Hotzy;Hauptplatz 21;3493;Hadersdorf-Kammern;AT;Niederösterreich;Kamptal;+43 2735 2474;office@turmhof.at;ÖWM-Betriebssuche
Täuber;Weinzierl 55;3500;Krems an der Donau;AT;Niederösterreich;Kremstal;+43 2732 74948;;ÖWM-Betriebssuche
Tögl (Hauptstraße);Hauptstraße 63;2171;Herrnbaumgarten;AT;Niederösterreich;Weinviertel;+43 664 3868704;weinguttoegl@aon.at;ÖWM-Betriebssuche
Tögl (Laaerstrasse);Laaerstrasse 36;2170;Poysdorf;AT;Niederösterreich;Weinviertel;+43 2552 4155;karl.toegl@gmail.com;ÖWM-Betriebssuche
Türk;Kirchengasse 16;3552;Stratzing;AT;Niederösterreich;Kremstal;+43 2719 2846;info@weinguttuerk.at;ÖWM-Betriebssuche (Update bestehender Leadlisten-Eintrag)
Ubl-Doschek;Schelhammergasse 64;3420;Kritzendorf;AT;Niederösterreich;Wagram;+43 2243 24640;weingut@ubl-doschek.at;ÖWM-Betriebssuche
Ubl-Schober;Haupstraße 191;3420;Kritzendorf;AT;Niederösterreich;Wagram;+43 2243 30258;ubl-schober.wein@aon.at;ÖWM-Betriebssuche
Uhl;Nr. 58;2133;Fallbach;AT;Niederösterreich;Weinviertel;+43 2524 8217;stefan.uhl3@gmail.com;ÖWM-Betriebssuche
Uibel;Hollabrunnerstrasse 35;3710;Ziersdorf;AT;Niederösterreich;Weinviertel;+43 699 11368161;wine@uibel.at;ÖWM-Betriebssuche
Ullmann;Hauptstrasse 176;2124;Niederkreuzstetten;AT;Niederösterreich;Weinviertel;+43 676 6009540;office@weinbau-ullmann.at;ÖWM-Betriebssuche
Ullmer;Sommerseite 4, Kleinhöflein;2070;Kleinhöflein;AT;Niederösterreich;Weinviertel;+43 699 11312863;mario.ullmer@gmail.com;ÖWM-Betriebssuche
Ulzer;Hauptstrasse 3;3484;Seebarn am Wagram;AT;Niederösterreich;Wagram;+43 676 7458310;info@weinhof-ulzer.at;ÖWM-Betriebssuche
Umlauf;Gettsdorf 2;3710;Ziersdorf;AT;Niederösterreich;Weinviertel;+43 2956 2377;;ÖWM-Betriebssuche
Umschaid Wein- Kultur;Hauptstrasse 49;2171;Herrnbaumgarten;AT;Niederösterreich;Weinviertel;+43 2555 2787;umschaid@gmx.at;ÖWM-Betriebssuche
Unger (Obere Hauptstrasse);Obere Hauptstrasse 8;2222;Bad Pirawarth;AT;Niederösterreich;Weinviertel;+43 664 4158290;office@weingutunger.at;ÖWM-Betriebssuche
Unger (Waldstr.);Waldstr. 49;2070;Retz;AT;Niederösterreich;Weinviertel;+43 2942 2782;;ÖWM-Betriebssuche
Unger Petra;Lindengasse 22;3511;Furth bei Göttweig;AT;Niederösterreich;Kremstal;+43 676 848622822;office@ungerwein.at;ÖWM-Betriebssuche
Ungersböck;Ziersdorferstrasse 21;3714;Sitzendorf an der Schmida;AT;Niederösterreich;Weinviertel;+43 2959 2041;wein-ungersboeck@gmx.at;ÖWM-Betriebssuche
Urban;Parkgasse 34a;2041;Wullersdorf;AT;Niederösterreich;Weinviertel;+43 2951 8354;office@weingut-urban.at;ÖWM-Betriebssuche (Update bestehender Leadlisten-Eintrag)
Urbanihof;St. Urbanstrasse 3;3481;Fels am Wagram;AT;Niederösterreich;Wagram;+43 2738 2344;office@urbanihof.at;ÖWM-Betriebssuche
Urbanistubn Fallbacher;Mayerhofstr. 40;3441;Freundorf;AT;Niederösterreich;Wagram;+43 2274 7037;urbanistubn@gmx.at;ÖWM-Betriebssuche
Valentin Oppenauer;Schillerstraße 6;2170;Poysdorf;AT;Niederösterreich;Weinviertel;+43 664 1408990;weingut@bio-oppenauer.at;ÖWM-Betriebssuche
Vegan & Low Histamin Fürnkranz;Obritz 170;2061;Hadres;AT;Niederösterreich;Weinviertel;+43 676 9664841;info@vegan-wein.at;ÖWM-Betriebssuche
Veigl;Hauptstrasse 10;2211;Pillichsdorf;AT;Niederösterreich;Weinviertel;+43 2245 36462;;ÖWM-Betriebssuche
Veigl Herbert;Hofwiese 2;2211;Pillichsdorf;AT;Niederösterreich;Weinviertel;+43 2245 82638;;ÖWM-Betriebssuche
Veit (Hauptstrasse);Hauptstrasse 112;2252;Ollersdorf;AT;Niederösterreich;Weinviertel;+43 664 8640846;weingut-veit@direkt.at;ÖWM-Betriebssuche
Veit (Wassergasse);Wassergasse 188;2252;Angern an der March;AT;Niederösterreich;Weinviertel;+43 2283 2334;;ÖWM-Betriebssuche
Veyder-Malberg;Viessling 52;3620;Spitz;AT;Niederösterreich;Wachau;+43 664 1641168;office@malberg.at;ÖWM-Betriebssuche
Vielnascher;Winterzeile 35;2222;Kollnbrunn;AT;Niederösterreich;Weinviertel;+43 699 10910318;weingut@vielnascher.at;ÖWM-Betriebssuche
Viktoria und Christian Schütz;Hauptstraße 40;2123;Kronberg;AT;Niederösterreich;Weinviertel;+43 680 2308973;info@vikis-biohof.at;ÖWM-Betriebssuche
Villa Vinum;Weinweg 1;2460;Bruck an der Leitha;AT;Niederösterreich;Carnuntum;+43 699 10300890;info@villavinum.at;ÖWM-Betriebssuche
VINERU OG;Getreidegasse 2;3730;Eggenburg;AT;Niederösterreich;Weinviertel;+43 664 4520479;weingut-neuhold@aon.at;ÖWM-Betriebssuche
Viniferia;;;;AT;Niederösterreich;;+43 664 4504724;ferdinand@berger.at;ÖWM-Betriebssuche
Vinumvirat Bauer- Kölbl-Prechtl O.E.G.;Nr. 166;2053;Pernersdorf;AT;Niederösterreich;Weinviertel;+43 2944 23172565;weingut@prechtl.at;ÖWM-Betriebssuche
Viti;Hauptstrasse 3;3508;Paudorf;AT;Niederösterreich;Kremstal;+43 650 5184803;office@weinbau-viti.at;ÖWM-Betriebssuche
Vitikultur MOSER;Untere Wiener Strasse 1;3495;Rohrendorf bei Krems;AT;Niederösterreich;Kremstal;+43 2732 705310;office@vitikultur-moser.at;ÖWM-Betriebssuche
Vizdal;;2380;Perchtoldsdorf;AT;Niederösterreich;Thermenregion;;;ÖWM-Betriebssuche
Vock;Untere Hauptstraße 36;2223;Hohenruppersdorf;AT;Niederösterreich;Weinviertel;+43 2574 8446;weingut-vock@aon.at;ÖWM-Betriebssuche
Vogelleithenhof;Ottenschlägerstraße 36;3620;Spitz;AT;Niederösterreich;Wachau;+43 2713 2629;vogelleithenhof@aon.at;ÖWM-Betriebssuche
Vogl (Oberwinden);Oberwinden 10;3130;Herzogenburg;AT;Niederösterreich;Traisental;+43 650 9800786;roni.vogl@aon.at;ÖWM-Betriebssuche
Vogl (Weißer Kreuzweg);Weißer Kreuzweg 2;2215;Matzen-Raggendorf;AT;Niederösterreich;Weinviertel;+43 664 8376113;hermann.vogl@aon.at;ÖWM-Betriebssuche
Vogl (Wienerstrasse);Wienerstrasse 14;3550;Langenlois;AT;Niederösterreich;Kamptal;+43 2734 4448;office@weingut-vogl.at;ÖWM-Betriebssuche
Vogler;Etzmannsdorf 50;3722;Straning-Grafenberg;AT;Niederösterreich;Weinviertel;+43 664 5132525;info@voglerweine.at;ÖWM-Betriebssuche
Vogt (Hauptstrasse);Hauptstrasse 36;2120;Obersdorf;AT;Niederösterreich;Weinviertel;+43 2245 5153;info@biohof-vogt.at;ÖWM-Betriebssuche
Vogt (In der Trift);In der Trift 1 Vogt;2123;Wolfpassing a.d.Hochleithen;AT;Niederösterreich;Weinviertel;+43 699 10723314;office@weingut-vogt.at;ÖWM-Betriebssuche
Von der Vogelwaide;Gut am Steg 12;3620;Spitz;AT;Niederösterreich;Wachau;+43 660 4744050;wein@vondervogelwaide.at;ÖWM-Betriebssuche
Vorspannhof Mayr;Herrngasse 48;3552;Droß;AT;Niederösterreich;Kremstal;+43 2719 30056;weingut@vorspannhof.at;ÖWM-Betriebssuche
Vögler M. u. G.;Poysbrunnerstraße 13a;2171;Herrnbaumgarten;AT;Niederösterreich;Weinviertel;+43 2555 2591;weinbau.voegler@gmx.at;ÖWM-Betriebssuche
Völker (Hauptstrasse 14);Hauptstrasse 14;3493;Hadersdorf-Kammern;AT;Niederösterreich;Kamptal;+43 664 4781988;;ÖWM-Betriebssuche
Völker (Hauptstrasse 45);Hauptstrasse 45;3550;Gobelsburg;AT;Niederösterreich;Kamptal;+43 2734 2536;office@weingut-voelker.at;ÖWM-Betriebssuche
Völkl;Langenloiserstraße 83;3552;Lengenfeld;AT;Niederösterreich;Kremstal;+43 676 9186121;info@weingut-voelkl.at;ÖWM-Betriebssuche
Waberer;Franz-Josefstraße 123;2130;Mistelbach;AT;Niederösterreich;Weinviertel;+43 2572 4134;post@wabererwein.at;ÖWM-Betriebssuche
Wabi Sabi Wine;Donauuferstrasse;3506;Hollenburg;AT;Niederösterreich;Kremstal;+43 664 4626199;toaworks@outlook.com;ÖWM-Betriebssuche
Wachter;Hauptstraße 10;2191;Pellendorf;AT;Niederösterreich;Weinviertel;+43 2574 3644;bio.wachter@aon.at;ÖWM-Betriebssuche
Wagensonner;Am Anger 1;3484;Jettsdorf;AT;Niederösterreich;Wagram;+43 2738 2130;office@weingut-angerhof.at;ÖWM-Betriebssuche
Wagner (Deinzendorf);Deinzendorf 62;2051;Zellerndorf;AT;Niederösterreich;Weinviertel;+43 664 4025208;weingut.wagner@aon.at;ÖWM-Betriebssuche
Wagner (Hauptstraße);Hauptstraße 90;3610;Wösendorf in der Wachau;AT;Niederösterreich;Wachau;+43 2715 2336;weinbauwagner@gmx.at;ÖWM-Betriebssuche
Wagner (Josef Seitz Straße);Josef Seitz Straße 43;2242;Prottes;AT;Niederösterreich;Weinviertel;+43 664 3350039;office@wagner-weine.at;ÖWM-Betriebssuche
Wagner (Leodagger);Leodagger 8;3741;Pulkau;AT;Niederösterreich;Weinviertel;+43 664 2796666;info@weingutwagner.at;ÖWM-Betriebssuche
Wagner (Untere Haupstraße);Untere Haupstraße 18;2223;Hohenruppersdorf;AT;Niederösterreich;Weinviertel;+43 699 11528858;reinhold_wagner@aon.at;ÖWM-Betriebssuche
Wagner Andrea;Obere Hauptstraße 31;2223;Hohenruppersdorf;AT;Niederösterreich;Weinviertel;+43 676 9779955;office@wagner-wein.at;ÖWM-Betriebssuche
Waldherr;Platt 210;2051;Zellerndorf;AT;Niederösterreich;Weinviertel;+43 2945 2301;waldherr.f@aon.at;ÖWM-Betriebssuche
Waldheuriger Steiner;Hollenburgerstrasse 16;3511;Furth bei Göttweig;AT;Niederösterreich;Kremstal;+43 2739 2345;;ÖWM-Betriebssuche
Waldschütz (Mühlbach);Mühlbach 19;3473;Hohenwarth-Mühlbach a.M.;AT;Niederösterreich;Weinviertel;+43 2957 321;;ÖWM-Betriebssuche
Waldschütz (Trautbach);Trautbach 3;3491;Elsarn im Straßertal;AT;Niederösterreich;Kamptal;+43 664 3866478;kontakt@weingut-waldschuetz.at;ÖWM-Betriebssuche (Update bestehender Leadlisten-Eintrag)
Waldum;Donaudorf 11;3485;Gedersdorf;AT;Niederösterreich;Kremstal;+43 2735 5206;;ÖWM-Betriebssuche
Walek;Gewerbepark 3;2170;Poysdorf;AT;Niederösterreich;Weinviertel;+43 676 3266422;wolfgang.reben@nanet.at;ÖWM-Betriebssuche
Wallig;Hirtengasse 2;3741;Pulkau;AT;Niederösterreich;Weinviertel;+43 2946 2496;f.wallig@gmx.net;ÖWM-Betriebssuche
Wallig Christian;Am Berg 5 und Hauptplatz 3;3741;Pulkau;AT;Niederösterreich;Weinviertel;+43 650 4000928;office@weingut-wallig.at;ÖWM-Betriebssuche
Wallisch;Lerchenfelderstraße 15b;3714;Sitzendorf an der Schmida;AT;Niederösterreich;Weinviertel;+43 650 8858856;gwallisch@gmx.at;ÖWM-Betriebssuche
Wallner (Alte Wiener Straße);Alte Wiener Straße 29;2460;Bruck an der Leitha;AT;Niederösterreich;Carnuntum;+43 2162 63200;f.wallner@gmx.at;ÖWM-Betriebssuche
Wallner (Arbesthal);Arbesthal 91;2464;Göttlesbrunn-Arbesthal;AT;Niederösterreich;Carnuntum;+43 2162 8360;;ÖWM-Betriebssuche
Wallner (Dorfstraße);Dorfstraße 39;2465;Höflein;AT;Niederösterreich;Carnuntum;+43 2162 63234;;ÖWM-Betriebssuche
Wallner (Feldgasse);Feldgasse 36;2460;Bruck an der Leitha;AT;Niederösterreich;Carnuntum;+43 2162 63260;;ÖWM-Betriebssuche
Wallner (Kellergasse);Kellergasse;2120;Obersdorf;AT;Niederösterreich;Weinviertel;+43 699 13833065;info@weingut-wallner.at;ÖWM-Betriebssuche
Wallner (Mitterstockstall);Mitterstockstall 21;3470;Kirchberg am Wagram;AT;Niederösterreich;Wagram;+43 6465 565905;thomas.wallner79@gmail.com;ÖWM-Betriebssuche
Wally;Obermarkersdorf 84;2073;Schrattenthal;AT;Niederösterreich;Weinviertel;+43 2942 8267;c.wally@aon.at;ÖWM-Betriebssuche
Walter Hartl;Groß Stelzendorf 18;2013;Göllersdorf;AT;Niederösterreich;Weinviertel;;;ÖWM-Betriebssuche
Walter Polt;Waitzendorf 136;2073;Schrattenthal;AT;Niederösterreich;Weinviertel;+43 650 5579545;walter.polt61@gmail.com;ÖWM-Betriebssuche
Waltner (Altenwörth);;3474;Altenwörth;AT;Niederösterreich;Wagram;;;ÖWM-Betriebssuche
Waltner (Hauptstraße);Hauptstraße 14;3471;Großriedenthal;AT;Niederösterreich;Wagram;+43 660 6500056;office@waltnerwein.at;ÖWM-Betriebssuche
Waltner (Neudegg);Neudegg 34;3471;Großriedenthal;AT;Niederösterreich;Wagram;+43 2279 7650;weinlandhof.waltner@gmx.at;ÖWM-Betriebssuche
Waltner (Nr.);Nr. 24;2163;Ottenthal;AT;Niederösterreich;Weinviertel;+43 2523 8803;weinbau.waltner@aon.at;ÖWM-Betriebssuche
Waltner (Oberer Weinberg);Oberer Weinberg 1 A;3150;Wilhelmsburg;AT;Niederösterreich;Traisental;+43 2746 2540;office@gasthof-waltner.at;ÖWM-Betriebssuche
Waltner Gerald;Am Berg 18;3470;Engelmannsbrunn;AT;Niederösterreich;Wagram;+43 2279 2471;info@weingutwaltner.at;ÖWM-Betriebssuche
Walzer Martin;Gneixendorfer Hauptstrasse 16;3500;Krems an der Donau;AT;Niederösterreich;Kremstal;+43 2732 87148;martin@winzerhof-walzer.at;ÖWM-Betriebssuche
Walzer Richard;Gneixendorfer Hauptstraße 28;3500;Krems an der Donau;AT;Niederösterreich;Kremstal;+43 676 6666340;wein@richardwalzer.at;ÖWM-Betriebssuche
Walzl Johann;Hochstrasse 9;2221;Groß-Schweinbarth;AT;Niederösterreich;Weinviertel;+43 676 6299800;weingutwalzl@gmail.com;ÖWM-Betriebssuche
Wandraschek;Landersdorfer Strasse 67;3500;Krems an der Donau;AT;Niederösterreich;Kremstal;+43 2732 83645;rotwein@wandraschek.at;ÖWM-Betriebssuche
Wannemacher (Hauptstrasse);Hauptstrasse 41;2102;Hagenbrunn;AT;Niederösterreich;Weinviertel;+43 2262 672795;wein@weingut-wannemacher.at;ÖWM-Betriebssuche
Wannemacher (Hauptstraße);Hauptstraße 78;2213;Bockfließ;AT;Niederösterreich;Weinviertel;+43 2288 6081;rosi.boeckl@gmx.at;ÖWM-Betriebssuche
Wannerer;Hollenburg 17;3506;Krems an der Donau;AT;Niederösterreich;Kremstal;+43 2739 2845;;ÖWM-Betriebssuche
Wanzenböck;Hauptstrasse 3;2524;Teesdorf;AT;Niederösterreich;Thermenregion;+43 2253 81245;paul.wanzenboeck@gmail.com;ÖWM-Betriebssuche
Warnung;Kampgasse 82;3492;Etsdorf am Kamp;AT;Niederösterreich;Kamptal;+43 2735 2429;ernst.warnung@aon.at;ÖWM-Betriebssuche
Warnung Matthias;Kampgasse 9;3492;Etsdorf am Kamp;AT;Niederösterreich;Kamptal;+43 2735 2429;warnung.matthias@gmx.at;ÖWM-Betriebssuche
Wartberger;Kleinriedental 10;2074;Unterretzbach;AT;Niederösterreich;Weinviertel;+43 2942 2947;;ÖWM-Betriebssuche
Wasinger (Hauptstrasse);Hauptstrasse 4;2123;Traunfeld;AT;Niederösterreich;Weinviertel;+43 2245 89170;weinbau-wasinger@aon.at;ÖWM-Betriebssuche
Wasinger (Hauptstraße);Hauptstraße 71;2122;Münichsthal;AT;Niederösterreich;Weinviertel;;;ÖWM-Betriebssuche
Wawrowsky;Parkgasse 35/4/8;2273;Hohenau an der March;AT;Niederösterreich;Weinviertel;+43 669 10259825;;ÖWM-Betriebssuche
Weber (Falkenstein);Falkenstein 51;2162;Falkenstein;AT;Niederösterreich;Weinviertel;+43 2554 314;;ÖWM-Betriebssuche
Weber (Grossnondorf);Grossnondorf 83;2042;Guntersdorf;AT;Niederösterreich;Weinviertel;+43 2951 3106;;ÖWM-Betriebssuche
Weber (Nr.);Nr. 110;2042;Guntersdorf;AT;Niederösterreich;Weinviertel;+43 2951 2230;weber.christoph@gmx.at;ÖWM-Betriebssuche
Weber (Untere Hauptstrasse);Untere Hauptstrasse 52;3495;Rohrendorf bei Krems;AT;Niederösterreich;Kremstal;+43 2732 84452;;ÖWM-Betriebssuche
Weber (Wartberg);Wartberg 79;3730;Wartberg;AT;Niederösterreich;Weinviertel;+43 676 860713509;herbert_weber@gmx.at;ÖWM-Betriebssuche
Weber (Wiener Straße);Wiener Straße 34;3511;Palt;AT;Niederösterreich;Kremstal;+43 2732 82107;;ÖWM-Betriebssuche
Weber (Winzerstraße);Winzerstraße 2;3714;Roseldorf;AT;Niederösterreich;Weinviertel;+43 676 7166606;info@biowein-weber.at;ÖWM-Betriebssuche
Wegenstein;IZ NÖ Süd, Strasse 3, Obj. 16;2351;Wiener Neudorf;AT;Niederösterreich;Thermenregion;+43 2236 6006200;h.toifl@billa.at;ÖWM-Betriebssuche
Weidenauer;Kellergasse 92;3610;Wösendorf in der Wachau;AT;Niederösterreich;Wachau;+43 2715 72864;andreas.weidenauer@a1business.at;ÖWM-Betriebssuche
Weidinger (Hollabrunnerstraße);Hollabrunnerstraße 15;3710;Ziersdorf;AT;Niederösterreich;Weinviertel;+43 664 9485440;office@weingut-weidinger.at;ÖWM-Betriebssuche
Weidinger (Mautern an der Donau);;3512;Mautern an der Donau;AT;Niederösterreich;Wachau;+43 2714 73355;wein@weidinger-wachau.at;ÖWM-Betriebssuche
Weidinger (Rossatzbach);Rossatzbach 38;3602;Rossatz-Arnsdorf;AT;Niederösterreich;Wachau;+43 2714 6247;wein@weidinger-wachau.at;ÖWM-Betriebssuche
WeierWein;Radlbrunn 220;3710;Radlbrunn;AT;Niederösterreich;Weinviertel;+43 664 8338911;r.weier@wpgmbh.at;ÖWM-Betriebssuche
Weigel;Gross Kadolz 192;2062;Seefeld-Kadolz;AT;Niederösterreich;Weinviertel;+43 2943 2228;;ÖWM-Betriebssuche
Weiland;Obersulz 7;2224;Obersulz;AT;Niederösterreich;Weinviertel;+43 2534 343;;ÖWM-Betriebssuche
Weilinger Karin;Hauptstraße 74;2264;Jedenspeigen;AT;Niederösterreich;Weinviertel;+43 664 2534636;weilinger-wein@aon.at;ÖWM-Betriebssuche
Weilinger- Lowatschek;Hauptstraße 40;2264;Jedenspeigen;AT;Niederösterreich;Weinviertel;+43 664 9142805;weingut@weilo-wein.at;ÖWM-Betriebssuche
Wein & Genuss;Sportplatzgasse 286;2042;Guntersdorf;AT;Niederösterreich;Weinviertel;+43 676 5237008;elisabeth@hausgnost-wein.at;ÖWM-Betriebssuche
Wein & Wohnen Kroneder;Gföhler Strasse 28;3550;Langenlois;AT;Niederösterreich;Kamptal;+43 664 4024293;weinbau@kroneder.at;ÖWM-Betriebssuche
Wein Ottmann;Lichtgartl 374;3610;Weißenkirchen in der Wachau;AT;Niederösterreich;Wachau;+43 650 6666627;richard@wein-ottmann.at;ÖWM-Betriebssuche
Wein- & Gästehof Schabasser;57 Unterwölbling;3124;Unterwölbling;AT;Niederösterreich;Traisental;;schabasser.georg@gmail.com;ÖWM-Betriebssuche
Wein- & Obsthof Schneider;Großriedenthal 103;3471;Großriedenthal;AT;Niederösterreich;Wagram;+43 2279 7556;office@weinobsthof-schneider.at;ÖWM-Betriebssuche
Wein- und Obstbauschule Krems;Wienerstrasse 101;3500;Krems an der Donau;AT;Niederösterreich;Kremstal;+43 2732 87516;fs.krems@wbs-krems.at;ÖWM-Betriebssuche
Wein-gut Hutter;Am Weinzierlberg 10;3500;Krems an der Donau;AT;Niederösterreich;Kremstal;+43 2732 82006;reservierung@weinguthutter.at;ÖWM-Betriebssuche
Wein-S.at;Langenloiser Straße 132;3500;Krems an der Donau;AT;Niederösterreich;Kremstal;;info@wein-s.at;ÖWM-Betriebssuche
Wein-Wimmer;Herrenstraße 33;3714;Frauendorf an der Schmida;AT;Niederösterreich;Weinviertel;+43 680 1280683;office@wein-wimmer.at;ÖWM-Betriebssuche
Weinbau Ackerl KG;Alfred-Ziegergasse 8;2070;Oberretzbach;AT;Niederösterreich;Weinviertel;;office@weinbau-ackerl.at;ÖWM-Betriebssuche
Weinbau Alfred Bayer;Kremserstrasse 7;3465;Königsbrunn am Wagram;AT;Niederösterreich;Wagram;;weinbau.alfred.bayer@gmail.com;ÖWM-Betriebssuche
Weinbau Berger Roland;Schlossstrasse 2;3491;Wiedendorf;AT;Niederösterreich;Kamptal;+43 664 3810180;weinbau.berger@aon.at;ÖWM-Betriebssuche
Weinbau Breitenecker;;2380;Perchtoldsdorf;AT;Niederösterreich;Thermenregion;;weinbau-breitenecker@aon.at;ÖWM-Betriebssuche
Weinbau Dr. Helmuth Weiss;Unterloiben 84;3601;Dürnstein;AT;Niederösterreich;Wachau;+43 2732 85350;helmuth.weiss@aon.at;ÖWM-Betriebssuche
Weinbau Erich Schubert;Wildendürnbach Nr. 270;2164;Wildendürnbach;AT;Niederösterreich;Weinviertel;;;ÖWM-Betriebssuche
Weinbau Franz jun. Zausinger;Dürnleis Nr. 19;2033;Dürnleis;AT;Niederösterreich;Weinviertel;;;ÖWM-Betriebssuche
Weinbau Franz Karl Krems;;3500;Krems an der Donau;AT;Niederösterreich;Kremstal;;f.karl.krems@gmail.com;ÖWM-Betriebssuche
Weinbau Georg Holzer;Untere Hauptstrasse 10;2111;Tresdorf;AT;Niederösterreich;Weinviertel;+43 664 4251709;georg.holzer@gmx.net;ÖWM-Betriebssuche
Weinbau Großmayer;Zellerndorf 18;2051;Zellerndorf;AT;Niederösterreich;Weinviertel;+43 664 8151870;stefan.grossmayer@gmail.com;ÖWM-Betriebssuche
Weinbau Haller;Schulgasse 5;2202;Enzersfeld;AT;Niederösterreich;Weinviertel;+43 676 5299535;haller.hermann@aon.at;ÖWM-Betriebssuche
Weinbau Harald Maresch;Neustiftgasse 21;3741;Pulkau;AT;Niederösterreich;Weinviertel;;h.maresch@weblog.at;ÖWM-Betriebssuche
Weinbau Höß;Liechtensteinstraße 425;2144;Altlichtenwarth;AT;Niederösterreich;Weinviertel;+43 660 3958866;manfred.hoess@gmx.at;ÖWM-Betriebssuche
Weinbau Ing. Rösler Markus;Schöngrabern 186;2020;Schöngrabern;AT;Niederösterreich;Weinviertel;+43 676 4212797;office@weinbau-roesler.at;ÖWM-Betriebssuche
Weinbau Johann Schüller;Blumenthal Nr. 54;2225;Blumenthal;AT;Niederösterreich;Weinviertel;+43 2532 88677;info@weinbau-schueller.at;ÖWM-Betriebssuche
Weinbau Josef jun. Schwab;Hadres Nr. 137;2061;Hadres;AT;Niederösterreich;Weinviertel;+43 664 2326274;Schwab-wein@gmx.at;ÖWM-Betriebssuche
Weinbau Kaufmann;Winterzeile 5 u. 7;2222;Kollnbrunn;AT;Niederösterreich;Weinviertel;;;ÖWM-Betriebssuche
Weinbau Krautstofl;Dr. Salzborn-Strae 3;2213;Bockfließ;AT;Niederösterreich;Weinviertel;;;ÖWM-Betriebssuche
Weinbau Kretz;Obere Marktstraße 3;3492;Etsdorf am Kamp;AT;Niederösterreich;Kamptal;+43 664 1734293;weinbau.kretz@gmx.at;ÖWM-Betriebssuche
Weinbau Manfred Bauer;Gaiselberg 7;2225;Zistersdorf;AT;Niederösterreich;Weinviertel;;;ÖWM-Betriebssuche
Weinbau Margit &Christian Falkinger;Zellerndorf Nr. 140a;2051;Zellerndorf;AT;Niederösterreich;Weinviertel;;falkinger@gmx.at;ÖWM-Betriebssuche
Weinbau Martin Schmid;Großnondorf 106;2042;Guntersdorf;AT;Niederösterreich;Weinviertel;;;ÖWM-Betriebssuche
Weinbau Maurer;Zeile 85;2020;Oberfellabrunn;AT;Niederösterreich;Weinviertel;;office@rudi-maurer.com;ÖWM-Betriebssuche
Weinbau Michael Fröschl;Stronsdorf Nr. 260;2153;Stronsdorf;AT;Niederösterreich;Weinviertel;+43 660 3160943;michael.froeschl10@icloud.com;ÖWM-Betriebssuche
Weinbau Mühlberger-Wally;Hauptstraße 85;2073;Obermarkersdorf;AT;Niederösterreich;Weinviertel;+43 2942 8235;muehlberger.weine@gmail.com;ÖWM-Betriebssuche
Weinbau Müller (Poysdorferstraße);Poysdorferstraße 103;2143;Großkrut;AT;Niederösterreich;Weinviertel;+43 2556 7396;mueller@ipa.at;ÖWM-Betriebssuche
Weinbau Müller (Wildendürnbach);Wildendürnbach 24;2164;Wildendürnbach;AT;Niederösterreich;Weinviertel;+43 650 2402164;anton.mueller54@gmail.com;ÖWM-Betriebssuche
Weinbau Nemeth;Kunigundbergstrasse 30;2380;Perchtoldsdorf;AT;Niederösterreich;Thermenregion;+43 664 8230336;shop@weinbau-nemeth.at;ÖWM-Betriebssuche
Weinbau Polina Iks;Wilhelmsdorfer Strasse 38;2170;Poysdorf;AT;Niederösterreich;Weinviertel;;;ÖWM-Betriebssuche
Weinbau Polsterer- Wagram;Dorfstrasse 29;3483;Wagram am Wagram;AT;Niederösterreich;Wagram;+43 2738 3181;weinbaupolsterer@aon.at;ÖWM-Betriebssuche
Weinbau Schauaus;Hofern Nr. 47;2070;Retz;AT;Niederösterreich;Weinviertel;+43 1 22787158;info.schauaus@gmx.at;ÖWM-Betriebssuche
Weinbau Schmid;Herrenstraße 22/2;3714;Frauendorf an der Schmida;AT;Niederösterreich;Weinviertel;;martin.schmidi@gmx.at;ÖWM-Betriebssuche
Weinbau Schrefl-Wolf;Frauenhofgasse 13;3512;Mautern an der Donau;AT;Niederösterreich;Wachau;+43 2732 84583;info@schrefl-wolf.at;ÖWM-Betriebssuche
Weinbau Schuh;Hofwiesenweg 6;3714;Roseldorf;AT;Niederösterreich;Weinviertel;+43 664 5363815;office@weingut-schuh.at;ÖWM-Betriebssuche
Weinbau Schweinberger;Ringstraße 51;2193;Bullendorf;AT;Niederösterreich;Weinviertel;;schweinberger.josef@aon.at;ÖWM-Betriebssuche
Weinbau Stöger;;2135;Neudorf im Weinviertel;AT;Niederösterreich;Weinviertel;;;ÖWM-Betriebssuche
Weinbau Thomas Deutenhauser;Untermarkersdorf Nr.139;2061;Untermarkersdorf;AT;Niederösterreich;Weinviertel;;;ÖWM-Betriebssuche
Weinbau Waltner;Neudegg 24;3471;Neudegg;AT;Niederösterreich;Wagram;+43 2279 7633;franziska.waltner@gmx.at;ÖWM-Betriebssuche
Weinbau Wolf Matthias;Reith 24;3553;Reith;AT;Niederösterreich;Kamptal;+43 664 2100529;wein@weinbau-wolf.net;ÖWM-Betriebssuche
Weinbau Wolfgang Hahn;Gauderndorf 23;3730;Eggenburg;AT;Niederösterreich;Weinviertel;;weinbau.hahn@gmx.at;ÖWM-Betriebssuche
Weinbauer Anton Rosenberger;Weißenkirchen 47;3610;Weißenkirchen in der Wachau;AT;Niederösterreich;Wachau;+43 2715 2247;;ÖWM-Betriebssuche
Weinbauernhof Fam. Diem;Zellerndorf 122;2051;Zellerndorf;AT;Niederösterreich;Weinviertel;+43 664 4083065;office@weinbauernhof-diem.at;ÖWM-Betriebssuche
Weindl;Wienerstraße 37;2193;Wilfersdorf;AT;Niederösterreich;Weinviertel;+43 2573 2254;weinbau.weindl@gmail.com;ÖWM-Betriebssuche
WEINerLEBEN Andrea & Leonhard Czipin;Kirchengasse 9;3552;Stratzing;AT;Niederösterreich;Kremstal;+43 2719 2848;info@weinerlebenczipin.at;ÖWM-Betriebssuche
Weingartner;Am Berg 13;3712;Maissau;AT;Niederösterreich;Weinviertel;+43 2958 8524;;ÖWM-Betriebssuche
Weingartshofer;Hauptplatz 1;2143;Großkrut;AT;Niederösterreich;Weinviertel;+43 699 11873107;office@weingartshofer.at;ÖWM-Betriebssuche
Weingut Alfred Klein;Herrengasse 5;3714;Sitzendorf an der Schmida;AT;Niederösterreich;Weinviertel;+43 2959 2861;fredklein3714@gmail.com;ÖWM-Betriebssuche
Weingut am Berg - Gruber;Mittelberg 41;3550;Langenlois;AT;Niederösterreich;Kamptal;+43 2734 2965;office@weingut-am-berg.at;ÖWM-Betriebssuche (Update bestehender Leadlisten-Eintrag)
Weingut Am Heiligenstein Fam. Retzl;Heiligensteinstrasse 9;3561;Zöbing;AT;Niederösterreich;Kamptal;+43 2734 2251;weingut@retzl.cc;ÖWM-Betriebssuche
Weingut Anita u Fritz Geith;Prof.-Gruber-Gasse 35;3610;Wösendorf in der Wachau;AT;Niederösterreich;Wachau;+43 2715 2356;fritz.geith@wavenet.at;ÖWM-Betriebssuche
Weingut Anna und Markus Aschauer;Unterbergern 33;3512;Unterbergern;AT;Niederösterreich;Wachau;+43 2714 7286;info@weinbau-aschauer.at;ÖWM-Betriebssuche
Weingut Eder & Wolf;Bahnstraße 83;3550;Langenlois;AT;Niederösterreich;Kamptal;+43 2734 3035;weinbau@eder-weine.at;ÖWM-Betriebssuche
Weingut Elisabeth Fritz;Wildendürnbach;2164;Wildendürnbach;AT;Niederösterreich;Weinviertel;;;ÖWM-Betriebssuche
Weingut Ernsthofer;Winklgasse 52;3610;Wösendorf in der Wachau;AT;Niederösterreich;Wachau;+43 2715 2455;weingut@ernsthofer.at;ÖWM-Betriebssuche
Weingut Florian Bauer;Neufang 52;3483;Feuersbrunn;AT;Niederösterreich;Wagram;+43 699 15022188;office@weingut-florianbauer.at;ÖWM-Betriebssuche
Weingut Frank;Kellergasse 5;2171;Herrnbaumgarten;AT;Niederösterreich;Weinviertel;+43 2555 2300;frank@weingutfrank.at;ÖWM-Betriebssuche (Update bestehender Leadlisten-Eintrag)
Weingut Franz Karpf;Große Zeile 41;2171;Herrnbaumgarten;AT;Niederösterreich;Weinviertel;;info@weingut-karpf.at;ÖWM-Betriebssuche
Weingut Gebrüder Pöcher;Lindenstraße 13;2070;Obernalb;AT;Niederösterreich;Weinviertel;+43 699 17126963;office@poecher.at;ÖWM-Betriebssuche
Weingut Gundolf;Fürstenbergkeller 33;2202;Enzersfeld;AT;Niederösterreich;Weinviertel;+43 670 3535858;wein.gundolf@gmail.com;ÖWM-Betriebssuche
Weingut Günther Eberhart;Schmidatalstrasse 50;3714;Frauendorf an der Schmida;AT;Niederösterreich;Weinviertel;+43 664 5929788;guenther.eberhart@aon.at;ÖWM-Betriebssuche
Weingut Günther Ernst;Viendorf 106;2013;Viendorf;AT;Niederösterreich;Weinviertel;;office@florianiheuriger.at;ÖWM-Betriebssuche
Weingut Hameter;Teichweg 3/2;3721;Limberg;AT;Niederösterreich;Weinviertel;+43 1 23456;renate.heiss@glaspack.com;ÖWM-Betriebssuche
Weingut Heiss;Dorfstraße 2;3470;Kirchberg am Wagram;AT;Niederösterreich;Wagram;+43 2279 3264;info@weingutheiss.at;ÖWM-Betriebssuche
Weingut Hermann Wurst;Rafing Nr. 41;3741;Rafing;AT;Niederösterreich;Weinviertel;;;ÖWM-Betriebssuche
Weingut Hörmayer;Maria Lourd-Weg 4;2202;Enzersfeld;AT;Niederösterreich;Weinviertel;;office@hoermayer.at;ÖWM-Betriebssuche
Weingut Ing. Richard Schober;Gaweinstal 11;2191;Gaweinstal;AT;Niederösterreich;Weinviertel;+43 2574 29192;mail@weingut-schober.at;ÖWM-Betriebssuche
Weingut Jauk;Falkeinstein 132;2162;Falkenstein;AT;Niederösterreich;Weinviertel;+43 664 2617992;mail@wein-p-jauk.at;ÖWM-Betriebssuche
Weingut Kau;Wienerstrasse 2A;2203;Großebersdorf;AT;Niederösterreich;Weinviertel;+43 2245 4116;josef.kau@gmx.at;ÖWM-Betriebssuche
Weingut Lehner;Obere Hauptstrasse 25;2135;Altruppersdorf;AT;Niederösterreich;Weinviertel;+43 664 2227710;office@weinvierteldac.at;ÖWM-Betriebssuche
Weingut Liechtenstein;Brünnerstraße 8;2193;Wilfersdorf;AT;Niederösterreich;Weinviertel;+43 2573 221927;wein@hofkellerei.at;ÖWM-Betriebssuche
Weingut Manghof;Obere Bachgasse 86;3610;Weißenkirchen in der Wachau;AT;Niederösterreich;Wachau;+43 664 7881016;weingut.manghof@gmail.com;ÖWM-Betriebssuche
Weingut Mann;Herrenstraße 8;3465;Unterstockstall;AT;Niederösterreich;Wagram;+43 676 5017410;office@weingutmann.at;ÖWM-Betriebssuche
Weingut Maria Winter-Weigl;Hintere Gasse 238;2181;Dobermannsdorf;AT;Niederösterreich;Weinviertel;;florian.weigl@outlook.at;ÖWM-Betriebssuche
Weingut Martina Mayer;Watzelsdorf 234;2051;Zellerndorf;AT;Niederösterreich;Weinviertel;;martina.mayer234@gmail.com;ÖWM-Betriebssuche
Weingut Mathias Burger;Pfaffstetten Nr. 118;3720;Pfaffstetten;AT;Niederösterreich;Weinviertel;;;ÖWM-Betriebssuche
Weingut Miesbauer;Joching 20;3601;Weißenkirchen in der Wachau;AT;Niederösterreich;Wachau;+43 2715 2204;weingut.miesbauer@gmx.at;ÖWM-Betriebssuche
Weingut Minkowitsch Siegfried;Bernsteinstrasse 236;2261;Mannersdorf an der March;AT;Niederösterreich;Weinviertel;+43 650 9720713;minkowitsch-wein@aon.at;ÖWM-Betriebssuche
Weingut Nachtigal;Kirchengasse 11;3704;Glaubendorf;AT;Niederösterreich;Weinviertel;+43 2956 2368;;ÖWM-Betriebssuche
Weingut Paul Urani;Dorfstraße 7;2122;Pfösing;AT;Niederösterreich;Weinviertel;;;ÖWM-Betriebssuche
Weingut Reinhard Frank;Fasanweg 17;2170;Wetzelsdorf;AT;Niederösterreich;Weinviertel;+43 2552 3530;;ÖWM-Betriebssuche
Weingut Rettenbacher;Laaben 7;3620;Spitz;AT;Niederösterreich;Wachau;+43 699 12852209;gr@weinkunst.eu;ÖWM-Betriebssuche
Weingut Roland Eder;Wildendürnbach Nr. 334;2164;Wildendürnbach;AT;Niederösterreich;Weinviertel;+43 699 17281154;;ÖWM-Betriebssuche
Weingut Romstorfer;Wienerstrasse 32;2191;Gaweinstal;AT;Niederösterreich;Weinviertel;;;ÖWM-Betriebssuche
Weingut Rudolf Riedl jun.;Hauptstraße 71;2185;Prinzendorf an der Zaya;AT;Niederösterreich;Weinviertel;;office@prinzendorfer-genussvielfalt.at;ÖWM-Betriebssuche
Weingut Sauer;Mittelgasse 6;2123;Unterolberndorf;AT;Niederösterreich;Weinviertel;+43 2245 89396;sauer.hannes@gmx.at;ÖWM-Betriebssuche
Weingut Siedler;Obere Ortsstraße 25;3134;Nußdorf ob der Traisen;AT;Niederösterreich;Traisental;+43 699 11329951;office@weingut-siedler.at;ÖWM-Betriebssuche
Weingut Stephan Gebhart;Brunnwinkl 1;2070;Obernalb;AT;Niederösterreich;Weinviertel;+43 699 12778890;stephan.gebhart@gmx.at;ÖWM-Betriebssuche
Weingut Thomas Hrabal;Am Reishübel 16;2170;Poysdorf;AT;Niederösterreich;Weinviertel;+43 664 5104462;sandra.schwarz-hrabal@gmx.at;ÖWM-Betriebssuche
Weingut Topf GmbH & Co KG;Talstrasse 162;3491;Straß im Straßertale;AT;Niederösterreich;Kamptal;+43 2735 2491;office@weingut-topf.at;ÖWM-Betriebssuche (Update bestehender Leadlisten-Eintrag)
Weingut Traunfellner;Mittelberg 46;3550;Langenlois;AT;Niederösterreich;Kamptal;+43 2734 2955;office@traunfellner-wein.at;ÖWM-Betriebssuche
Weingut Weineck;Lange Zeile 40 Weingut Weineck;3743;Röschitz;AT;Niederösterreich;Weinviertel;+43 664 3119594;weingut@weineck.at;ÖWM-Betriebssuche
Weinhauerei 378;Ziegelofengasse 378;3610;Weißenkirchen in der Wachau;AT;Niederösterreich;Wachau;+43 664 4243646;florian@projekthoell.at;ÖWM-Betriebssuche
Weinhof am Römerweg Dürauer;Mauternbach 11;3512;Mautern an der Donau;AT;Niederösterreich;Wachau;+43 676 3511490;wein@duerauer.at;ÖWM-Betriebssuche
Weinhof Kräutner;Rossatz 10;3602;Rossatz-Arnsdorf;AT;Niederösterreich;Wachau;+43 676 5110033;office@weinhof-kraeutner.at;ÖWM-Betriebssuche
Weinhof Matthäus Hirschbüchler;Hauptstraße 34;2120;Obersdorf;AT;Niederösterreich;Weinviertel;+43 676 4279333;mth@hirschbuechler-wein.at;ÖWM-Betriebssuche
Weinhof Waldschütz;Sachsendorf 17;3474;Kirchberg am Wagram;AT;Niederösterreich;Wagram;+43 2738 2387;wein@waldschuetz.at;ÖWM-Betriebssuche
Weinkellerei Aigner GmbH;Wienerstrasse 171;2352;Gumpoldskirchen;AT;Niederösterreich;Thermenregion;+43 2252 62487;office@aignerweine.at;ÖWM-Betriebssuche
Weinkellerei Langer;Industriestraße 3;2070;Retz;AT;Niederösterreich;Weinviertel;+43 664 5303536;weinkellerei@langer-weine.at;ÖWM-Betriebssuche
Weinkellerei Martin Rohla;Am Rußbach 3;2123;Kronberg;AT;Niederösterreich;Weinviertel;+43 676 3338338;rohla@goodshares.at;ÖWM-Betriebssuche
Weinkellerei Wöber GmbH;Hauptstrasse 48;2073;Waitzendorf;AT;Niederösterreich;Weinviertel;+43 2946 8275;office@weinwoeber.at;ÖWM-Betriebssuche
weinkino Ewald Schüller;Zellerndorf 258;2051;Zellerndorf;AT;Niederösterreich;Weinviertel;+43 664 75133112;info@weinkino.at;ÖWM-Betriebssuche
Weinkultur Preiß;Theyern, Ringgasse 4;3134;Nußdorf ob der Traisen;AT;Niederösterreich;Traisental;+43 660 4854558;wine@kulturpreiss.at;ÖWM-Betriebssuche (Update bestehender Leadlisten-Eintrag)
Weinlinger (Stockerauerstraße);Stockerauerstraße 11;3462;Absdorf;AT;Niederösterreich;Wagram;+43 664 1607340;werner.weinlinger@gmail.com;ÖWM-Betriebssuche
Weinlinger (Wienerstrasse);Wienerstrasse 15;3702;Oberrußbach;AT;Niederösterreich;Weinviertel;+43 2955 71452;;ÖWM-Betriebssuche
Weinmann;Neuruppersdorf 35;2164;Wildendürnbach;AT;Niederösterreich;Weinviertel;+43 2523 8426;;ÖWM-Betriebssuche
Weinmanufaktur Gritsch;Pfarrhofgasse 4;2203;Großebersdorf;AT;Niederösterreich;Weinviertel;;;ÖWM-Betriebssuche
Weinmanufaktur Kreuzhuber;Hauptplatz 33;3493;Hadersdorf am Kamp;AT;Niederösterreich;Kamptal;+43 664 73649461;weinmanufakturkreuzhuber@gmail.com;ÖWM-Betriebssuche
Weinmanufaktur Nourani;Neufang 41;3483;Feuersbrunn;AT;Niederösterreich;Wagram;+43 664 2281992;office@weingutnourani.at;ÖWM-Betriebssuche
Weinpension Andrea;Am Schönberg 2;2504;Sooß;AT;Niederösterreich;Thermenregion;;anfrage@weinpension.at;ÖWM-Betriebssuche
Weinrieder;Untere Ortsstrasse 44;2170;Kleinhadersdorf;AT;Niederösterreich;Weinviertel;+43 2552 2241;office@weinrieder.at;ÖWM-Betriebssuche
Weinschach;Meyereckstraße 3;3500;Krems an der Donau;AT;Niederösterreich;Kremstal;+43 664 9215500;info@weinschach.com;ÖWM-Betriebssuche
Weinviertler Sektmanufaktur;Kirchenstraße 1;2165;Stützenhofen;AT;Niederösterreich;Weinviertel;+43 676 4400526;dcg.hugl@goldstueck.at;ÖWM-Betriebssuche
Weinwurm (Hauptstrasse);Hauptstrasse 65;2181;Palterndorf-Dobermannsdorf;AT;Niederösterreich;Weinviertel;+43 660 7679100;wein@weinwurms.at;ÖWM-Betriebssuche
Weinwurm (Hauptstraße);Hauptstraße 14;2054;Alberndorf im Pulkautal;AT;Niederösterreich;Weinviertel;+43 2944 2346;info@oesterreichwein.at;ÖWM-Betriebssuche
Weinwurm (Obritz);Obritz 169;2061;Obritz;AT;Niederösterreich;Weinviertel;+43 2943 2777;;ÖWM-Betriebssuche
Weis;Stronsdorf 122;2153;Stronsdorf;AT;Niederösterreich;Weinviertel;+43 664 5921218;t-weis@gmx.at;ÖWM-Betriebssuche
Weiss (Rossatz);Rossatz 20;3602;Rossatz-Arnsdorf;AT;Niederösterreich;Wachau;+43 2714 6520;;ÖWM-Betriebssuche
Weiss (Watzelsdorf);Watzelsdorf 92;2051;Zellerndorf;AT;Niederösterreich;Weinviertel;+43 2945 27243;;ÖWM-Betriebssuche
Weiss A.;Hausgärten 16;2120;Obersdorf;AT;Niederösterreich;Weinviertel;+43 2245 5456;alois.weiss@ffwolkersdorf.at;ÖWM-Betriebssuche
Weissinger;Dorfstraße 26;3131;Inzersdorf-Getzersdorf;AT;Niederösterreich;Traisental;+43 664 8731210;kontakt@winzerhof-weissinger.at;ÖWM-Betriebssuche
Weisskirchner;Gartengasse 20;2202;Enzersfeld;AT;Niederösterreich;Weinviertel;+43 2262 672606;;ÖWM-Betriebssuche
Weiszbart;Mariazellergasse 25;2544;Leobersdorf;AT;Niederösterreich;Thermenregion;+43 2256 62380;;ÖWM-Betriebssuche
Weixelbaum (Burgstiege);Burgstiege 71;3610;Weißenkirchen in der Wachau;AT;Niederösterreich;Wachau;+43 2715 2577;weingut@weixelbaum.at;ÖWM-Betriebssuche
Weixelbaum (Weinbergweg);Weinbergweg 196;3491;Straß im Straßertale;AT;Niederösterreich;Kamptal;+43 2735 2269;weixelbaum@invinoweix.at;ÖWM-Betriebssuche (Update bestehender Leadlisten-Eintrag)
Weiß (Großweikersdorferstraße);Großweikersdorferstraße 41;3702;Oberrußbach;AT;Niederösterreich;Weinviertel;+43 2955 71612;florianweiss@gmx.at;ÖWM-Betriebssuche
Weiß (Kaiser-Franz-Josef-Straße);Kaiser-Franz-Josef-Straße 16;2144;Altlichtenwarth;AT;Niederösterreich;Weinviertel;+43 676 4558611;marthaweiss70@gmail.com;ÖWM-Betriebssuche
Weiß (Röhrbrunngasse);Röhrbrunngasse 23;3552;Lengenfeld;AT;Niederösterreich;Kremstal;+43 2719 2273;;ÖWM-Betriebssuche
Weißmayer;Feldsbergerstraße 10;2170;Poysdorf;AT;Niederösterreich;Weinviertel;+43 2552 3575;;ÖWM-Betriebssuche
Wenko;Schlosspark 5/9/2;2120;Obersdorf;AT;Niederösterreich;Weinviertel;;ew@toyota-wenko.at;ÖWM-Betriebssuche
Wenzelspitz;Waldgasse 24;2500;Baden;AT;Niederösterreich;Thermenregion;+43 2252 81763;;ÖWM-Betriebssuche
Wenzina (Neue Melkerstrasse);Neue Melkerstrasse 174;3471;Großriedenthal;AT;Niederösterreich;Wagram;+43 2279 7459;;ÖWM-Betriebssuche
Wenzina (Ottenthal);Ottenthal 19;3470;Großriedenthal;AT;Niederösterreich;Wagram;+43 2279 2283;weinbau@wenzina.at;ÖWM-Betriebssuche
Wenzl;Hauptstrasse 22;2243;Matzen-Raggendorf;AT;Niederösterreich;Weinviertel;+43 2289 2281;guenter.wenzl@aon.at;ÖWM-Betriebssuche
Wenzl Heribert;Dippersdorf 6;3710;Ziersdorf;AT;Niederösterreich;Weinviertel;+43 664 1940764;heribert@wenzlwein.at;ÖWM-Betriebssuche
Wenzl Walter;Glaubendorferstrasse 4;3710;Rohrbach;AT;Niederösterreich;Weinviertel;+43 2956 2544;weinbau-wenzl@aon.at;ÖWM-Betriebssuche
Wernhart (Hauptstraße);Hauptstraße 88;2213;Bockfließ;AT;Niederösterreich;Weinviertel;+43 2288 2778;Weinbau-wernhart@gmx.at;ÖWM-Betriebssuche
Wernhart (Mittelstrasse);Mittelstrasse 42;2211;Pillichsdorf;AT;Niederösterreich;Weinviertel;+43 2245 82355;;ÖWM-Betriebssuche
Wess;Sandgrube 24;3500;Krems an der Donau;AT;Niederösterreich;Kremstal;+43 664 3860567;info@weingut-wess.at;ÖWM-Betriebssuche
Weszeli;Grosser Buriweg 16;3550;Langenlois;AT;Niederösterreich;Kamptal;+43 2734 3678;weingut@weszeli.at;ÖWM-Betriebssuche (Update bestehender Leadlisten-Eintrag)
Wetter Bernd;Kühltal 26;2120;Obersdorf;AT;Niederösterreich;Weinviertel;+43 2245 5197;berndwetter@hotmail.com;ÖWM-Betriebssuche
Wichtl Radetzky;Hauptstraße 4;3704;Großwetzdorf;AT;Niederösterreich;Weinviertel;+43 2956 2344;leopold.wichtl@radetzky-weingut.at;ÖWM-Betriebssuche
Widerna;Dietmannsdorf 56;2051;Dietmannsdorf;AT;Niederösterreich;Weinviertel;+43 664 1653207;biohof@widerna.com;ÖWM-Betriebssuche
Widhalm;Im Winkl 5;2070;Mitterretzbach;AT;Niederösterreich;Weinviertel;+43 2942 28103;office@widhalm-wein.at;ÖWM-Betriebssuche
Widl;Nr. 54;2061;Untermarkersdorf;AT;Niederösterreich;Weinviertel;+43 2943 2349;;ÖWM-Betriebssuche
Widmayer;Mauternbach 27;3512;Mautern an der Donau;AT;Niederösterreich;Wachau;+43 2732 87654;office@widi-wein.at;ÖWM-Betriebssuche
Wiedeck;Am Kirchenweg 1a;2100;Stetten;AT;Niederösterreich;Weinviertel;+43 2262 673747;wein@wiedeck.at;ÖWM-Betriebssuche
Wiedermann;Alte Marktstr. 2;2225;Zistersdorf;AT;Niederösterreich;Weinviertel;+43 699 10556463;christian.wiedermann@aon.at;ÖWM-Betriebssuche
Wiederstein Birgit;Weinbergweg 1;2464;Göttlesbrunn-Arbesthal;AT;Niederösterreich;Carnuntum;+43 676 5046456;winzerin@wiederstein.at;ÖWM-Betriebssuche
Wieland (Holtergasse);Holtergasse 3;3500;Krems an der Donau;AT;Niederösterreich;Kremstal;+43 2732 74584;;ÖWM-Betriebssuche
Wieland (Im Alauntal);Im Alauntal 8;3500;Krems an der Donau;AT;Niederösterreich;Kremstal;+43 2732 76146;;ÖWM-Betriebssuche
Wieninger Karl;Gattringerstrasse 37;2345;Brunn am Gebirge;AT;Niederösterreich;Thermenregion;;;ÖWM-Betriebssuche
Wiesböck;Wildbachstrasse 3;2403;Wildungsmauer;AT;Niederösterreich;Carnuntum;+43 650 4031033;;ÖWM-Betriebssuche
Wieser;Großriedenthal 162;3471;Großriedenthal;AT;Niederösterreich;Wagram;+43 2279 7507;;ÖWM-Betriebssuche
Wieserwein;St. Urban Straße 32;3481;Fels am Wagram;AT;Niederösterreich;Wagram;+43 664 2338411;sascha@wieserwein.at;ÖWM-Betriebssuche
Wiesinger (Altes Dorf);Altes Dorf 32;2224;Niedersulz;AT;Niederösterreich;Weinviertel;+43 2534 4243;info@winzerhof-wiesinger.at;ÖWM-Betriebssuche
Wiesinger (Brunnengasse);Brunnengasse 68;2144;Altlichtenwarth;AT;Niederösterreich;Weinviertel;+43 676 5116689;mail@weinbauernhof-wiesinger.at;ÖWM-Betriebssuche
Wiesinger (Brünnerstraße);Brünnerstraße 15;2191;Gaweinstal;AT;Niederösterreich;Weinviertel;+43 2574 2557;andreas.wiesinger1@gmail.com;ÖWM-Betriebssuche
Wiesinger (Bäckergasse);Bäckergasse 46;2193;Bullendorf;AT;Niederösterreich;Weinviertel;+43 2573 2640;office@wiesinger-weinbau.at;ÖWM-Betriebssuche
Wiesinger (Erdpreß);Erdpreß 7;2224;Erdpreß;AT;Niederösterreich;Weinviertel;+43 664 1620807;winzerhofwiesinger@a1.net;ÖWM-Betriebssuche
Wiesinger (Erdölstraße);Erdölstraße 27;2185;Wilfersdorf;AT;Niederösterreich;Weinviertel;+43 699 10223000;wein@ebura.at;ÖWM-Betriebssuche
Wiesinger (Hauptstrasse);Hauptstrasse 47;2244;Spannberg;AT;Niederösterreich;Weinviertel;+43 2538 85302;office@weingut-wiesinger.at;ÖWM-Betriebssuche
Wiesinger (Reith);Reith 82;3553;Schiltern;AT;Niederösterreich;Kamptal;+43 2734 8638;gerhard@wiesinger-wein.at;ÖWM-Betriebssuche
Wiesinger (Spitzerbergstrasse);Spitzerbergstrasse 1;2405;Hundsheim;AT;Niederösterreich;Carnuntum;+43 2165 62647;;ÖWM-Betriebssuche
Wiesinger Klaus;Hauptstraße 26;2185;Rannersdorf an der Zaya;AT;Niederösterreich;Weinviertel;+43 650 2283524;wiesingerklaus@gmx.at;ÖWM-Betriebssuche
Wiesinger Sonja;Bergstraße 14;2193;Wilfersdorf;AT;Niederösterreich;Weinviertel;;wiesingerhans@aon.at;ÖWM-Betriebssuche
Wild;Großharras 159;2034;Großharras;AT;Niederösterreich;Weinviertel;+43 2526 7424;wild.hannes@aon.at;ÖWM-Betriebssuche
Wildgatsch;Altenmarkt 5;2154;Unterstinkenbrunn;AT;Niederösterreich;Weinviertel;+43 660 4804790;martin@wildgatsch.at;ÖWM-Betriebssuche
Wilfing;Parkstrasse 40;2170;Kleinhadersdorf;AT;Niederösterreich;Weinviertel;+43 2552 3842;;ÖWM-Betriebssuche
Willach (Adletzberg);Adletzberg 29;3454;Sitzenberg-Reidling;AT;Niederösterreich;Wagram;+43 2276 76013;arkadenhof.willach@aon.at;ÖWM-Betriebssuche
Willach (Kogelgasse);Kogelgasse 2;3433;Königstetten;AT;Niederösterreich;Wagram;+43 2273 7646;winzerhof-willach@aon.at;ÖWM-Betriebssuche
Willner;Röhrbrunngasse 9;3552;Lengenfeld;AT;Niederösterreich;Kremstal;+43 2719 2123;;ÖWM-Betriebssuche
Wimberger;Kleinweikersdorf 15;2023;Nappersdorf-Kammersdorf;AT;Niederösterreich;Weinviertel;+43 664 3981701;rwimberger@aon.at;ÖWM-Betriebssuche
Wimmer (Bachstrasse);Bachstrasse 61;2170;Wetzelsdorf;AT;Niederösterreich;Weinviertel;+43 2552 20762;office@wimmer-weinbau.at;ÖWM-Betriebssuche
Wimmer (Parkstrasse);Parkstrasse 4;2223;Hohenruppersdorf;AT;Niederösterreich;Weinviertel;+43 2574 8305;;ÖWM-Betriebssuche
Wimmer, Wagramkeller;Wiener Strasse 9a;3481;Fels am Wagram;AT;Niederösterreich;Wagram;+43 660 2728200;wagramkeller@weingut-wimmer.at;ÖWM-Betriebssuche
Wimmer-Czerny;Obere Marktstrasse 37;3481;Fels am Wagram;AT;Niederösterreich;Wagram;+43 676 9354094;weingut@wimmer-czerny.at;ÖWM-Betriebssuche
Windhaber;Neustifterstraße 27a;3495;Rohrendorf bei Krems;AT;Niederösterreich;Kremstal;+43 2732 70054;;ÖWM-Betriebssuche
Windisch;Neustiftgasse 14;3714;Sitzendorf an der Schmida;AT;Niederösterreich;Weinviertel;+43 664 2773027;info@windischweine.at;ÖWM-Betriebssuche
Windpassinger;Großharras 116;2034;Großharras;AT;Niederösterreich;Weinviertel;+43 2526 6685;r.windpassinger@aon.at;ÖWM-Betriebssuche
Wine by S. Pratsch;Milchhausstraße 5;2223;Hohenruppersdorf;AT;Niederösterreich;Weinviertel;+43 676 6249773;office@pratsch.at;ÖWM-Betriebssuche
Wingelhofer;Nr. 27;2084;Obermixnitz;AT;Niederösterreich;Weinviertel;+43 2951 8228;marina.krimmel@gmx.at;ÖWM-Betriebssuche
Winiwarter;Obere Hauptstraße 32;3552;Stratzing;AT;Niederösterreich;Kremstal;+43 2719 2272;;ÖWM-Betriebssuche
Winiwarter Winery;Obere Hauptstraße 19;3552;Stratzing;AT;Niederösterreich;Kremstal;+43 1 53332600;office@rw-winery.com;ÖWM-Betriebssuche
Winkelhofer;Eggendorf am Walde 45;3712;Eggendorf am Walde;AT;Niederösterreich;Weinviertel;+43 676 4015730;gasthaus@derwinkelhofer.at;ÖWM-Betriebssuche
Winkler (Gföhlerstraße);Gföhlerstraße 32;3552;Lengenfeld;AT;Niederösterreich;Kremstal;+43 2719 2682;;ÖWM-Betriebssuche
Winkler (Kampgasse);Kampgasse 1;3494;Stratzdorf;AT;Niederösterreich;Kremstal;+43 2735 8612;;ÖWM-Betriebssuche
Winkler Traubengarten;Untere Hauptstraße 42;2004;Niederhollabrunn;AT;Niederösterreich;Weinviertel;+43 664 1006725;winkler@traubengarten.at;ÖWM-Betriebssuche
Winklgassl;Wösendorf 52;3610;Weißenkirchen in der Wachau;AT;Niederösterreich;Wachau;+43 2715 2455;;ÖWM-Betriebssuche
Winninger GmbH;Zwettlerstrasse 130;3550;Langenlois;AT;Niederösterreich;Kamptal;+43 1 25330337674;sabine.winninger@aon.at;ÖWM-Betriebssuche
Winter (Frauendorf);Frauendorf 6;3133;Traismauer;AT;Niederösterreich;Traisental;+43 2783 7437;;ÖWM-Betriebssuche
Winter (Hauptstraße 75);Hauptstraße 75;2074;Unterretzbach;AT;Niederösterreich;Weinviertel;+43 676 7713021;winter-heuriger@aon.at;ÖWM-Betriebssuche
Winter (Hauptstraße 84);Hauptstraße 84;2123;Hautzendorf;AT;Niederösterreich;Weinviertel;+43 650 7675974;weinbau.winter@aon.at;ÖWM-Betriebssuche
Winter-Altermann;Pfaffstetten 100;3720;Pfaffstetten;AT;Niederösterreich;Weinviertel;+43 2958 83010;;ÖWM-Betriebssuche
Wintner;Oberarnsdorf 45;3621;Rossatz-Arnsdorf;AT;Niederösterreich;Wachau;+43 650 6070433;;ÖWM-Betriebssuche
Winzer Krems eG Sandgrube 13;Sandgrube 13;3500;Krems an der Donau;AT;Niederösterreich;Kremstal;+43 2732 85511;office@winzerkrems.at;ÖWM-Betriebssuche (Update bestehender Leadlisten-Eintrag)
Winzerfamilie Pfalz;Parkstraße 22;2223;Hohenruppersdorf;AT;Niederösterreich;Weinviertel;+43 677 61944854;markus@winzerfamilie-pfalz.at;ÖWM-Betriebssuche
Winzergenossenschaft Gumpoldskirchen;Jubiläumsstrasse 43;2352;Gumpoldskirchen;AT;Niederösterreich;Thermenregion;+43 2252 62129;;ÖWM-Betriebssuche
Winzerhof Andreas Mader;Wachaustrasse 5;3124;Oberwölbling;AT;Niederösterreich;Traisental;+43 680 3152587;andreas.mader70@gmail.com;ÖWM-Betriebssuche
Winzerhof Fasching;Oberarnsdorf 40;3621;Mitterarnsdorf;AT;Niederösterreich;Wachau;+43 676 4256870;winzerhoffasching@yahoo.com;ÖWM-Betriebssuche
Winzerhof Lehner;Hauptstrasse 160;2245;Velm-Götzendorf;AT;Niederösterreich;Weinviertel;+43 2538 8365;;ÖWM-Betriebssuche
Winzerhof Seehofer;Landstrasse 98;2245;Velm-Götzendorf;AT;Niederösterreich;Weinviertel;+43 680 1275207;stefanie.seehofer@gmx.at;ÖWM-Betriebssuche
Winzerhof Terrassenheuriger Czipin;Untere Hauptstrasse 12;3552;Stratzing;AT;Niederösterreich;Kremstal;+43 2719 2503;office@winzerhof-czipin.at;ÖWM-Betriebssuche
Winzerhof Zach;Wienerstrasse 18;3493;Hadersdorf-Kammern;AT;Niederösterreich;Kamptal;+43 2735 2333;office@winzerhof-zach.at;ÖWM-Betriebssuche
Wittmann (Franzbergstraße);Franzbergstraße 12;2161;Poysbrunn;AT;Niederösterreich;Weinviertel;+43 664 1953129;johannwittmann@aon.at;ÖWM-Betriebssuche
Wittmann (Hauptstrasse);Hauptstrasse 65;2120;Obersdorf;AT;Niederösterreich;Weinviertel;+43 2245 5840;;ÖWM-Betriebssuche
Wittmann (Hauptstraße 17);Hauptstraße 17;2203;Eibesbrunn;AT;Niederösterreich;Weinviertel;+43 699 10024915;weinbauwittmann@live.at;ÖWM-Betriebssuche
Wittmann (Hauptstraße 438);Hauptstraße 438;2144;Altlichtenwarth;AT;Niederösterreich;Weinviertel;+43 2533 801788;kum.wittmann@aon.at;ÖWM-Betriebssuche
Wittmann Johann;Unterdürnbach 1a;3721;Unterdürnbach;AT;Niederösterreich;Weinviertel;+43 699 12675140;hwittmann@aon.at;ÖWM-Betriebssuche
Woditschka (Hauptstraße);Hauptstraße 107;2171;Herrnbaumgarten;AT;Niederösterreich;Weinviertel;+43 2552 2173;f.woditschka@aon.at;ÖWM-Betriebssuche
Woditschka (Poysbrunner Straße);Poysbrunner Straße 28a;2171;Herrnbaumgarten;AT;Niederösterreich;Weinviertel;+43 664 1657945;s.woditschka@aon.at;ÖWM-Betriebssuche
Woditschka ExclusivWeine Rudi;Hauptstrasse 131;2171;Herrnbaumgarten;AT;Niederösterreich;Weinviertel;+43 664 4823335;office@woditschkaweine.at;ÖWM-Betriebssuche
Wolf (Kühberg);Kühberg 202;2162;Falkenstein;AT;Niederösterreich;Weinviertel;+43 2554 85467;tigram101@gmail.com;ÖWM-Betriebssuche
Wolf (Schöngrabern);Schöngrabern 51;2020;Schöngrabern;AT;Niederösterreich;Weinviertel;+43 2952 38902;weinbauwolf@aon.at;ÖWM-Betriebssuche
Wolfbeisser;Nr. 110;2034;Großharras;AT;Niederösterreich;Weinviertel;+43 2526 6145;herbert.wolfbeisser@aon.at;ÖWM-Betriebssuche
Wolfinger;Ringgasse 10;3134;Theyern;AT;Niederösterreich;Traisental;+43 2783 581;;ÖWM-Betriebssuche
Wortha;Seefeld 71;2062;Seefeld-Kadolz;AT;Niederösterreich;Weinviertel;+43 680 4412385;m.wortha@aon.at;ÖWM-Betriebssuche
Wudernitz;Hauptplatz 15;2203;Großebersdorf;AT;Niederösterreich;Weinviertel;+43 2245 3486;;ÖWM-Betriebssuche
Wunderer;Ebersbrunn 65;3711;Großmeiseldorf;AT;Niederösterreich;Weinviertel;+43 2957 6084;wilhelm.wunderer@gmx.at;ÖWM-Betriebssuche
Wunderer GmbH;Straning 62;3722;Straning;AT;Niederösterreich;Weinviertel;+43 664 88224789;office@doktorwunderer.at;ÖWM-Betriebssuche
Wunderer Johann u. Liane;Weinbergstraße 3;3711;Ebersbrunn;AT;Niederösterreich;Weinviertel;+43 2957 237;johann@wundererwein.at;ÖWM-Betriebssuche
Wunderer Leo und Dagmar;Oberfellabrunn 7;2020;Oberfellabrunn;AT;Niederösterreich;Weinviertel;+43 676 7074467;leo.wunderer@aon.at;ÖWM-Betriebssuche
Wundsam;Wienerweg 5;2111;Kleinrötz;AT;Niederösterreich;Weinviertel;+43 2264 6377;weinbau@wundsam.at;ÖWM-Betriebssuche
Wurst (Leodagger);Leodagger 21;3741;Pulkau;AT;Niederösterreich;Weinviertel;+43 664 2727646;weingutwurst@aon.at;ÖWM-Betriebssuche
Wurst (Reichersdorf);Reichersdorf 62;3131;Getzersdorf;AT;Niederösterreich;Traisental;+43 2783 82115;;ÖWM-Betriebssuche
Wurst (Schrattenthal);Schrattenthal 23;2073;Schrattenthal;AT;Niederösterreich;Weinviertel;+43 699 12137282;office@winzerhof-wurst.at;ÖWM-Betriebssuche
Wurth;Walzengasse 40;2380;Perchtoldsdorf;AT;Niederösterreich;Thermenregion;+43 1 8690322;;ÖWM-Betriebssuche
Wurth OG;Sonnbergstraße 1;2380;Perchtoldsdorf;AT;Niederösterreich;Thermenregion;+43 1 8697170;heuriger@weingut-wurth.at;ÖWM-Betriebssuche
Wutzl;Weinstrasse 15;3550;Gobelsburg;AT;Niederösterreich;Kamptal;+43 664 4328989;weingut.wutzl@gmx.at;ÖWM-Betriebssuche
Www.derbauer.wine;;3470;Kirchberg am Wagram;AT;Niederösterreich;Wagram;;;ÖWM-Betriebssuche
Wöber (Hollabrunnerstrasse);Hollabrunnerstrasse 3;3710;Ziersdorf;AT;Niederösterreich;Weinviertel;+43 2956 2261;kontakt@weingutantonwoeber.at;ÖWM-Betriebssuche
Wöber (Neudegg);Neudegg 40;3471;Neudegg;AT;Niederösterreich;Wagram;+43 2279 7654;weinbauwoeber@gmx.at;ÖWM-Betriebssuche
Wöber (Neustift);Neustift 30;3714;Sitzendorf an der Schmida;AT;Niederösterreich;Weinviertel;+43 2984 2255;office@woeberwein.at;ÖWM-Betriebssuche
Wöber (Obermarkersdorf 83);Obermarkersdorf 83;2073;Zellerndorf;AT;Niederösterreich;Weinviertel;+43 2942 8209;fam-leo-woeber@aon.at;ÖWM-Betriebssuche
Wöber (Obermarkersdorf 93);Obermarkersdorf 93;2073;Zellerndorf;AT;Niederösterreich;Weinviertel;+43 2942 8212;ernst-woeber@gmx.at;ÖWM-Betriebssuche
Wöginger;Hauptstraße 3;3620;Spitz;AT;Niederösterreich;Wachau;;;ÖWM-Betriebssuche
Wögrath;Unterbergern 5;3512;Mautern an der Donau;AT;Niederösterreich;Wachau;+43 2714 7461;;ÖWM-Betriebssuche
Wölflinger;Krautgasse 12;2380;Perchtoldsdorf;AT;Niederösterreich;Thermenregion;+43 1 8655570;weinbau@heuriger-woelflinger.at;ÖWM-Betriebssuche
Wölk;Hauptstrasse 32;2144;Altlichtenwarth;AT;Niederösterreich;Weinviertel;+43 2533 801738;whw@woelk-weine.at;ÖWM-Betriebssuche
Wötzl;Martinsdorf 34;2223;Hohenruppersdorf;AT;Niederösterreich;Weinviertel;+43 2574 8855;;ÖWM-Betriebssuche
Würschinger;Obere Ortsstraße 23;3142;Langmannersdorf;AT;Niederösterreich;Traisental;+43 2784 2222;winzerhaus.wuerschinger@gmx.at;ÖWM-Betriebssuche
Zabel;Neuruppersdorf 9;2164;Neuruppersdorf;AT;Niederösterreich;Weinviertel;+43 2523 6908;zabel@aon.at;ÖWM-Betriebssuche
Zadrazil;Lindenstraße 26;2070;Obernalb;AT;Niederösterreich;Weinviertel;+49 69 911583518;weinbau.zadrazil@gmx.at;ÖWM-Betriebssuche
Zambach;Hauptstrasse 20;2215;Matzen-Raggendorf;AT;Niederösterreich;Weinviertel;+43 2289 2492;weinbau.zambach@aon.at;ÖWM-Betriebssuche
Zauninger;Aubergerstraße 1;2223;Gaweinstal;AT;Niederösterreich;Weinviertel;+43 2574 8008;;ÖWM-Betriebssuche
Zechmeister;Hochstraße 64;2380;Perchtoldsdorf;AT;Niederösterreich;Thermenregion;+43 1 8659157;weinbau-zechmeister@kabsi.at;ÖWM-Betriebssuche (Update bestehender Leadlisten-Eintrag)
Zederbauer;Maria Lagergasse 30;3511;Furth bei Göttweig;AT;Niederösterreich;Kremstal;+43 2732 82931;bio@weingut-zederbauer.at;ÖWM-Betriebssuche
Zehetmaier;Viendorf 29;2013;Göllersdorf;AT;Niederösterreich;Weinviertel;+43 2954 2335;l.zehetmaier@aon.at;ÖWM-Betriebssuche
Zehetner;Kirchengasse 8;3483;Feuersbrunn;AT;Niederösterreich;Wagram;+43 2738 8970;;ÖWM-Betriebssuche
Zehetner Andrea und Hannes;Feldgasse 5B;2100;Stetten;AT;Niederösterreich;Weinviertel;+43 2262 674252;ab-hof.zehetner@aon.at;ÖWM-Betriebssuche
Zeiler;Zlabern 24;2135;Neudorf im Weinviertel;AT;Niederösterreich;Weinviertel;+43 2523 8534;;ÖWM-Betriebssuche
Zeilinger;Fuchastraße 19;3511;Palt;AT;Niederösterreich;Kremstal;+43 2732 84673;;ÖWM-Betriebssuche
Zeilinger Christian;Hauptstraße 60;3472;Hohenwarth-Mühlbach a.M.;AT;Niederösterreich;Weinviertel;+43 2957 227;office@weingut-zeilinger.at;ÖWM-Betriebssuche
Zeilinger-Wagner;Kremser Straße 1;3472;Hohenwarth-Mühlbach a.M.;AT;Niederösterreich;Weinviertel;+43 (2957) 201;wein@zeilinger-wagner.at;ÖWM-Betriebssuche
Zeininger;Pointgasse 4;3500;Krems an der Donau;AT;Niederösterreich;Kremstal;+43 2732 77962;weinbau.zeininger@gmail.com;ÖWM-Betriebssuche
Zeissl;Nr. 150;2022;Immendorf;AT;Niederösterreich;Weinviertel;+43 2951 8232;;ÖWM-Betriebssuche
Zeissl Johannes;Untermarkersdorf 103;2061;Untermarkersdorf;AT;Niederösterreich;Weinviertel;+43 664 9163883;weinbau.zeissl@gmail.com;ÖWM-Betriebssuche
Zeitlberger (Fischamenderstrasse);Fischamenderstrasse 19;2431;Enzersdorf an der Fischa;AT;Niederösterreich;Carnuntum;+43 2230 8242;rudolf.zeitlberger@aon.at;ÖWM-Betriebssuche
Zeitlberger (Hauptstrasse);Hauptstrasse 3;3704;Großwetzdorf;AT;Niederösterreich;Weinviertel;+43 2956 2558;;ÖWM-Betriebssuche
Zeitlberger (Tiefental);Tiefental 4;3701;Großweikersdorf;AT;Niederösterreich;Wagram;+43 2955 70369;office@zeitlberger.at;ÖWM-Betriebssuche
Zeller;Hauptstraße 10;2202;Enzersfeld;AT;Niederösterreich;Weinviertel;+43 2262 672698;;ÖWM-Betriebssuche
Zeller Leopold;Hauptstraße 42;2102;Hagenbrunn;AT;Niederösterreich;Weinviertel;+43 2262 672751;zeller@heuriger-zeller.at;ÖWM-Betriebssuche
Zens;Holzgasse 66;2024;Mailberg;AT;Niederösterreich;Weinviertel;+43 2943 3557;office@weingutzens.at;ÖWM-Betriebssuche
Zesch;Kirchenplatz 6;2172;Schrattenberg;AT;Niederösterreich;Weinviertel;+43 2557 23344;;ÖWM-Betriebssuche
Zeschitz;Eichhorn 18;2225;Zistersdorf;AT;Niederösterreich;Weinviertel;+43 2532 80934;;ÖWM-Betriebssuche
Zickl;Wienerstraße 10;2191;Gaweinstal;AT;Niederösterreich;Weinviertel;+43 2574 2128;office@zickl.at;ÖWM-Betriebssuche
Zierer;Badener Straße, 36;2352;Gumpoldskirchen;AT;Niederösterreich;Thermenregion;+43 664 3113739;zierer@weingut-zierer.at;ÖWM-Betriebssuche (Update bestehender Leadlisten-Eintrag)
Zierlinger (Oberer Markt);Oberer Markt 17;3541;Senftenberg;AT;Niederösterreich;Kremstal;+43 2719 2973;info@hotel-zierlinger.at;ÖWM-Betriebssuche
Zierlinger (Unterer Markt);Unterer Markt 28;3541;Senftenberg;AT;Niederösterreich;Kremstal;+43 2719 2973;;ÖWM-Betriebssuche
Zillinger;Hauptstraße 108;2251;Ebenthal;AT;Niederösterreich;Weinviertel;+43 650 9250984;zillinger.manuel@gmx.at;ÖWM-Betriebssuche
Zillinger Herbert;Hauptstrasse 17;2251;Ebenthal;AT;Niederösterreich;Weinviertel;+43 2538 85395;office@radikal.bio;ÖWM-Betriebssuche (Update bestehender Leadlisten-Eintrag)
Zillinger Johannes;Landstrasse 70;2245;Velm-Götzendorf;AT;Niederösterreich;Weinviertel;+43 676 6357881;zillinger@live.at;ÖWM-Betriebssuche
Zimmerl Ernst;Untermarkersdorf Zimmerl Ernst 67/ 68;2061;Hadres;AT;Niederösterreich;Weinviertel;+43 676 7255568;info@wein-zimmerl.at;ÖWM-Betriebssuche
Zimmermann (Dorfstraße);Dorfstraße 34;3711;Großmeiseldorf;AT;Niederösterreich;Weinviertel;+43 664 9106487;mathias_zimmermann@gmx.at;ÖWM-Betriebssuche
Zimmermann (Neustift im Felde);Neustift im Felde 32a;3470;Kirchberg am Wagram;AT;Niederösterreich;Wagram;+43 2279 2540;info@wein-zimmermann.at;ÖWM-Betriebssuche
Zimmermann (Radlbrunn);Radlbrunn 18;3710;Radlbrunn;AT;Niederösterreich;Weinviertel;+43 664 9284803;winzerhof@paulzimmermann.at;ÖWM-Betriebssuche (Update bestehender Leadlisten-Eintrag)
Zimmermann (Wienergasse);Wienergasse 17;2214;Auersthal;AT;Niederösterreich;Weinviertel;+43 2288 2540;;ÖWM-Betriebssuche
Zimmermann Alois;Obere Hauptstrasse 20;3494;Theiß;AT;Niederösterreich;Kremstal;+43 2735 8209;office@weingut-zimmermann.at;ÖWM-Betriebssuche (Update bestehender Leadlisten-Eintrag)
Zimmermann GmbH;Agnesstrasse 46 b;3400;Klosterneuburg;AT;Niederösterreich;Wagram;+43 2243 32257;weingut@weingut-zimmermann.com;ÖWM-Betriebssuche
Zinner Hauerhof;Hauptstrasse 15;3511;Furth bei Göttweig;AT;Niederösterreich;Kremstal;+43 2739 2217;info@hauerhof-zinner.at;ÖWM-Betriebssuche
Zirnsack;Schulgasse 14;2264;Sierndorf an der March;AT;Niederösterreich;Weinviertel;+43 680 1302627;office@zirnsack.com;ÖWM-Betriebssuche
Zissler;Hauptstraße 49;2264;Sierndorf an der March;AT;Niederösterreich;Weinviertel;+43 699 10721686;office@zissler.at;ÖWM-Betriebssuche
Ziß Karl;Winzerstrasse 16;3743;Röschitz;AT;Niederösterreich;Weinviertel;+43 676 3644732;office@ziss.at;ÖWM-Betriebssuche
Zonschits Rene;Feldgasse 362;2252;Angern an der March;AT;Niederösterreich;Weinviertel;+43 664 1724110;zonschits@angern.at;ÖWM-Betriebssuche
Zorn (Am Berg);Am Berg 22;3511;Furth bei Göttweig;AT;Niederösterreich;Kremstal;+43 2739 2536;weinhof_zorn@gmx.at;ÖWM-Betriebssuche
Zorn (Kremserstrasse);Kremserstrasse 15;3465;Königsbrunn am Wagram;AT;Niederösterreich;Wagram;+43 2278 2087;weingut.zorn@aon.at;ÖWM-Betriebssuche
Zottl;Weitenbergweg 105;3610;Weißenkirchen in der Wachau;AT;Niederösterreich;Wachau;+43 2715 2325;office@weingut-zottl.at;ÖWM-Betriebssuche
Zottlöderer;Sauerbrunngasse 49;3491;Straß im Straßertale;AT;Niederösterreich;Kamptal;+43 2735 5252;weingut@zottloederer.at;ÖWM-Betriebssuche
Zuckriegl;Dorfstraße 14;2074;Unterretzbach;AT;Niederösterreich;Weinviertel;+43 2942 28865;office@zuckriegl.at;ÖWM-Betriebssuche
Zull;Schrattenthal 9;2073;Schrattenthal;AT;Niederösterreich;Weinviertel;+43 2946 8217;office@zull.at;ÖWM-Betriebssuche (Update bestehender Leadlisten-Eintrag)
Zum Gruber;Mühlberggasse 3/ Pulkauerstrasse 640/2;3743;Röschitz;AT;Niederösterreich;Weinviertel;+43 2984 4000;heuriger@zumgruber.at;ÖWM-Betriebssuche
Zum Pammer;Bacharnsdorf 18;3621;Rossatz-Arnsdorf;AT;Niederösterreich;Wachau;+43 2714 6545;info@zumpammer.at;ÖWM-Betriebssuche
Zum Pranger;Kirchengasse 1;2352;Gumpoldskirchen;AT;Niederösterreich;Thermenregion;+43 681 81291881;kontakt@zumpranger.at;ÖWM-Betriebssuche
Zum Waldhäusl;Hauptstrasse 84;2504;Sooß;AT;Niederösterreich;Thermenregion;+43 2252 82660;h.waldh@gmx.at;ÖWM-Betriebssuche
Zur Sandgrube - Pasler;In der Sandgrube;2440;Reisenberg;AT;Niederösterreich;Carnuntum;+43 2234 80476;;ÖWM-Betriebssuche
Zuschmann KG;Winzerstraße 33;2223;Matzen-Raggendorf;AT;Niederösterreich;Weinviertel;+43 664 6370172;;ÖWM-Betriebssuche
Zuschmann- Schöfmann;Winzerstraße 52;2223;Martinsdorf;AT;Niederösterreich;Weinviertel;+43 2574 8428;office@zuschmann.at;ÖWM-Betriebssuche
Zwang;Matzner Straße 7;2221;Groß-Schweinbarth;AT;Niederösterreich;Weinviertel;+43 2289 2959;;ÖWM-Betriebssuche
ZwergZebuFarm Fritz;Wildendürnbach 56;2164;Wildendürnbach;AT;Niederösterreich;Weinviertel;+43 664 7875955;rush-the-king@gmx.at;ÖWM-Betriebssuche
Zöch (Hauptstraße);Hauptstraße 25;2102;Bisamberg;AT;Niederösterreich;Weinviertel;+43 664 9164473;info@weinbau-zoech.at;ÖWM-Betriebssuche
Zöch (Schalladorf);Schalladorf 32;2022;Immendorf;AT;Niederösterreich;Weinviertel;+43 664 5436840;;ÖWM-Betriebssuche
Zöchling (Hauptstraße);Hauptstraße 28;2524;Teesdorf;AT;Niederösterreich;Thermenregion;+43 676 3924939;h-zoechling@live.at;ÖWM-Betriebssuche
Zöchling (Teesdorfer Straße);Teesdorfer Straße 21;2523;Tattendorf;AT;Niederösterreich;Thermenregion;+43 2253 81449;alfred.zoechling@gmail.com;ÖWM-Betriebssuche
Zöchling Vinterra;Teesdorfer Str. 9;2525;Günselsdorf;AT;Niederösterreich;Thermenregion;+43 676 4620798;office@vinterra-zoechling.at;ÖWM-Betriebssuche
Zöchmann;Winzerstraße 4;3714;Roseldorf;AT;Niederösterreich;Weinviertel;+43 664 8398984;office@zoechmann.at;ÖWM-Betriebssuche
Zöchmann Johann;Neustiftgasse 11;3714;Sitzendorf an der Schmida;AT;Niederösterreich;Weinviertel;+43 680 3163666;weinbauzoechmann@gmx.net;ÖWM-Betriebssuche
Zöhrer (Oberstinkenbrunn);Oberstinkenbrunn 21;2023;Wullersdorf;AT;Niederösterreich;Weinviertel;+43 2953 23432;office@weingut-zoehrer.at;ÖWM-Betriebssuche
Zöhrer (Sandgrube);Sandgrube 1;3500;Krems an der Donau;AT;Niederösterreich;Kremstal;+43 2732 83191;weingut@zoehrer.at;ÖWM-Betriebssuche
Öfferl;Herrnzeile 165;2134;Staatz;AT;Niederösterreich;Weinviertel;+43 2524 3472;;ÖWM-Betriebssuche
Öhler;Hochstrasse 13;2221;Groß-Schweinbarth;AT;Niederösterreich;Weinviertel;+43 699 14163227;johannes-oehler@msn.com;ÖWM-Betriebssuche
Öller;Kirchensteig 4;2054;Haugsdorf;AT;Niederösterreich;Weinviertel;+43 2944 2415;;ÖWM-Betriebssuche
Österreicher (Bahngasse);Bahngasse 19;2511;Pfaffstätten;AT;Niederösterreich;Thermenregion;+43 2252 42352;;ÖWM-Betriebssuche
Österreicher (Hauptplatz);Hauptplatz 7;2511;Pfaffstätten;AT;Niederösterreich;Thermenregion;+43 2252 85053;office@weingut-oesterreicher.at;ÖWM-Betriebssuche
Österreicher (Oberfladnitz);Oberfladnitz 37;2081;Niederfladnitz;AT;Niederösterreich;Weinviertel;+43 664 88425352;andi.oesterreicher@gmx.at;ÖWM-Betriebssuche
Özelt;Kirchenplatz 3;3620;Spitz;AT;Niederösterreich;Wachau;+43 2713 2302;office@weingut-oezelt.at;ÖWM-Betriebssuche
Überacker;Wienerstrasse 79;3481;Fels am Wagram;AT;Niederösterreich;Wagram;+43 664 1542304;info@ueberacker.at;ÖWM-Betriebssuche
