Name;Straße;PLZ;Ort;Land;Betriebsstandort;Region;Telefon;E-Mail;Quelle
2Leser;Elisabethgasse 59;7301;Deutschkreutz;AT;Burgenland;Mittelburgenland;+43 2613 89214;office@2leser.at;ÖWM-Betriebssuche
3mäderlhaus schrammel;Am Anger 17;7122;Gols;AT;Burgenland;Neusiedlersee;+43 2173 3111;wine@weingut-schrammel.at;ÖWM-Betriebssuche
ANDERT - WEIN;Lerchenweg 16;7152;Pamhagen;AT;Burgenland;Neusiedlersee;+43 680 5515472;michael@andert-wein.at;ÖWM-Betriebssuche
A-Nobis Sektkellerei N. Szigeti;Am Anger 31;7122;Gols;AT;Burgenland;Neusiedlersee;+43 2173 20899;sekt@a-nobis.at;ÖWM-Betriebssuche
Achs (Feldgasse);Feldgasse 13;7071;Rust;AT;Burgenland;Ruster Ausbruch;+43 2685 63024;;ÖWM-Betriebssuche
Achs (Am Goldberg);Am Goldberg 15;7122;Gols;AT;Burgenland;Neusiedlersee;+43 2173 2521;;ÖWM-Betriebssuche
Achs (Obere Quergasse);Obere Quergasse 4;7122;Gols;AT;Burgenland;Neusiedlersee;+43 2173 2781;;ÖWM-Betriebssuche
Achs (Gols am Berg);Gols am Berg 9;7122;Gols;AT;Burgenland;Neusiedlersee;+43 2173 2412;;ÖWM-Betriebssuche
Paul Achs;Neubaugasse 13;7122;Gols;AT;Burgenland;Neusiedlersee;+43 2173 23670;office@paul-achs.com;ÖWM-Betriebssuche
Achs Werner;Goldberg 5;7122;Gols;AT;Burgenland;Neusiedlersee;+43 2173 23900;kontakt@wernerachs.at;ÖWM-Betriebssuche
Achs-Wendelin Weine;Neustiftgasse 77;7122;Gols;AT;Burgenland;Neusiedlersee;+43 699 19924284;office@achs-wendelin.at;ÖWM-Betriebssuche
Ackermann;Hauptstrasse 71;7082;Donnerskirchen;AT;Burgenland;Leithaberg;+43 2683 8344;;ÖWM-Betriebssuche
Adrian;Wallernerstraße 29;7143;Apetlon;AT;Burgenland;Neusiedlersee;+43 699 10849448;office@weingut-adrian.at;ÖWM-Betriebssuche
Agerlhof;Untere Hauptstrasse 15;7093;Jois;AT;Burgenland;Leithaberg;+43 699 14052222;weingut@agerlhof.at;ÖWM-Betriebssuche
Alfons;Seestrasse 16;7091;Breitenbrunn;AT;Burgenland;Leithaberg;+43 2683 2021;;ÖWM-Betriebssuche
Allacher;Bahngasse 15;7122;Gols;AT;Burgenland;Neusiedlersee;+43 650 9848950;gerhard@weingut-allacher.at;ÖWM-Betriebssuche
Allacher Rainer KG;Neustiftgasse 69;7122;Gols;AT;Burgenland;Neusiedlersee;+43 2173 2304;office@winzerhof-allacher.at;ÖWM-Betriebssuche
Allacher Vinum Pannonia;Salzbergweg 4;7122;Gols;AT;Burgenland;Neusiedlersee;+43 2173 3380;wein@allacher.com;ÖWM-Betriebssuche
Altenburger;Auflangenweg 1;7093;Jois;AT;Burgenland;Leithaberg;+43 2160 7268;;ÖWM-Betriebssuche
Altenburger J. & L.;Neusiedlerstrasse 41;7141;Podersdorf am See;AT;Burgenland;Neusiedlersee;+43 2177 2706;;ÖWM-Betriebssuche
Altenburger Markus;Untere Hauptstrasse 62;7093;Jois;AT;Burgenland;Leithaberg;+43 2160 71089;contact@markusaltenburger.com;ÖWM-Betriebssuche
Amelin;Hauptstrasse 18;7092;Winden am See;AT;Burgenland;Leithaberg;;;ÖWM-Betriebssuche
Amon;Mühlgasse 17;7123;Mönchhof;AT;Burgenland;Neusiedlersee;;;ÖWM-Betriebssuche
Domaine Andau;Dammweg 1;7163;Andau;AT;Burgenland;Neusiedlersee;+43 2176 2181;office@domaine-andau.at;ÖWM-Betriebssuche
Andert (Söllnergasse);Söllnergasse 5;7152;Pamhagen;AT;Burgenland;Neusiedlersee;+43 2174 25573;;ÖWM-Betriebssuche
Andert (Wasserzeile);Wasserzeile 45;7143;Apetlon;AT;Burgenland;Neusiedlersee;+43 699 12242161;josef.andert@utanet.at;ÖWM-Betriebssuche
Andert (Hauptstrasse);Hauptstrasse 63;7152;Pamhagen;AT;Burgenland;Neusiedlersee;+43 699 17118911;andertm@gmx.at;ÖWM-Betriebssuche
Andreashof Lang;Hauptstraße 99;7072;Mörbisch am See;AT;Burgenland;Leithaberg;+43 2685 8352;;ÖWM-Betriebssuche
Andrelhof;Obere Quergasse 24;7122;Gols;AT;Burgenland;Neusiedlersee;+43 2173 2369;allacher@andrelhof.at;ÖWM-Betriebssuche
Ankerl;Weinberggasse 3;7052;Müllendorf;AT;Burgenland;Leithaberg;+43 2682 61192;ambros.ankerl@gmx.at;ÖWM-Betriebssuche
Anscheringer-Rath;Josef Haydn Gasse 25;7091;Breitenbrunn;AT;Burgenland;Leithaberg;+43 2683 2578;;ÖWM-Betriebssuche
Arachon T.FX.T;;7423;Pinkafeld;AT;Burgenland;Südburgenland;+43 3357 42367;office@arachon.com;ÖWM-Betriebssuche
Arkadenhof Mandl-Brunner;Lindengasse 7;7471;Rechnitz;AT;Burgenland;Südburgenland;+43 664 9161059;office@arkadenhofmandl.at;ÖWM-Betriebssuche
Art of Wine GmbH;Untere Hauptstraße 11;7093;Jois;AT;Burgenland;Leithaberg;+43 664 6464147;alex@austrian.wine;ÖWM-Betriebssuche
Artinger;Zum Alten Stadttor 3;7071;Rust;AT;Burgenland;Ruster Ausbruch;;;ÖWM-Betriebssuche
Artisan Wines - DI Franz Schneider;Erzherzog- Friedrichstraße 19;7131;Halbturn;AT;Burgenland;Neusiedlersee;+43 699 10814930;franz@artisanwines.at;ÖWM-Betriebssuche
Artner (Hauptstrasse);Hauptstrasse 52;7062;St.Margarethen i.Burgenland;AT;Burgenland;Leithaberg;+43 2680 2389;;ÖWM-Betriebssuche
Artner (Girmerstraße);Girmerstraße 56;7301;Deutschkreutz;AT;Burgenland;Mittelburgenland;+43 664 3820160;office@weingut-artner.at;ÖWM-Betriebssuche
Artner (Feldgasse);Feldgasse 11;7071;Rust;AT;Burgenland;Ruster Ausbruch;;;ÖWM-Betriebssuche
Artner Winzerfamilie;Flurgasse 11;7062;St.Margarethen i.Burgenland;AT;Burgenland;Leithaberg;+43 664 4023099;josef@artner-wein.at;ÖWM-Betriebssuche
Ascher;Moschendorf 7;7540;Krottendorf;AT;Burgenland;Südburgenland;;;ÖWM-Betriebssuche
Astel;Moschendorf 103;7540;Krottendorf;AT;Burgenland;Südburgenland;;;ÖWM-Betriebssuche
Auer (Untere Hauptstrasse);Untere Hauptstrasse 63;7093;Jois;AT;Burgenland;Leithaberg;+43 2160 8388;auer.werner@bnet.at;ÖWM-Betriebssuche
Auer (Bundesstrasse);Bundesstrasse 28;7093;Jois;AT;Burgenland;Leithaberg;+43 664 5419003;office@auer.or.at;ÖWM-Betriebssuche
Aurum Vitis GmbH;;7122;Gols;AT;Burgenland;Neusiedlersee;;contact@aurum-vitis.com;ÖWM-Betriebssuche
BIOHERZOG - Wein & Land;Weinberggasse 1;7122;Gols;AT;Burgenland;Neusiedlersee;+43 669 10707329;office@bioherzog.at;ÖWM-Betriebssuche
Bachkönig Rudolf;Ödenburgerstrasse 11;7071;Rust;AT;Burgenland;Ruster Ausbruch;+43 2685 6236;weingut-bachkoenig@gmx.at;ÖWM-Betriebssuche
Back to Eden;Obere Hauptstrasse 48;7122;Gols;AT;Burgenland;Neusiedlersee;+43 2173 2342;office@backtoeden.at;ÖWM-Betriebssuche
Bader;Günser Strasse 6;7312;Horitschon;AT;Burgenland;Mittelburgenland;;;ÖWM-Betriebssuche
Bader Wein;Florianigasse 26;7312;Horitschon;AT;Burgenland;Mittelburgenland;+43 664 75038152;office@baderwein.at;ÖWM-Betriebssuche
Balogh;Hannersdorf Nr.78;7473;Hannersdorf;AT;Burgenland;Südburgenland;+43 3364 2968;;ÖWM-Betriebssuche
Barilich;Hauptstrasse 10;7064;Oslip;AT;Burgenland;Leithaberg;+43 2684 2111;;ÖWM-Betriebssuche
Bartolich;Dr. Ratzg. 11;7071;Rust;AT;Burgenland;Ruster Ausbruch;;;ÖWM-Betriebssuche
Batthyány;Waldgebiet 636;7471;Rechnitz;AT;Burgenland;Südburgenland;+43 3363 79201;wein@weingut-batthyany.at;ÖWM-Betriebssuche
Bauer (Neugasse);Neugasse 4;7312;Horitschon;AT;Burgenland;Mittelburgenland;+43 2610 2371;;ÖWM-Betriebssuche
Bauer (Untere Hauptstrasse);Untere Hauptstrasse 24;2443;Leithaprodersdorf;AT;Burgenland;Neusiedlersee;+43 2255 6264;;ÖWM-Betriebssuche
Bauer (Gartenweg);Gartenweg 1;7142;Illmitz;AT;Burgenland;Neusiedlersee;+43 2175 3428;hans.bauer@a1.net;ÖWM-Betriebssuche
Bauer Hans;Bachzeile 24;7025;Pöttelsdorf;AT;Burgenland;Leithaberg;+43 2626 50123;bauer@wein-prosciutto.at;ÖWM-Betriebssuche
Bauer-Pöltl;Brunnenweg 1;7312;Horitschon;AT;Burgenland;Mittelburgenland;+43 2610 43226;weinhof@bauerpoeltl.at;ÖWM-Betriebssuche
Heribert Bayer In Signo Leonis;Wirtschaftspark 5;7311;Neckenmarkt;AT;Burgenland;Mittelburgenland;+43 2610 42644;bayer@weinfreund.at;ÖWM-Betriebssuche
St. Bayer;Seepark-Feriendorf 1;7121;Weiden am See;AT;Burgenland;Neusiedlersee;+43 699 10620478;info@stbayer.wine;ÖWM-Betriebssuche
Bayer-Erbhof;Hauptstrasse 50;7082;Donnerskirchen;AT;Burgenland;Leithaberg;+43 664 88624336;weingut@bayer-erbhof.at;ÖWM-Betriebssuche
Beck (In den Reben);In den Reben 1;7122;Gols;AT;Burgenland;Neusiedlersee;+43 2173 2755;judith@weingut-beck.at;ÖWM-Betriebssuche
Beck (Kellergasse);Kellergasse 4a;7122;Gols;AT;Burgenland;Neusiedlersee;+43 2173 20021;info@weingut-beck.net;ÖWM-Betriebssuche
Behm;Moschendorf 162;7540;Krottendorf;AT;Burgenland;Südburgenland;;weinbau.beilschmidt@gmx.at;ÖWM-Betriebssuche
Bellosits;Hauptstrasse 18;7011;Siegendorf;AT;Burgenland;Leithaberg;+43 2687 84913;;ÖWM-Betriebssuche
Benzer;Dt. Tschantschendorf 138;7544;Tobaj;AT;Burgenland;Südburgenland;+43 664 88667165;wbenzer@cable.vol.at;ÖWM-Betriebssuche
Berger;Hauptstrasse 30;7082;Donnerskirchen;AT;Burgenland;Leithaberg;+43 2683 8207;mail@weingut-berger.at;ÖWM-Betriebssuche
Berger Leginthov;Raiffeisenplatz 10;7123;Mönchhof;AT;Burgenland;Neusiedlersee;+43 2173 80381;wein@leginthov.at;ÖWM-Betriebssuche
Berger-Striok;Eisenstädter Strasse 28;7082;Donnerskirchen;AT;Burgenland;Leithaberg;+43 2683 8532;;ÖWM-Betriebssuche
Berlakovich;Obere Hauptstrasse 41;7304;Großwarasdorf;AT;Burgenland;Mittelburgenland;;;ÖWM-Betriebssuche
Nittnaus Bernd;Obere Hauptstrasse 34;7122;Gols;AT;Burgenland;Neusiedlersee;+43 2173 2359;info@nittnaus-wein.at;ÖWM-Betriebssuche
Bernthaler;Neustiftgasse 60;7122;Gols;AT;Burgenland;Neusiedlersee;;;ÖWM-Betriebssuche
Bernthaler + Bernthaler;Untere Hauptstrasse 116;7122;Gols;AT;Burgenland;Neusiedlersee;+43 664 9208660;bernthaler@gmx.at;ÖWM-Betriebssuche
Bettendorf;Weingartenweg 5;7082;Donnerskirchen;AT;Burgenland;Leithaberg;+43 2683 8677;;ÖWM-Betriebssuche
Bichler;Sätzgasse 22;7083;Purbach am Neusiedler See;AT;Burgenland;Leithaberg;+43 2683 5410;office@b-z.at;ÖWM-Betriebssuche
Binder;Domplatz 10;7000;Eisenstadt;AT;Burgenland;Leithaberg;+43 2682 62673;;ÖWM-Betriebssuche
Binder-Wendelin;Neustiftgasse 30-32;7122;Gols;AT;Burgenland;Neusiedlersee;+43 2173 2459;weingut@binder-wendelin.at;ÖWM-Betriebssuche
Bio-Weingut Reiger;Untere Kellergasse 1;7474;Eisenberg an der Pinka;AT;Burgenland;Südburgenland;+43 3365 2346;weingut@reiger.cc;ÖWM-Betriebssuche
Biohof Lang;Erzherzog Friedrich Strasse 13;7131;Halbturn;AT;Burgenland;Neusiedlersee;+43 2172 8765;info@weingut-biohoflang.com;ÖWM-Betriebssuche
Biricz;Obere Hauptstrasse 67;7304;Großwarasdorf;AT;Burgenland;Mittelburgenland;+43 2614 2613;;ÖWM-Betriebssuche
Ioan u. Rodica Birtoc;Seestraße 17;7141;Podersdorf am See;AT;Burgenland;Neusiedlersee;+43 699 19711208;wein.birtoc@gmail.com;ÖWM-Betriebssuche
Bleich (Marktplatz);Marktplatz 11;7152;Pamhagen;AT;Burgenland;Neusiedlersee;+43 2175 2965;;ÖWM-Betriebssuche
Bleich (Weinzeile);Weinzeile 4;7072;Mörbisch am See;AT;Burgenland;Leithaberg;;;ÖWM-Betriebssuche
Bohnenstingl;Bahnstraße 22;7091;Breitenbrunn;AT;Burgenland;Leithaberg;+43 676 5700459;info@weinbau-bohnenstingl.at;ÖWM-Betriebssuche
Bors;Raiffeisenstrasse 3;7152;Pamhagen;AT;Burgenland;Neusiedlersee;+43 2174 2162;;ÖWM-Betriebssuche
Bradl (Widderweg);Widderweg 4/7;7503;Großpetersdorf;AT;Burgenland;Südburgenland;+43 664 2243023;weinbau.bradl@gmail.com;ÖWM-Betriebssuche
Bradl (Prangergasse);Prangergasse 3a/3;7471;Rechnitz;AT;Burgenland;Südburgenland;+43 664 2185490;weinbau.bradl@gmail.com;ÖWM-Betriebssuche
Braunschmidt (Franz-Liszt-Gasse);Franz-Liszt-Gasse 7;7123;Mönchhof;AT;Burgenland;Neusiedlersee;;;ÖWM-Betriebssuche
Braunschmidt (Kirchenplatz);Kirchenplatz 7;7123;Mönchhof;AT;Burgenland;Neusiedlersee;+43 2173 80577;;ÖWM-Betriebssuche
Birgit Braunstein;Hauptgasse 18;7083;Purbach am Neusiedler See;AT;Burgenland;Leithaberg;+43 2683 5913;office@weingut-braunstein.at;ÖWM-Betriebssuche
Brenner;Nr. 218;7473;Hannersdorf;AT;Burgenland;Südburgenland;;;ÖWM-Betriebssuche
Bruckner Helmut;Obere Hauptstrasse 98;7122;Gols;AT;Burgenland;Neusiedlersee;+43 699 11727813;office@bruckner-wein.at;ÖWM-Betriebssuche
Bruckner Reinhard;Neubaugasse 16;7122;Gols;AT;Burgenland;Neusiedlersee;+43 664 5121753;reinhard@weinbau-bruckner.at;ÖWM-Betriebssuche
Brunnäcker;Schmalkräftengasse 16;7083;Purbach am Neusiedler See;AT;Burgenland;Leithaberg;+43 2683 5486;;ÖWM-Betriebssuche
Brüder Schmidt;Seestrasse 61;7141;Podersdorf am See;AT;Burgenland;Neusiedlersee;+43 2177 2106;info@agschmidt.at;ÖWM-Betriebssuche
Burda GmbH Christian & Raimund;Untere Hauptstraße 161;7122;Gols;AT;Burgenland;Neusiedlersee;+43 2173 2131;kellerei@burda-weine.at;ÖWM-Betriebssuche
Böcskei;Hauptstrasse 29;7092;Winden am See;AT;Burgenland;Leithaberg;+43 676 9423770;boecskei@kabelplus.at;ÖWM-Betriebssuche
Böcskör;Nr. 32;7473;Burg;AT;Burgenland;Südburgenland;;;ÖWM-Betriebssuche
Böhm;Kirchengasse 32;7143;Apetlon;AT;Burgenland;Neusiedlersee;+43 2175 3405;;ÖWM-Betriebssuche
Böhm Herbert;Seestrasse 7;7100;Neusiedl am See;AT;Burgenland;Neusiedlersee;+43 2167 2816;office@weingut-boehm.at;ÖWM-Betriebssuche
Ceel;Hauptstraße 2;7071;Rust;AT;Burgenland;Ruster Ausbruch;+43 664 9579448;office@weingut-ceel.at;ÖWM-Betriebssuche
Christian Patrick Kluiber Uhudlerweinbau;Am Hochberg 21;7563;Königsdorf;AT;Burgenland;Südburgenland;+43 699 19437914;office@uhudler-online.at;ÖWM-Betriebssuche
Tschida Christian;Seegasse 36;7142;Illmitz;AT;Burgenland;Neusiedlersee;+43 2175 24158;office@christiantschida.at;ÖWM-Betriebssuche
Club Batonnage;Apetlonerstraße 23;7142;Illmitz;AT;Burgenland;Neusiedlersee;+43 2175 24158;hedonismus@aon.at;ÖWM-Betriebssuche
Conrad;Rathausplatz 2;7071;Rust;AT;Burgenland;Ruster Ausbruch;+43 664 1814033;office@conrad-wein.at;ÖWM-Betriebssuche
Csatlos;Stiftgasse 2;7092;Winden am See;AT;Burgenland;Leithaberg;;;ÖWM-Betriebssuche
Csencsits (Burg);Burg 128;7473;Burg;AT;Burgenland;Südburgenland;+43 3364 2784;info@weinbau-csencsits.at;ÖWM-Betriebssuche
Csencsits (Deutsch-Ehrensdorf);Deutsch-Ehrensdorf 3;7522;Strem;AT;Burgenland;Südburgenland;+43 3323 2020;;ÖWM-Betriebssuche
Thomas Cvitkovich;Obere Hauptstrasse 14b;7061;Trausdorf an der Wulka;AT;Burgenland;Leithaberg;+43 2682 62278;office@traudls-heuriger.at;ÖWM-Betriebssuche
Daniel Lorenschitz;Untere Hauptstrasse 30;7162;Tadten;AT;Burgenland;Neusiedlersee;+43 699 10710735;office@lorenschitz.at;ÖWM-Betriebssuche
Weingut zur Dankbarkeit;P. A. Winklergasse 30;7141;Podersdorf am See;AT;Burgenland;Neusiedlersee;+43 676 9277015;weingut@dankbarkeit.at;ÖWM-Betriebssuche
Decker;Kasernenstrasse 22;7540;Güssing;AT;Burgenland;Südburgenland;;;ÖWM-Betriebssuche
Denk;Stefaniegasse 23;7062;St.Margarethen i.Burgenland;AT;Burgenland;Leithaberg;;;ÖWM-Betriebssuche
Depauly;Saliterhof 18;7100;Neusiedl am See;AT;Burgenland;Neusiedlersee;+43 2167 3717;;ÖWM-Betriebssuche
Destillerie-Weingut Stiegelmar;Obere Hauptstrasse 40;7122;Gols;AT;Burgenland;Neusiedlersee;+43 2173 2492;;ÖWM-Betriebssuche
Deutsch (Nr.);Nr.15;7473;Hannersdorf;AT;Burgenland;Südburgenland;;;ÖWM-Betriebssuche
Deutsch (Kirchengasse);Kirchengasse 25;7152;Pamhagen;AT;Burgenland;Neusiedlersee;;kontakt@deutschkreutzerwein.at;ÖWM-Betriebssuche
Die Ruster Weinbauern;Weinberggasse 19;7071;Rust;AT;Burgenland;Ruster Ausbruch;+43 2685 368;harald.tremmel@gmx.at;ÖWM-Betriebssuche
Die Winzerinnen vom See GmbH;Hofrat Achs Weg 15;7122;Gols;AT;Burgenland;Neusiedlersee;+43 2173 20060;prost@golserwein.at;ÖWM-Betriebssuche
Do & Jo Weinbox;Hauptstraße 43;7141;Podersdorf am See;AT;Burgenland;Neusiedlersee;+43 676 6369012;;ÖWM-Betriebssuche
Dobrovits;Untere Hauptstraße 24;7041;Wulkaprodersdorf;AT;Burgenland;Leithaberg;+43 2687 62975;;ÖWM-Betriebssuche
Dombi-Weiss;Seestraße 5;7141;Podersdorf am See;AT;Burgenland;Neusiedlersee;+43 2177 2359;office@dombi-weiss.com;ÖWM-Betriebssuche
Domus-Auriga;Obere Hauptstrasse 20;7121;Weiden am See;AT;Burgenland;Neusiedlersee;+43 2167 7517;;ÖWM-Betriebssuche
Dorner;Feldgasse 13;7301;Deutschkreutz;AT;Burgenland;Mittelburgenland;+43 664 3810356;office@weinbau-dorner.com;ÖWM-Betriebssuche
Dorner Willibald;Obere Kellergasse;7474;Deutsch Schützen-Eisenberg;AT;Burgenland;Südburgenland;+43 664 3125353;weinbau.dorner.willi@gmx.at;ÖWM-Betriebssuche
Dr. Ernesto Franz;Baumgartengasse 11;7071;Rust;AT;Burgenland;Ruster Ausbruch;+43 2685 60704;weingut@elfenhof.at;ÖWM-Betriebssuche
Dulmovits;Hummergraben;7474;Deutsch Schützen-Eisenberg;AT;Burgenland;Südburgenland;+43 3362 215521;;ÖWM-Betriebssuche
Dunst;Nr.20;7473;Hannersdorf;AT;Burgenland;Südburgenland;;;ÖWM-Betriebssuche
Duschanek;Hauptstrasse 104;7312;Horitschon;AT;Burgenland;Mittelburgenland;+43 2610 42206;danielduschanek@gmail.com;ÖWM-Betriebssuche
Döller-Probuskeller;Untere Hauptstrasse 129;7201;Neudörfl;AT;Burgenland;Rosalia;+43 2622 77440;office@doeller-probuskeller.at;ÖWM-Betriebssuche
EHE Krauscher;Hauptstrasse 32;7051;Großhöflein;AT;Burgenland;Leithaberg;+43 676 4959612;krauscher@krauscher.at;ÖWM-Betriebssuche
Eberhardt;Nr.25;7473;Hannersdorf;AT;Burgenland;Südburgenland;;;ÖWM-Betriebssuche
Eberherr Jörn und Elvira;Hauptstrasse 116;7062;St.Margarethen i.Burgenland;AT;Burgenland;Leithaberg;+43 664 4031232;weingut@eberherr.at;ÖWM-Betriebssuche
Ecker;Oggauerstrasse 4;7071;Rust;AT;Burgenland;Ruster Ausbruch;+43 2685 292;;ÖWM-Betriebssuche
Edelhof;Hauptplatz 6 Edelhof;7093;Jois;AT;Burgenland;Leithaberg;+43 664 2548391;wetschka@bioweingut-edelhof.at;ÖWM-Betriebssuche
Edelhof Skerlan Matthias;Hauptplatz 20;2421;Kittsee;AT;Burgenland;Neusiedlersee;+43 2143 2248;;ÖWM-Betriebssuche
Edelmeier;Am Berg 16;7122;Gols;AT;Burgenland;Neusiedlersee;+43 2173 2792;edelmeier@aon.at;ÖWM-Betriebssuche
Eder am Spitz;Kreuzstraße 6 / 8;2443;Leithaprodersdorf;AT;Burgenland;Neusiedlersee;+43 669 10841386;michibauer1979@gmail.com;ÖWM-Betriebssuche
Egermann;Neustiftgasse 50;7123;Mönchhof;AT;Burgenland;Neusiedlersee;;office@weingut-egermann.at;ÖWM-Betriebssuche
Egermann Alexander;Apetlonerstrasse 28;7142;Illmitz;AT;Burgenland;Neusiedlersee;+43 2175 3293;wein@alexander-egermann.at;ÖWM-Betriebssuche
Ehn;Bahnstrasse 8;7082;Donnerskirchen;AT;Burgenland;Leithaberg;+43 2683 8445;;ÖWM-Betriebssuche
Ehrenreiter;Kirchengasse 24;7091;Breitenbrunn;AT;Burgenland;Leithaberg;+43 2683 2797;;ÖWM-Betriebssuche
Eichenwald Weine eGen.;Günser Straße 54 u. 60;7312;Horitschon;AT;Burgenland;Mittelburgenland;+43 2610 42321;office@eichenwald.at;ÖWM-Betriebssuche
Eiweck;Bergstrasse 8;7000;Eisenstadt;AT;Burgenland;Leithaberg;;;ÖWM-Betriebssuche
Elfenhof;Baumgartengasse 11;7071;Rust;AT;Burgenland;Ruster Ausbruch;+43 2685 60704;office@elfenhof.at;ÖWM-Betriebssuche
Enz;Sportplatzgasse 1a;7121;Weiden am See;AT;Burgenland;Neusiedlersee;+43 2167 7334;;ÖWM-Betriebssuche
Erbhof Nährer;St. Georgener Haupstrasse 24;7000;Eisenstadt;AT;Burgenland;Leithaberg;+43 2682 64430;weine@erbhof-naehrer.at;ÖWM-Betriebssuche
Erdt;Hauptstrasse 128;7051;Großhöflein;AT;Burgenland;Leithaberg;+43 2682 62826;;ÖWM-Betriebssuche
Erdödy'sche Schlosskellerei Kohfidisch;Schloss Kohfidisch;7512;Kohfidisch;AT;Burgenland;Südburgenland;+43 3366 77202;;ÖWM-Betriebssuche
Ernst;Neubaugasse 21;7301;Deutschkreutz;AT;Burgenland;Mittelburgenland;+43 664 3860220;info@weinguternst.at;ÖWM-Betriebssuche
Eschenhof;Eschengasse 11;7072;Mörbisch am See;AT;Burgenland;Leithaberg;+43 2685 8344;fiedler@weingut-eschenhof.at;ÖWM-Betriebssuche
Esterházy;Trausdorf 1;7061;Trausdorf an der Wulka;AT;Burgenland;Leithaberg;+43 2682 63348;weingut@esterhazywein.at;ÖWM-Betriebssuche
Etl;Untere Hauptstrasse 2;7162;Tadten;AT;Burgenland;Neusiedlersee;+43 2176 2317;;ÖWM-Betriebssuche
Etl wine and spirits GmbH;Erzherzog Friedrich Straße 54;7131;Halbturn;AT;Burgenland;Neusiedlersee;+43 699 11353068;office@weingut-etl.at;ÖWM-Betriebssuche
Ettl (Seestrasse 77);Seestrasse 77;7141;Podersdorf am See;AT;Burgenland;Neusiedlersee;;office@weinbau-pension-ettl.com;ÖWM-Betriebssuche
Ettl (Seestrasse 48);Seestrasse 48;7141;Podersdorf am See;AT;Burgenland;Neusiedlersee;+43 2177 2483;office@bioweingut-ettl.at;ÖWM-Betriebssuche
Fabsits;Woppendorf 19;7473;Hannersdorf;AT;Burgenland;Südburgenland;+43 3364 2873;;ÖWM-Betriebssuche
The Fabulous Winery;Herrengasse 14;7072;Mörbisch am See;AT;Burgenland;Leithaberg;+43 660 1919602;cheers@fab.wine;ÖWM-Betriebssuche
Fam. Zistler Blaufränkischhof;Langegasse 21;7301;Deutschkreutz;AT;Burgenland;Mittelburgenland;+43 2613 89642;office@zistler-rot.com;ÖWM-Betriebssuche
Familie Schmidt OTS;Landsatzgasse 11;7083;Purbach am;AT;Burgenland;Leithaberg;+43 2683 5594;neusiedlerseeots@aon.at;ÖWM-Betriebssuche
Fasching;Hauptstrasse 124;7063;Oggau am Neusiedler See;AT;Burgenland;Leithaberg;+43 2685 7706;paul.fasching@svb.at;ÖWM-Betriebssuche
Feiler-Artinger;Hauptstrasse 3;7071;Rust;AT;Burgenland;Ruster Ausbruch;+43 2685 237;office@feiler-artinger.at;ÖWM-Betriebssuche
Fekete;Hauptplatz 19;7100;Neusiedl am See;AT;Burgenland;Neusiedlersee;;;ÖWM-Betriebssuche
Fenk jun.;Hauptstrasse 99;7051;Großhöflein;AT;Burgenland;Leithaberg;;;ÖWM-Betriebssuche
Ferstl-Josk;Haschendorf 46;7311;Neckenmarkt;AT;Burgenland;Mittelburgenland;+43 664 1432176;weinbau.ferstl-josk@aon.at;ÖWM-Betriebssuche
Fetter;Gartengasse 23;7122;Gols;AT;Burgenland;Neusiedlersee;+43 2173 321112;;ÖWM-Betriebssuche
Fichtenbauer;Hauptstraße 53;2413;Edelstal;AT;Burgenland;Neusiedlersee;+43 2145 2049;;ÖWM-Betriebssuche
Filipich;Wiesengasse 15;7064;Oslip;AT;Burgenland;Leithaberg;+43 2684 2100;;ÖWM-Betriebssuche
Fink;Bahnstrasse 66;7151;Wallern im Burgenland;AT;Burgenland;Neusiedlersee;+43 2174 2384;weingut@fink.at;ÖWM-Betriebssuche
Fink Hermann;Hauptstrasse 78;7051;Großhöflein;AT;Burgenland;Leithaberg;+43 2682 64376;office@hermann-fink.at;ÖWM-Betriebssuche
Fischbach (Hauptstrasse);Hauptstrasse 13;7092;Winden am See;AT;Burgenland;Leithaberg;+43 2160 7462;;ÖWM-Betriebssuche
Fischbach (Obere Hauptstrasse);Obere Hauptstrasse 51-53;7100;Neusiedl am See;AT;Burgenland;Neusiedlersee;+43 2167 20871;weingut@fischbachwein.at;ÖWM-Betriebssuche
Fischbach (Quellengasse);Quellengasse 23;7122;Gols;AT;Burgenland;Neusiedlersee;;;ÖWM-Betriebssuche
Fischbach (Unt. Hauptstrasse);Unt. Hauptstrasse 5;7093;Jois;AT;Burgenland;Leithaberg;+43 2160 7295;ingridfischbach@hotmail.com;ÖWM-Betriebssuche
Alfred Fischer GmbH;Rosenthalgasse 2- 6;7023;Stöttera;AT;Burgenland;Leithaberg;+43 2626 5238;weingut@alfredfischer.at;ÖWM-Betriebssuche
Fischl (Kinogasse);Kinogasse 8;7072;Mörbisch am See;AT;Burgenland;Leithaberg;+43 2685 6428;;ÖWM-Betriebssuche
Fischl (Kirchengasse);Kirchengasse 1;7071;Rust;AT;Burgenland;Ruster Ausbruch;+43 2685 294;;ÖWM-Betriebssuche
Fixl;Burg-Hannersdorf 53;7473;Hannersdorf;AT;Burgenland;Südburgenland;+43 3364 2876;;ÖWM-Betriebssuche
Fixl Juliana und Josef;Burg Nr. 135;7473;Burg;AT;Burgenland;Südburgenland;+43 3364 2353;;ÖWM-Betriebssuche
Flat Lake GmbH;Hill 1;7093;Jois;AT;Burgenland;Leithaberg;+43 2160 831716;office@flat-lake.at;ÖWM-Betriebssuche
Flatischler;Hauptstrasse 94-96;7201;Neudörfl;AT;Burgenland;Rosalia;;;ÖWM-Betriebssuche
Fleischhacker (Untere Hauptstraße);Untere Hauptstraße 77;7122;Gols;AT;Burgenland;Neusiedlersee;+43 650 2858304;office@fleischhacker-weine.at;ÖWM-Betriebssuche
Fleischhacker (Apetloner Strasse);Apetloner Strasse 45;7142;Illmitz;AT;Burgenland;Neusiedlersee;+43 2175 2112;;ÖWM-Betriebssuche
Fleischhacker (Spinngasse);Spinngasse 1;7143;Apetlon;AT;Burgenland;Neusiedlersee;+43 2175 2833;;ÖWM-Betriebssuche
Flonner;Hauptstrasse 163;7062;St.Margarethen i.Burgenland;AT;Burgenland;Leithaberg;;;ÖWM-Betriebssuche
Follner;Anzengruberstraße 77;1140;Wien;AT;Burgenland;;+43 664 73472770;office@follner.com;ÖWM-Betriebssuche
Foltin Franz;Hauptgasse 2;7083;Purbach am Neusiedler See;AT;Burgenland;Leithaberg;+43 2145 2780;;ÖWM-Betriebssuche
Frank;Sandgasse 1;7142;Illmitz;AT;Burgenland;Neusiedlersee;+43 664 4125707;reiterweingut@aon.at;ÖWM-Betriebssuche
Franschitz;Brunnenweg 6;7312;Horitschon;AT;Burgenland;Mittelburgenland;+43 2610 3139;weinundsein@gmx.at;ÖWM-Betriebssuche
Freiberger;Lisztstrasse 18;7321;Raiding;AT;Burgenland;Mittelburgenland;;;ÖWM-Betriebssuche
Freitag (Hauptplatz);Hauptplatz 21;7093;Jois;AT;Burgenland;Leithaberg;+43 2160 354;;ÖWM-Betriebssuche
Freitag (Kirchengasse);Kirchengasse 1;7092;Winden am See;AT;Burgenland;Leithaberg;+43 2160 8248;ofice@winzerhof-freitag.at;ÖWM-Betriebssuche
Freudenberger;Andauerstrasse 2;7162;Tadten;AT;Burgenland;Neusiedlersee;;;ÖWM-Betriebssuche
Frey;Untere Hauptstrasse 3;2421;Kittsee;AT;Burgenland;Neusiedlersee;+43 2143 2113;prost@weinbau-frey.com;ÖWM-Betriebssuche
Christian Friedrich;Untere Hauptstrasse 44;7121;Weiden am See;AT;Burgenland;Neusiedlersee;+43 2167 7241;office@weingut-friedrich.at;ÖWM-Betriebssuche
Friedrichkeit;Prangerstrasse 73;7091;Breitenbrunn;AT;Burgenland;Leithaberg;+43 2683 3448;schnaps@weinvomfriedrichkeit.at;ÖWM-Betriebssuche
Frischmann;Bruckerstrasse 11;7092;Winden am See;AT;Burgenland;Leithaberg;;;ÖWM-Betriebssuche
Sonja Frischmann Design Winzerin;Untere Hauptstraße 11;7093;Jois;AT;Burgenland;Leithaberg;;order@designwinzerin.at;ÖWM-Betriebssuche
Fritz;Lerchengasse 6;7062;St.Margarethen i.Burgenland;AT;Burgenland;Leithaberg;+43 2680 2661;;ÖWM-Betriebssuche
Frühmann;Raimundg.55/4/2;7400;Oberwart;AT;Burgenland;Südburgenland;;;ÖWM-Betriebssuche
Fuchs;Mühläckerweg 15;7311;Neckenmarkt;AT;Burgenland;Mittelburgenland;+43 2610 43572;chris.fox@gmx.at;ÖWM-Betriebssuche
Fuhrmann;Markt 26;7121;Weiden am See;AT;Burgenland;Neusiedlersee;+43 2167 7668;;ÖWM-Betriebssuche
Der Fuhrmann;Friedhofgasse 1;7121;Weiden am See;AT;Burgenland;Neusiedlersee;+43 2167 7619;info@derfuhrmann.at;ÖWM-Betriebssuche
Förstl;Johannesstrasse 21;7082;Donnerskirchen;AT;Burgenland;Leithaberg;+43 2683 8309;;ÖWM-Betriebssuche
Gaal & Herzenjak;Siedlungsstraße 14;7562;Eltendorf;AT;Burgenland;Südburgenland;+43 664 2490608;christoph.gaal@gmx.at;ÖWM-Betriebssuche
Gabriel (Hauptstrasse 189);Hauptstrasse 189;7062;St.Margarethen i.Burgenland;AT;Burgenland;Leithaberg;+43 2680 2876;office@weingut-ewald-gabriel.at;ÖWM-Betriebssuche
Gabriel (Hauptstrasse 14);Hauptstrasse 14;7062;St.Margarethen i.Burgenland;AT;Burgenland;Leithaberg;+43 2680 2494;;ÖWM-Betriebssuche
Gabriel Karin;Rathausplatz 14;7071;Rust;AT;Burgenland;Ruster Ausbruch;+43 2685 288;info@weinbauernhaus.at;ÖWM-Betriebssuche
Gager;Karrnergasse 8;7301;Deutschkreutz;AT;Burgenland;Mittelburgenland;+43 2613 80385;info@weingut-gager.at;ÖWM-Betriebssuche
"Galumbo ""Finesse & Vollendung""";Obere Hauptstraße 67;7142;Illmitz;AT;Burgenland;Neusiedlersee;+43 676 6197262;office@galumbo.at;ÖWM-Betriebssuche
Gamauf;Hauptstrasse 10;7201;Neudörfl;AT;Burgenland;Rosalia;;;ÖWM-Betriebssuche
Gangl (Apetlonerstrasse);Apetlonerstrasse 9;7142;Illmitz;AT;Burgenland;Neusiedlersee;+43 660 2501160;weingut@h-gangl.at;ÖWM-Betriebssuche
Gangl (Obere Hauptstrasse 9);Obere Hauptstrasse 9;7142;Illmitz;AT;Burgenland;Neusiedlersee;+43 2175 3807;gangl@beimgangl.at;ÖWM-Betriebssuche
Gangl (Obere Hauptstrasse 30);Obere Hauptstrasse 30;7142;Illmitz;AT;Burgenland;Neusiedlersee;+43 2175 2953;;ÖWM-Betriebssuche
Gangl (Zickhöhe);Zickhöhe 2;7142;Illmitz;AT;Burgenland;Neusiedlersee;+43 676 7583044;martin@weinbau-gangl.at;ÖWM-Betriebssuche
Gangl (Neubaugasse);Neubaugasse 24;7121;Weiden am See;AT;Burgenland;Neusiedlersee;+43 2167 74542;;ÖWM-Betriebssuche
Günter Gangl;Ufergasse 40 Günter Gangl;7142;Illmitz;AT;Burgenland;Neusiedlersee;+43 664 4533473;info@weingutgangl.at;ÖWM-Betriebssuche
Ganser;Seestraße 92;7141;Podersdorf am See;AT;Burgenland;Neusiedlersee;;bernd.ganser@a1.net;ÖWM-Betriebssuche
Gansfuss;Kulm 22;7521;Eberau;AT;Burgenland;Südburgenland;+43 3323 2254;;ÖWM-Betriebssuche
Garger;E-Werkstrasse 88;7423;Pinkafeld;AT;Burgenland;Südburgenland;+43 3357 42694;;ÖWM-Betriebssuche
Garger Alfred;Ringstrasse;7522;Strem;AT;Burgenland;Südburgenland;+43 664 3346931;;ÖWM-Betriebssuche
Gartner (Obere Hauptstrasse);Obere Hauptstrasse 39;7142;Illmitz;AT;Burgenland;Neusiedlersee;+43 2175 24032;info@gartnerwein.at;ÖWM-Betriebssuche
Gartner (Bahnstrasse);Bahnstrasse 98;7151;Wallern im Burgenland;AT;Burgenland;Neusiedlersee;+43 2174 2220;gasthof.gartner@aon.at;ÖWM-Betriebssuche
Gartner (Ufergasse);Ufergasse 23;7142;Illmitz;AT;Burgenland;Neusiedlersee;+43 2175 3427;office@gartner-illmitz.at;ÖWM-Betriebssuche
Gartner Nationalpark-Hof;Seegasse 27;7142;Illmitz;AT;Burgenland;Neusiedlersee;+43 2175 3139;nationalparkhof-gartner@aon.at;ÖWM-Betriebssuche
Gasper;Moschendorf 65;7540;Krottendorf;AT;Burgenland;Südburgenland;;;ÖWM-Betriebssuche
Gassler;Moschendorf 130;7540;Krottendorf;AT;Burgenland;Südburgenland;+43 664 4451274;office@weinhof-gassler.at;ÖWM-Betriebssuche
Gassner;Joseph Haydngasse 7;7071;Rust;AT;Burgenland;Ruster Ausbruch;+43 664 9257577;pur@weingut-gassner.at;ÖWM-Betriebssuche
Gelbmann (Gartenviertel);Gartenviertel 8;7163;Andau;AT;Burgenland;Neusiedlersee;+43 676 5287938;petra.gelbmann@gmail.com;ÖWM-Betriebssuche
Gelbmann (Kirchenplatz);Kirchenplatz 9;7152;Pamhagen;AT;Burgenland;Neusiedlersee;+43 699 10325932;josef.gelbmann@gmx.at;ÖWM-Betriebssuche
Gerald Allacher;Neustiftgasse 48;7122;Gols;AT;Burgenland;Neusiedlersee;+43 2173 2247;gerald@allacherwein.at;ÖWM-Betriebssuche
Gerald Unger;Kapellenstrasse 15;7474;Deutsch Schützen-Eisenberg;AT;Burgenland;Südburgenland;+43 3365 2248;office@geraldunger.at;ÖWM-Betriebssuche
Gerdenits;Linke Hauptzeile 28;7053;Hornstein;AT;Burgenland;Leithaberg;+43 2689 2603;gerdenits@aon.at;ÖWM-Betriebssuche
Gerger;Hauptstrasse 103;7051;Großhöflein;AT;Burgenland;Leithaberg;+43 2682 61868;;ÖWM-Betriebssuche
Gerster;Wiener Strasse 26;7123;Mönchhof;AT;Burgenland;Neusiedlersee;;;ÖWM-Betriebssuche
Gesellmann;Langegasse 65;7301;Deutschkreutz;AT;Burgenland;Mittelburgenland;+43 2613 80360;weingut@gesellmann.at;ÖWM-Betriebssuche
Giefing;Hauptstrasse 13;7071;Rust;AT;Burgenland;Ruster Ausbruch;+43 2685 379;giefing@wein-rust.at;ÖWM-Betriebssuche
Gindl;Quergasse 15;7123;Mönchhof;AT;Burgenland;Neusiedlersee;+43 2172 804752;;ÖWM-Betriebssuche
Gisch (Kreuzörtl);Kreuzörtl 6;7141;Podersdorf am See;AT;Burgenland;Neusiedlersee;+43 2177 2124;;ÖWM-Betriebssuche
Gisch (Seestrasse);Seestrasse 76;7141;Podersdorf am See;AT;Burgenland;Neusiedlersee;+43 2177 2276;;ÖWM-Betriebssuche
Gisch-Steiner;Parzelle 94;7141;Podersdorf am See;AT;Burgenland;Neusiedlersee;+43 2177 2915;;ÖWM-Betriebssuche
Glaser;Reitschulgasse 24;7131;Halbturn;AT;Burgenland;Neusiedlersee;+43 699 12383002;weinbau.glaser@yahoo.de;ÖWM-Betriebssuche
Glasner;Nr.27;7473;Hannersdorf;AT;Burgenland;Südburgenland;;;ÖWM-Betriebssuche
Glauber;Hauptstrasse 44;7032;Sigleß;AT;Burgenland;Leithaberg;+43 2626 71221;weinbauglauber@aon.at;ÖWM-Betriebssuche
Glock;Hauptstrasse 26;2413;Edelstal;AT;Burgenland;Neusiedlersee;+43 2145 2234;office@glock-wein.at;ÖWM-Betriebssuche
Gmall;Untere Hauptstrasse 129;7122;Gols;AT;Burgenland;Neusiedlersee;+43 2173 2496;;ÖWM-Betriebssuche
Gmeiner;Angergasse 13;7083;Purbach am Neusiedler See;AT;Burgenland;Leithaberg;+43 2683 5277;mail@weingut-gmeiner.at;ÖWM-Betriebssuche
Gober (Moschendorf);Moschendorf 30;7540;Krottendorf;AT;Burgenland;Südburgenland;+43 3324 360;;ÖWM-Betriebssuche
Gober (Kirchengasse);Kirchengasse 7;7312;Horitschon;AT;Burgenland;Mittelburgenland;+43 664 4489965;ag-gober@aon.at;ÖWM-Betriebssuche
Gober & Freinbichler Wein;Bachgasse 10;7312;Horitschon;AT;Burgenland;Mittelburgenland;+43 650 9136747;gerald@weinevonhand.at;ÖWM-Betriebssuche
Goeroeg;Hauptstrasse 47;7051;Großhöflein;AT;Burgenland;Leithaberg;;;ÖWM-Betriebssuche
Goffer;Moschendorf 68;7540;Krottendorf;AT;Burgenland;Südburgenland;;;ÖWM-Betriebssuche
Gold;Hauptstraße 1;7021;Baumgarten;AT;Burgenland;Leithaberg;+43 2686 2535;;ÖWM-Betriebssuche
Goldenits Anita und Richard;Obere Hauptstrasse 9;7162;Tadten;AT;Burgenland;Neusiedlersee;+43 2176 3638;office@goldenits.com;ÖWM-Betriebssuche
Goldenits Robert;Untere Haupstrasse 8;7162;Tadten;AT;Burgenland;Neusiedlersee;+43 699 12367500;robert@goldenits.at;ÖWM-Betriebssuche
Golser Wein GmbH – Gaudium Vinum Galos;Hofrat Achs Weg 15;7122;Gols;AT;Burgenland;Neusiedlersee;+43 2173 20060;prost@golserwein.at;ÖWM-Betriebssuche
Gossy;Nr.183;7473;Hannersdorf;AT;Burgenland;Südburgenland;;;ÖWM-Betriebssuche
Gowerlhaus;Apetlonerstraße 17;7142;Illmitz;AT;Burgenland;Neusiedlersee;+43 2175 3302;;ÖWM-Betriebssuche
Gradwohl;Lisztstrasse 31;7321;Raiding;AT;Burgenland;Mittelburgenland;+43 2619 7491;;ÖWM-Betriebssuche
Graf (Schmalzhöhgasse);Schmalzhöhgasse 22;7131;Halbturn;AT;Burgenland;Neusiedlersee;+43 2172 8859;office@weingraf.at;ÖWM-Betriebssuche
Graf (Hauptstrasse);Hauptstrasse 1;7051;Großhöflein;AT;Burgenland;Leithaberg;;;ÖWM-Betriebssuche
Grammelhofer;Parkgasse 2;7471;Rechnitz;AT;Burgenland;Südburgenland;;;ÖWM-Betriebssuche
Graszl;Hauptstrasse 71;7063;Oggau am Neusiedler See;AT;Burgenland;Leithaberg;+43 2685 7124;;ÖWM-Betriebssuche
Gratl;Maria Bild 70;8382;Weichselbaum;AT;Burgenland;Südburgenland;+43 699 10017116;office@gratl-wein.at;ÖWM-Betriebssuche
Gratzer;Hauptstrasse 14;7522;Strem;AT;Burgenland;Südburgenland;+43 3324 6330;;ÖWM-Betriebssuche
Gratzl;Deutsch Ehrensdorf 7;7522;Strem;AT;Burgenland;Südburgenland;+43 3323 2039;uhudler@gmx.at;ÖWM-Betriebssuche
Grenzhof-Fiedler;Weinzeile 2;7072;Mörbisch am See;AT;Burgenland;Leithaberg;+43 650 5665055;weingut@grenzhof-fiedler.at;ÖWM-Betriebssuche
Grenzlandkeller Weber;Grenzlandstraße 88;7474;Deutsch Schützen-Eisenberg;AT;Burgenland;Südburgenland;+43 3365 2645;;ÖWM-Betriebssuche
Gross (Angergasse);Angergasse 24;7123;Mönchhof;AT;Burgenland;Neusiedlersee;+43 2173 80652;;ÖWM-Betriebssuche
Gross (Quergasse);Quergasse 26;7123;Mönchhof;AT;Burgenland;Neusiedlersee;+43 2173 80745;gross.heuriger@gmx.net;ÖWM-Betriebssuche
Grosz (Gaas-Weinberg);Gaas-Weinberg 135;7521;Eberau;AT;Burgenland;Südburgenland;+43 660 2792823;office@weingut-grosz.at;ÖWM-Betriebssuche
Grosz (Lerchengasse);Lerchengasse 22;7131;Halbturn;AT;Burgenland;Neusiedlersee;+43 2172 8604;;ÖWM-Betriebssuche
Groszer Wein GmbH;Burg 95;7473;Hannersdorf;AT;Burgenland;Südburgenland;+43 664 3863777;kanzlei@groszerwein.at;ÖWM-Betriebssuche
Großhöfleiner Hof Ernst;Hauptstrasse 49;7051;Großhöflein;AT;Burgenland;Leithaberg;+43 664 1615569;info@ehrlich-wein.at;ÖWM-Betriebssuche
Gruber (Triftgasse);Triftgasse 27;7063;Oggau am Neusiedler See;AT;Burgenland;Leithaberg;+43 2685 7226;;ÖWM-Betriebssuche
Gruber (Kodatschstrasse);Kodatschstrasse 7;7000;Eisenstadt;AT;Burgenland;Leithaberg;;;ÖWM-Betriebssuche
Gruber (Quergasse);Quergasse 51;7123;Mönchhof;AT;Burgenland;Neusiedlersee;;;ÖWM-Betriebssuche
Gruber (Obere Hauptstrasse);Obere Hauptstrasse 82;7142;Illmitz;AT;Burgenland;Neusiedlersee;+43 2175 3396;;ÖWM-Betriebssuche
Gruber (Hauptstrasse);Hauptstrasse 15;7071;Rust;AT;Burgenland;Ruster Ausbruch;+43 664 1645292;info@weinbaugruber.at;ÖWM-Betriebssuche
Grösz;Rosengasse 22;7131;Halbturn;AT;Burgenland;Neusiedlersee;+43 2172 8387;biowein-groesz@halbturn.at;ÖWM-Betriebssuche
Größ;Untere Bahngasse 14;7131;Halbturn;AT;Burgenland;Neusiedlersee;+43 664 3335381;pfeller.juergen@gmail.com;ÖWM-Betriebssuche
Grünauer;Deutsch Ehrensdorf 21;7522;Heiligenbrunn;AT;Burgenland;Südburgenland;+43 3323 2026;;ÖWM-Betriebssuche
Gsellmann Andreas;Obere Hauptstrasse 38;7122;Gols;AT;Burgenland;Neusiedlersee;+43 2173 2214;wein@gsellmann.at;ÖWM-Betriebssuche
Gsellmann Matthias & Ilse;Obere Hauptstraße 28;7122;Gols;AT;Burgenland;Neusiedlersee;+43 2173 3431;office@gsellmann-weine.at;ÖWM-Betriebssuche
Gsellmann Siegfried;Feldgasse 31;7122;Gols;AT;Burgenland;Neusiedlersee;+43 2173 2653;info@weingut-gsellmann.at;ÖWM-Betriebssuche
Gsellmann am Goldberg;Goldbergstrasse 23;7122;Gols;AT;Burgenland;Neusiedlersee;+43 664 88883226;office@dergsellmann.at;ÖWM-Betriebssuche
Gulner;Raiffeiseng. 11;7071;Rust;AT;Burgenland;Ruster Ausbruch;;;ÖWM-Betriebssuche
Gut Altenberg GmbH;Altenbergweg 2;7122;Gols;AT;Burgenland;Neusiedlersee;+43 2173 200520;info@gut-altenberg.com;ÖWM-Betriebssuche
Gut Oggau;Hauptstrasse 31;7063;Oggau am Neusiedler See;AT;Burgenland;Leithaberg;+43 664 2069298;office@gutoggau.com;ÖWM-Betriebssuche
Guttmann (Hauptstrasse);Hauptstrasse 45;7023;Stöttera;AT;Burgenland;Leithaberg;+43 2626 5232;;ÖWM-Betriebssuche
Guttmann (Markt);Markt 43;7121;Weiden am See;AT;Burgenland;Neusiedlersee;+43 2167 7329;office@weingut-guttmann.at;ÖWM-Betriebssuche
Guttmann (Obere Hauptstrasse);Obere Hauptstrasse 6;7121;Weiden am See;AT;Burgenland;Neusiedlersee;+43 2167 7554;;ÖWM-Betriebssuche
Györik;Schwemmgasse 23;7122;Gols;AT;Burgenland;Neusiedlersee;+43 2173 2293;;ÖWM-Betriebssuche
Göschl (Neustiftgasse);Neustiftgasse 56;7122;Gols;AT;Burgenland;Neusiedlersee;+43 2173 2672;;ÖWM-Betriebssuche
Göschl (Am Berg);Am Berg 12;7122;Gols;AT;Burgenland;Neusiedlersee;+43 2173 2100;;ÖWM-Betriebssuche
Göschl & Töchter;Am Kanal 4;7122;Gols;AT;Burgenland;Neusiedlersee;+43 660 5996979;office@weingut-goeschl.at;ÖWM-Betriebssuche
H&H;Waldstraße 59A;7222;Rohrbach bei Mattersburg;AT;Burgenland;Rosalia;+43 2626 63037;;ÖWM-Betriebssuche
H & K Weiss;Neustiftgasse 52;7122;Gols;AT;Burgenland;Neusiedlersee;+43 2173 3559;hk.weiss@aon.at;ÖWM-Betriebssuche
HAFNER - Family Estate;Halbturner Strasse 17;7123;Mönchhof;AT;Burgenland;Neusiedlersee;+43 664 2556575;office@hafner.co.at;ÖWM-Betriebssuche
HAFNER Wine Trading GmbH;Halbturner Str. 17;7123;Mönchhof;AT;Burgenland;Neusiedlersee;+43 2173 80263;julius.hafner@aon.at;ÖWM-Betriebssuche
HERIST Wein;Badergasse 34;7471;Rechnitz;AT;Burgenland;Südburgenland;+43 3363 20303;wein@herist.at;ÖWM-Betriebssuche
Haberhauer;Weinberggasse 11;7071;Rust;AT;Burgenland;Ruster Ausbruch;+43 2685 253;weingut@nhaberhauer.at;ÖWM-Betriebssuche
Habersack;Untere Hauptstrasse 35;7121;Weiden am See;AT;Burgenland;Neusiedlersee;+43 699 12089941;info@weingut-habersack.at;ÖWM-Betriebssuche
Hackl (Schulgasse);Schulgasse 17;7083;Purbach am Neusiedler See;AT;Burgenland;Leithaberg;+43 2683 5917;;ÖWM-Betriebssuche
Hackl (Hauptplatz);Hauptplatz 4;7093;Jois;AT;Burgenland;Leithaberg;+43 2160 8635;;ÖWM-Betriebssuche
Hackstock;Seegasse 24;7063;Oggau am Neusiedler See;AT;Burgenland;Leithaberg;+43 2685 7623;;ÖWM-Betriebssuche
Hafner;Zum Seeblick 14;7083;Purbach am Neusiedler See;AT;Burgenland;Leithaberg;+43 650 2309230;;ÖWM-Betriebssuche
Hafner Johann;Steinbruch 1/18;7141;Podersdorf am See;AT;Burgenland;Neusiedlersee;+43 2177 2945;hanshafner@gmx.at;ÖWM-Betriebssuche
Hafner & Tschank GesnbR;Wienerstraße 66;7082;Donnerskirchen;AT;Burgenland;Leithaberg;+43 2683 8368;office@weinbau-hafner.at;ÖWM-Betriebssuche
Hafners;Feldgasse 46;7503;Großpetersdorf;AT;Burgenland;Südburgenland;+43 3362 53027;genuss@hafners.at;ÖWM-Betriebssuche
Hahnekamp;Klausenweg 17;7000;Eisenstadt;AT;Burgenland;Leithaberg;;;ÖWM-Betriebssuche
Hahnekamp Franz;Dreifaltigkeitsstrasse 10;7000;Eisenstadt;AT;Burgenland;Leithaberg;+43 2682 6198;franz@bkf.at;ÖWM-Betriebssuche
Hahnekamp-Sailer;Hauptstrasse 24;7051;Großhöflein;AT;Burgenland;Leithaberg;+43 660 7633315;weingut@hahnekamp-sailer.at;ÖWM-Betriebssuche
Hahnenkamp (Hauptstraße);Hauptstraße 53;7000;Eisenstadt;AT;Burgenland;Leithaberg;;;ÖWM-Betriebssuche
Hahnenkamp (St. Georgener Hauptstrasse);St. Georgener Hauptstrasse 26;7000;Eisenstadt;AT;Burgenland;Leithaberg;+43 2682 68613;;ÖWM-Betriebssuche
Hahnenkamp Walter;St. Georgener Hauptstrasse 53;7000;Eisenstadt;AT;Burgenland;Leithaberg;+43 2682 66700;weine@weingut-hahnenkamp.at;ÖWM-Betriebssuche
Haidehof;Obere Hauptstraße 58;7142;Illmitz;AT;Burgenland;Neusiedlersee;+43 2175 2108;haidehof@aon.at;ÖWM-Betriebssuche
Haiden;Sechshausgasse 24;7063;Oggau am Neusiedler See;AT;Burgenland;Leithaberg;+43 676 6331685;office@weinhaushaiden.at;ÖWM-Betriebssuche
Haider (Obere Hauptstrasse 41);Obere Hauptstrasse 41;7142;Illmitz;AT;Burgenland;Neusiedlersee;+43 2175 24033;office@weinhaider.at;ÖWM-Betriebssuche
Haider (Seegasse);Seegasse 16;7142;Illmitz;AT;Burgenland;Neusiedlersee;+43 664 5007906;office@weinguthaider.at;ÖWM-Betriebssuche
Haider (Florianigasse);Florianigasse 9a;7142;Illmitz;AT;Burgenland;Neusiedlersee;+43 2175 3506;haider.waltraud@aon.at;ÖWM-Betriebssuche
Haider (Frauenkirchnerstrasse);Frauenkirchnerstrasse 11;7141;Podersdorf am See;AT;Burgenland;Neusiedlersee;+43 2177 2323;info@hans-haider.at;ÖWM-Betriebssuche
Haider (Bruckergasse);Bruckergasse 10;7093;Jois;AT;Burgenland;Leithaberg;+43 2160 8266;;ÖWM-Betriebssuche
Haider (Obere Hauptstrasse 40);Obere Hauptstrasse 40;7142;Illmitz;AT;Burgenland;Neusiedlersee;+43 2175 2109;;ÖWM-Betriebssuche
Haider (Seestrasse);Seestrasse 70;7141;Podersdorf am See;AT;Burgenland;Neusiedlersee;+43 2177 2370;;ÖWM-Betriebssuche
Haider (Hauptplatz);Hauptplatz 10 Haider;7093;Jois;AT;Burgenland;Leithaberg;+43 699 12565510;weingut@ddhaider.at;ÖWM-Betriebssuche
Haider (Rebschulgasse);Rebschulgasse 4;7143;Apetlon;AT;Burgenland;Neusiedlersee;+43 2175 3042;t.haider@tyrolia.com;ÖWM-Betriebssuche
Haider (Seeufergasse);Seeufergasse 8;7143;Apetlon;AT;Burgenland;Neusiedlersee;;;ÖWM-Betriebssuche
Christian Haider;Obere Hauptstrasse 62;7100;Neusiedl am See;AT;Burgenland;Neusiedlersee;+43 2167 8801;office@haiderweine.at;ÖWM-Betriebssuche
Ing. Berthold Haider;Storchenplatz 1;7143;Apetlon;AT;Burgenland;Neusiedlersee;+43 2175 2210;office@weingut-haider.at;ÖWM-Betriebssuche
Haider & Malloth Weinkelterei OG;Am Schrändlsee 2;7142;Illmitz;AT;Burgenland;Neusiedlersee;+43 1 51229920;office@haider-malloth.at;ÖWM-Betriebssuche
Haider Thomas Heinrich;Franz-Liszt-Gasse 15;7100;Neusiedl am See;AT;Burgenland;Neusiedlersee;+43 664 5420388;weingut.haider@aon.at;ÖWM-Betriebssuche
Halbwax;Kodatschstrasse 10;7000;Eisenstadt;AT;Burgenland;Leithaberg;+43 2682 63315;;ÖWM-Betriebssuche
Halper;Nr.78;7473;Burg;AT;Burgenland;Südburgenland;+43 3364 2916;;ÖWM-Betriebssuche
Hamm (Untere Hauptstraße);Untere Hauptstraße 14;2421;Kittsee;AT;Burgenland;Neusiedlersee;+43 2143 2353;;ÖWM-Betriebssuche
Hamm (Hauptstrasse);Hauptstrasse 75;7011;Siegendorf;AT;Burgenland;Leithaberg;+43 2687 8102;;ÖWM-Betriebssuche
Hammer Wein Rust;Hauptstrasse 9;7071;Rust;AT;Burgenland;Ruster Ausbruch;+43 2685 231;info@hammerwein.at;ÖWM-Betriebssuche
Handig;Siedlung 12;2413;Edelstal;AT;Burgenland;Neusiedlersee;+43 2145 24495;;ÖWM-Betriebssuche
Handler (Schäferhof);Schäferhof 4;7132;Frauenkirchen;AT;Burgenland;Neusiedlersee;+43 2172 21995;;ÖWM-Betriebssuche
Handler (Sandhöhe);Sandhöhe 35;7123;Mönchhof;AT;Burgenland;Neusiedlersee;+43 2173 80255;info@weinguthandler.at;ÖWM-Betriebssuche
Hareter (Neustift);Neustift 12;7121;Weiden am See;AT;Burgenland;Neusiedlersee;+43 2167 7941;traubenschenke@hareter.co.at;ÖWM-Betriebssuche
Hareter (Obere Hauptstraße);Obere Hauptstraße 2;7121;Weiden am See;AT;Burgenland;Neusiedlersee;+43 2167 7270;;ÖWM-Betriebssuche
Hareter (Obere Hauptstrasse);Obere Hauptstrasse 35;7121;Weiden am See;AT;Burgenland;Neusiedlersee;+43 2167 7238;weinbau-pension-hareter@aon.at;ÖWM-Betriebssuche
Hareter Dieter & Yvonne;Triftstrasse 11;7121;Weiden am See;AT;Burgenland;Neusiedlersee;+43 664 1980842;dieter@hareter.wine;ÖWM-Betriebssuche
Mario Hareter;Triftstrasse 4 Mario Hareter;7121;Weiden am See;AT;Burgenland;Neusiedlersee;+43 699 10008196;mariohareter@gmx.at;ÖWM-Betriebssuche
Thomas Hareter;Untere Hauptstraße 73;7121;Weiden am See;AT;Burgenland;Neusiedlersee;+43 2167 7612;weingut@hareter.at;ÖWM-Betriebssuche
Harrer;Eisenstädterstraße 2;7100;Neusiedl am See;AT;Burgenland;Neusiedlersee;+43 2167 8860;weingut.harrer@core.at;ÖWM-Betriebssuche
Harrer H.P.;Obere Hauptstrasse 59;7100;Neusiedl am See;AT;Burgenland;Neusiedlersee;+43 699 11625774;h.p.harrer@bkf.at;ÖWM-Betriebssuche
Haselbauer;Schulgasse 3;7083;Purbach am Neusiedler See;AT;Burgenland;Leithaberg;+43 2683 5006;office@weinbau-haselbauer.at;ÖWM-Betriebssuche
Hasieber;Dr. Ratzg. 15;7071;Rust;AT;Burgenland;Ruster Ausbruch;;;ÖWM-Betriebssuche
Hasler;Obere Kellergasse 70;7474;Deutsch Schützen-Eisenberg;AT;Burgenland;Südburgenland;+43 3365 2254;;ÖWM-Betriebssuche
Hatos;Andauer Strasse 19;7162;Tadten;AT;Burgenland;Neusiedlersee;;;ÖWM-Betriebssuche
Hauer;Hauptstrasse 113;7201;Neudörfl;AT;Burgenland;Rosalia;;;ÖWM-Betriebssuche
Haussatzhof;Haussatzstrasse 1;7062;St.Margarethen i.Burgenland;AT;Burgenland;Leithaberg;+43 2680 20077;haussatzhof-wind@aon.at;ÖWM-Betriebssuche
Hautzinger (Obere Hauptstrasse);Obere Hauptstrasse 28;7162;Tadten;AT;Burgenland;Neusiedlersee;+43 2176 2253;;ÖWM-Betriebssuche
Hautzinger (Untere Hauptstrasse);Untere Hauptstrasse 26;7162;Tadten;AT;Burgenland;Neusiedlersee;+43 699 11842029;weingut@hautzinger.at;ÖWM-Betriebssuche
Heideboden;Hauptstrasse 9;7152;Pamhagen;AT;Burgenland;Neusiedlersee;+43 2174 2196;biohof-heideboden@gmx.at;ÖWM-Betriebssuche
Heidebodenweingut Munzenrieder;Wallerner Straße 2;7143;Apetlon;AT;Burgenland;Neusiedlersee;+43 2175 2284;;ÖWM-Betriebssuche
Heiden Franz;Brunnkreutweg 9;7512;Badersdorf;AT;Burgenland;Südburgenland;+43 3366 76518;franz.heiden@aon.at;ÖWM-Betriebssuche
Heider Hans;Frauenkirchnerstrasse 11;7141;Podersdorf am See;AT;Burgenland;Neusiedlersee;+43 699 14502323;info@hans-haider.at;ÖWM-Betriebssuche
Heiling;Neusiedlerstraße 16;7141;Podersdorf am See;AT;Burgenland;Neusiedlersee;+43 699 10700623;office@weingut-heiling.at;ÖWM-Betriebssuche
Heindl;Heiligenbrunn 28;7522;Strem;AT;Burgenland;Südburgenland;+43 3324 224;;ÖWM-Betriebssuche
Heinrich Gernot und Heike;Baumgarten 60;7122;Gols;AT;Burgenland;Neusiedlersee;+43 2173 3176;weingut@heinrich.at;ÖWM-Betriebssuche
Heinrich Silvia;Karrnergasse 59;7301;Deutschkreutz;AT;Burgenland;Mittelburgenland;+43 2613 89615;office@weingut-heinrich.at;ÖWM-Betriebssuche
Heiss (Untere Hauptstrasse);Untere Hauptstrasse 12;7142;Illmitz;AT;Burgenland;Neusiedlersee;+43 676 5254700;weingut@fr-heiss.at;ÖWM-Betriebssuche
Heiss (Obere Hauptstrasse);Obere Hauptstrasse 20;7142;Illmitz;AT;Burgenland;Neusiedlersee;+43 2175 3345;office@arkadenweingut-heiss.at;ÖWM-Betriebssuche
Helmut Katharina Gangl;Apetlonerstraße 27A;7142;Illmitz;AT;Burgenland;Neusiedlersee;+43 664 4542521;office@ganglwines.at;ÖWM-Betriebssuche
Herbig;Weinberggasse 14;7071;Rust;AT;Burgenland;Ruster Ausbruch;+43 2685 223;;ÖWM-Betriebssuche
Herditsch;Burgstallgasse 12;7000;Eisenstadt;AT;Burgenland;Leithaberg;+43 2682 63569;;ÖWM-Betriebssuche
Herwig;Neubaugasse 30;7061;Trausdorf an der Wulka;AT;Burgenland;Leithaberg;;;ÖWM-Betriebssuche
Hess Christoph;Hauptplatz 35;7100;Neusiedl am See;AT;Burgenland;Neusiedlersee;+43 699 10616848;c.hess@christophhess.at;ÖWM-Betriebssuche
Heurigenschenke Preiner;Quergasse 12;7143;Apetlon;AT;Burgenland;Neusiedlersee;+43 2175 2850;;ÖWM-Betriebssuche
Hillinger;Untere Hauptstrasse 20;7093;Jois;AT;Burgenland;Leithaberg;+43 2160 8327;;ÖWM-Betriebssuche
Leo Hillinger;Hill 1;7093;Jois;AT;Burgenland;Leithaberg;+43 2160 8317;office@leo-hillinger.com;ÖWM-Betriebssuche
Hipfl;Seestrasse 11;7141;Podersdorf am See;AT;Burgenland;Neusiedlersee;+43 2177 2429;;ÖWM-Betriebssuche
Hitzinger;Neubaugasse 13;7121;Weiden am See;AT;Burgenland;Neusiedlersee;+43 2167 7166;;ÖWM-Betriebssuche
Hofbauer;Kirchengasse 17;7091;Breitenbrunn;AT;Burgenland;Leithaberg;+43 2683 5285;hofbauer.weingut@aon.at;ÖWM-Betriebssuche
Hoffmann (Stiftsgasse);Stiftsgasse 41;7123;Mönchhof;AT;Burgenland;Neusiedlersee;+43 2173 80787;;ÖWM-Betriebssuche
Hoffmann (Wiener Straße);Wiener Straße 2;7123;Mönchhof;AT;Burgenland;Neusiedlersee;+43 699 18013090;hoffmann.weingut@gmail.com;ÖWM-Betriebssuche
Hoffmann (Feldgasse);Feldgasse 5;7092;Winden am See;AT;Burgenland;Leithaberg;+43 2160 8584;;ÖWM-Betriebssuche
Hoffmann (Untere Hauptstraße);Untere Hauptstraße 9;7093;Jois;AT;Burgenland;Leithaberg;+43 2160 8345;info@wein-hoffmann.at;ÖWM-Betriebssuche
Hoffmann Markus;Raiffeisenstrasse 21;7092;Winden am See;AT;Burgenland;Leithaberg;+43 676 3929651;weinbau.hoffmann@gmx.at;ÖWM-Betriebssuche
Hoffmann Stefan;Sandhöhe 27;7123;Mönchhof;AT;Burgenland;Neusiedlersee;+43 2173 80555;stefan@weingut-hoffmann.at;ÖWM-Betriebssuche
Hofstädter;Arbeitergasse 25;7301;Deutschkreutz;AT;Burgenland;Mittelburgenland;+43 2613 89459;info@weingut-hofstaedter.eu;ÖWM-Betriebssuche
Holler;Hauptstrasse 90;7063;Oggau am Neusiedler See;AT;Burgenland;Leithaberg;+43 2685 7208;;ÖWM-Betriebssuche
Holzhammer;Apetlonerstrasse 43;7142;Illmitz;AT;Burgenland;Neusiedlersee;+43 2175 2396;walter@holzhammer.at;ÖWM-Betriebssuche
Horvath (Untere Hauptstrasse);Untere Hauptstrasse 165;7122;Gols;AT;Burgenland;Neusiedlersee;+43 676 9236652;info@weingut-horvath.at;ÖWM-Betriebssuche
Horvath (Hannersdorf);Hannersdorf 212;7473;Hannersdorf;AT;Burgenland;Südburgenland;+43 3364 2958;;ÖWM-Betriebssuche
Jürgen Horvath;Kreuzgasse 3;7471;Rechnitz;AT;Burgenland;Südburgenland;+43 664 4653479;weinbau.horvath@gmx.at;ÖWM-Betriebssuche
Huditsch;Heidegasse 30;7062;St.Margarethen i.Burgenland;AT;Burgenland;Leithaberg;+43 2680 3131;;ÖWM-Betriebssuche
Hufnagel;Herrengasse 44;7311;Neckenmarkt;AT;Burgenland;Mittelburgenland;+43 2610 42301;info@weingut-hufnagel.at;ÖWM-Betriebssuche
Humer;Antonigasse 21;7091;Breitenbrunn;AT;Burgenland;Leithaberg;+43 2683 30054;wein@weinguthumer.at;ÖWM-Betriebssuche
Hundsdorfer;Lange Zeile 10;7311;Neckenmarkt;AT;Burgenland;Mittelburgenland;+43 2610 42034;info@hundsdorfer.at;ÖWM-Betriebssuche
Hupfer;Marktstrasse 2;7152;Pamhagen;AT;Burgenland;Neusiedlersee;;;ÖWM-Betriebssuche
Husaren Weingut Burgenland;Kellerberg 1;7000;Eisenstadt;AT;Burgenland;Leithaberg;+43 2682 62912;office@husarenweingut.at;ÖWM-Betriebssuche
Husz;Haniflgasse 1;7161;Sankt Andrä am Zicksee;AT;Burgenland;Neusiedlersee;;;ÖWM-Betriebssuche
Höllisch;Eisenstädterstraße 14;7083;Purbach am Neusiedler See;AT;Burgenland;Leithaberg;+43 2683 5543;;ÖWM-Betriebssuche
Hölzl;Hauptpl.17;7093;Jois;AT;Burgenland;Leithaberg;+43 2160 8253;;ÖWM-Betriebssuche
Höpler;Heideweg 1;7091;Breitenbrunn;AT;Burgenland;Leithaberg;+43 2683 239070;office@hoepler.at;ÖWM-Betriebssuche
Hötsch;Quergasse 10;7123;Mönchhof;AT;Burgenland;Neusiedlersee;+43 2173 80056;m.hoetsch@gmx.at;ÖWM-Betriebssuche
Hübner;Brunnengasse 32;7000;Eisenstadt;AT;Burgenland;Leithaberg;;;ÖWM-Betriebssuche
IBY Rotweingut;Am Blaufränkischweg 3;7312;Horitschon;AT;Burgenland;Mittelburgenland;+43 2610 42292;weingut@iby.at;ÖWM-Betriebssuche
Iby-Lehrner;Hauptstrasse 34;7312;Horitschon;AT;Burgenland;Mittelburgenland;+43 2610 42113;info@iby-lehrner.at;ÖWM-Betriebssuche
Igler (Girmerstraße);Girmerstraße 23;7301;Deutschkreutz;AT;Burgenland;Mittelburgenland;+43 650 5409128;info@rotweingut-igler.at;ÖWM-Betriebssuche
Igler (Hauptstrasse);Hauptstrasse 59-61;7301;Deutschkreutz;AT;Burgenland;Mittelburgenland;+43 2613 80213;info@igler-weingut.at;ÖWM-Betriebssuche
Igler Hans;Schaflerhof 1;7301;Deutschkreutz;AT;Burgenland;Mittelburgenland;+43 2613 80365;info@hans-igler.com;ÖWM-Betriebssuche
Iro Markus;Neubaugasse 55;7122;Gols;AT;Burgenland;Neusiedlersee;+43 2173 2139;wein@markusiro.at;ÖWM-Betriebssuche
Ivanschitz;Gartengasse 17;7011;Siegendorf;AT;Burgenland;Leithaberg;+43 2687 8183;;ÖWM-Betriebssuche
Jagdhof Fleischhacker;Obere Hauptstrasse 31;7142;Illmitz;AT;Burgenland;Neusiedlersee;+43 2175 23390;weingut@jagdhof-fleischhacker.at;ÖWM-Betriebssuche
Jagdkeller St. Hubertus;Deutsch Bieling 50;7522;Strem;AT;Burgenland;Südburgenland;+43 3324 6250;;ÖWM-Betriebssuche
Jagini;Kirchengasse 3;7051;Großhöflein;AT;Burgenland;Leithaberg;+43 664 4003231;office@moric.at;ÖWM-Betriebssuche
Jagschitz;Hauptstrasse 25;7064;Oslip;AT;Burgenland;Leithaberg;+43 2684 2104;;ÖWM-Betriebssuche
Jahn;Schmalkräfling 7;7083;Purbach am Neusiedler See;AT;Burgenland;Leithaberg;+43 2683 5085;;ÖWM-Betriebssuche
Jaidl;Quellengasse 41;7081;Schützen am Gebirge;AT;Burgenland;Leithaberg;+43 2684 2170;;ÖWM-Betriebssuche
Jaksch;Kirchengasse 3;7092;Winden am See;AT;Burgenland;Leithaberg;;;ÖWM-Betriebssuche
Jalits;Untere Dorfstrasse 16;7512;Badersdorf;AT;Burgenland;Südburgenland;+43 664 3303827;office@jalits.at;ÖWM-Betriebssuche
Jandresivits;Heiligenbrunn 1;7522;Strem;AT;Burgenland;Südburgenland;;;ÖWM-Betriebssuche
Janisch (Kirchengasse);Kirchengasse 5;7091;Breitenbrunn;AT;Burgenland;Leithaberg;+43 2684 2452;;ÖWM-Betriebssuche
Janisch (Bruckergasse);Bruckergasse 25;7091;Breitenbrunn;AT;Burgenland;Leithaberg;+43 2683 2116;;ÖWM-Betriebssuche
Janisch (Eisenstädter Strasse);Eisenstädter Strasse 4;7091;Breitenbrunn;AT;Burgenland;Leithaberg;+43 2683 2015;roman.janisch@bnet.at;ÖWM-Betriebssuche
JbN;Postgasse 20;7202;Bad Sauerbrunn;AT;Burgenland;Rosalia;+43 664 5380690;office@weingut-jbn.com;ÖWM-Betriebssuche
Jelosics;St. Kathrein 8;7474;Hannersdorf;AT;Burgenland;Südburgenland;+43 3365 2395;;ÖWM-Betriebssuche
Jelosits;Obere Hauptstrasse 47;7512;Kohfidisch;AT;Burgenland;Südburgenland;+43 3366 76615;;ÖWM-Betriebssuche
Jobst;Kirchengasse 14;7091;Breitenbrunn;AT;Burgenland;Leithaberg;+43 2683 57072;;ÖWM-Betriebssuche
Johannes Gabriel;Hauptstrasse 25;7071;Rust;AT;Burgenland;Ruster Ausbruch;+43 2685 236;office@weingut-gabriel.at;ÖWM-Betriebssuche
Joiseph;Jungenbergweg 1A;7093;Jois;AT;Burgenland;Leithaberg;+43 676 9383801;richard@joiseph.at;ÖWM-Betriebssuche
Joiser Renommee;Bahnstraße 28;7093;Jois;AT;Burgenland;Leithaberg;+43 664 5511780;hst@hannessteurer.at;ÖWM-Betriebssuche
Juris;Marktgasse 12-18;7122;Gols;AT;Burgenland;Neusiedlersee;+43 2173 2748;office@juris.at;ÖWM-Betriebssuche
Juros Michael;Mittergasse 6;7071;Rust;AT;Burgenland;Ruster Ausbruch;+43 676 4413263;info@weingut-juros.at;ÖWM-Betriebssuche
Just Gerhard;Weinberggasse 16;7071;Rust;AT;Burgenland;Ruster Ausbruch;+43 664 1811181;office@justrust.at;ÖWM-Betriebssuche
Jürgen Zechmeister;Hauptstr. 57;7000;Kleinhöflein im Burgenland;AT;Burgenland;Leithaberg;+43 664 4635594;info@weinbauzechmeister.at;ÖWM-Betriebssuche
KARO gut am see;Seestraße 42;7072;Mörbisch am See;AT;Burgenland;Leithaberg;+43 650 2901304;info@gutkaro.at;ÖWM-Betriebssuche
K+K Kirnbauer;Rotweinweg 1;7301;Deutschkreutz;AT;Burgenland;Mittelburgenland;+43 2613 89722;sales@phantom.at;ÖWM-Betriebssuche
Kacsits;Postgasse 4;7301;Deutschkreutz;AT;Burgenland;Mittelburgenland;+43 2613 80247;;ÖWM-Betriebssuche
Heideboden - Martin Kaintz;Zeile 73;7132;Frauenkirchen;AT;Burgenland;Neusiedlersee;+43 699 11390078;office@bioweingut-heideboden.at;ÖWM-Betriebssuche
Winzerschlössl Kaiser;Satzriedgasse 1;7000;Eisenstadt;AT;Burgenland;Leithaberg;+43 2682 67100;wein@winzerschloessl.at;ÖWM-Betriebssuche
Kaisergarten Wein GmbH;Kreuzjoch 1;7123;Mönchhof;AT;Burgenland;Neusiedlersee;+43 2173 80866;hk@kaisergarten.at;ÖWM-Betriebssuche
Kalch;Nr.36;7473;Burg;AT;Burgenland;Südburgenland;;;ÖWM-Betriebssuche
Kaltenecker;Brückelgasse 9;7471;Rechnitz;AT;Burgenland;Südburgenland;+43 3363 73962;;ÖWM-Betriebssuche
Kaltzin;Neusatzstr. 32;7053;Hornstein;AT;Burgenland;Leithaberg;;;ÖWM-Betriebssuche
Kamper;Nr.43;7503;Großpetersdorf;AT;Burgenland;Südburgenland;;;ÖWM-Betriebssuche
Kanitz;Steinamangerstrasse 80;7471;Rechnitz;AT;Burgenland;Südburgenland;+43 3363 7152;;ÖWM-Betriebssuche
Kappler;Frauenkirchner Strasse 48;7141;Podersdorf am See;AT;Burgenland;Neusiedlersee;;;ÖWM-Betriebssuche
Karassowitsch (Krautgartenweg);Krautgartenweg 40;7071;Rust;AT;Burgenland;Ruster Ausbruch;+43 2685 447;;ÖWM-Betriebssuche
Karassowitsch (Weinberggasse);Weinberggasse 17;7071;Rust;AT;Burgenland;Ruster Ausbruch;+43 2685 252;;ÖWM-Betriebssuche
Karin Fleck;Schulgasse 18;7062;St.Margarethen i.Burgenland;AT;Burgenland;Leithaberg;+43 2680 3195;info@fleck-wein.at;ÖWM-Betriebssuche
Karner (Seestrasse 65);Seestrasse 65;7141;Podersdorf am See;AT;Burgenland;Neusiedlersee;+43 2177 2102;;ÖWM-Betriebssuche
Karner (Badstrasse);Badstrasse 18;7082;Donnerskirchen;AT;Burgenland;Leithaberg;+43 2683 8300;info@weingut-karner.at;ÖWM-Betriebssuche
Karner (Seestrasse 72);Seestrasse 72;7141;Podersdorf am See;AT;Burgenland;Neusiedlersee;+43 2177 2572;;ÖWM-Betriebssuche
Karnerhof Manfred Karner;Greinergasse 21;7071;Rust;AT;Burgenland;Ruster Ausbruch;+43 2685 6644;info@karnerhof-rust.at;ÖWM-Betriebssuche
Karpf;Florianisiedlung 9;7083;Purbach am Neusiedler See;AT;Burgenland;Leithaberg;+43 2683 5979;;ÖWM-Betriebssuche
Kast;Obere Hauptstrasse 37-39;7100;Neusiedl am See;AT;Burgenland;Neusiedlersee;+43 2167 8616;info@weingut-kast.at;ÖWM-Betriebssuche
Kast Stefan;Eisenstädter Straße 51;7100;Neusiedl am See;AT;Burgenland;Neusiedlersee;+43 699 12100010;wein@familiekast.at;ÖWM-Betriebssuche
Katrin Lautner;Eisenstädterstrasse 53;7350;Oberpullendorf;AT;Burgenland;Mittelburgenland;+43 677 63465712;hello@katrinlautner.com;ÖWM-Betriebssuche
Katter;Kohlgraben 8;7062;St.Margarethen i.Burgenland;AT;Burgenland;Leithaberg;;;ÖWM-Betriebssuche
Kellerschenke Kainz;Wallerner Strasse 53;7143;Apetlon;AT;Burgenland;Neusiedlersee;+43 2175 24464;;ÖWM-Betriebssuche
Keltenhof-Handel OEG, Fam. Wimmer;Wienerstrasse 30;7000;Eisenstadt;AT;Burgenland;Leithaberg;+43 2682 64638;;ÖWM-Betriebssuche
Keppitsch;Untere Hauptstrasse 19;7100;Neusiedl am See;AT;Burgenland;Neusiedlersee;;;ÖWM-Betriebssuche
Keringer;Wienerstrasse 22;7123;Mönchhof;AT;Burgenland;Neusiedlersee;+43 2173 80380;weingut@keringer.at;ÖWM-Betriebssuche
Kern;Neuegasse 11;7471;Rechnitz;AT;Burgenland;Südburgenland;+43 3363 77052;mail@weinbau-kern.at;ÖWM-Betriebssuche
Kerschbaum;Hauptstrasse 111;7312;Horitschon;AT;Burgenland;Mittelburgenland;+43 2610 42392;weingut@kerschbaum.at;ÖWM-Betriebssuche
Kerschbaum Maria, by David K.;Dreifaltigskeitsgasse 30;7322;Lackenbach;AT;Burgenland;Mittelburgenland;+43 2619 8505;maria@weingut-kerschbaum.at;ÖWM-Betriebssuche
Kerstinger;Gartengasse 12;7311;Neckenmarkt;AT;Burgenland;Mittelburgenland;+43 2610 43570;wein@kerstinger.at;ÖWM-Betriebssuche
Kertelits;Am Platzl 6;7000;Eisenstadt;AT;Burgenland;Leithaberg;;;ÖWM-Betriebssuche
Kicker;Haydngasse 1;7071;Rust;AT;Burgenland;Ruster Ausbruch;+43 2685 6130;;ÖWM-Betriebssuche
Kiefler;Fellnergasse 45;7083;Purbach am Neusiedler See;AT;Burgenland;Leithaberg;+43 2683 2112;;ÖWM-Betriebssuche
Kieslinghof;Hauptgasse 24;7083;Purbach am Neusiedler See;AT;Burgenland;Leithaberg;+43 2683 5444;kieslinghof@purbach.at;ÖWM-Betriebssuche
Kirchberghof KG Rittschi's Buschenschank;Eisenstädterstraße 6;7093;Jois;AT;Burgenland;Leithaberg;+43 2160 8366;kirchberghof@aon.at;ÖWM-Betriebssuche
Kirchknopf (Lindengasse);Lindengasse 1;7071;Rust;AT;Burgenland;Ruster Ausbruch;+43 2685 6835;;ÖWM-Betriebssuche
Kirchknopf (Johann-Kodatsch Straße);Johann-Kodatsch Straße 15;7000;Eisenstadt;AT;Burgenland;Leithaberg;+43 2682 62837;office@weingut-kirchknopf.at;ÖWM-Betriebssuche
Kirchmayer;Friedhofgasse 1;7141;Podersdorf am See;AT;Burgenland;Neusiedlersee;;;ÖWM-Betriebssuche
Kirchseeweingut Gangl;Ufergasse 2a;7142;Illmitz;AT;Burgenland;Neusiedlersee;+43 2175 2849;;ÖWM-Betriebssuche
Kirnbauer;Neubaugasse 12;7301;Deutschkreutz;AT;Burgenland;Mittelburgenland;+43 2613 80682;office@kirnbauer-weine.at;ÖWM-Betriebssuche
Kirnbauer Christian;Sonnenweg;7301;Deutschkreutz;AT;Burgenland;Mittelburgenland;+43 650 4415329;info@weingut-kirnbauer.at;ÖWM-Betriebssuche
Kirnerhof;Kleinhöfleiner Hauptstrasse 40;7000;Eisenstadt;AT;Burgenland;Leithaberg;+43 2682 67886;kirnerhof@gmail.com;ÖWM-Betriebssuche
Kirschner;Quergasse 47;7123;Mönchhof;AT;Burgenland;Neusiedlersee;+43 650 9117744;office@kirschner.at;ÖWM-Betriebssuche
Kiss (Untere Hauptstraße);Untere Hauptstraße 69;7093;Jois;AT;Burgenland;Leithaberg;+43 664 3910225;office@weingut-kiss.eu;ÖWM-Betriebssuche
Kiss (Bundesstrasse);Bundesstrasse 39;7093;Jois;AT;Burgenland;Leithaberg;+43 699 17043220;office@weingut-kiss.at;ÖWM-Betriebssuche
Kiss (Josef-Haydn-Gasse);Josef-Haydn-Gasse 1;7093;Jois;AT;Burgenland;Leithaberg;+43 2160 8256;kiss@winzerhof-kiss.at;ÖWM-Betriebssuche
Kiss Harald;Erzherzog Friedrich Strasse 32;7131;Halbturn;AT;Burgenland;Neusiedlersee;+43 699 12674845;office@weingutkiss.at;ÖWM-Betriebssuche
Klampfer;Kleinhöfleiner Hauptstrasse 84;7000;Eisenstadt;AT;Burgenland;Leithaberg;+43 2682 75731;office@biohof-klampfer.at;ÖWM-Betriebssuche
Kleber;Bergstraße 13;7571;Rudersdorf;AT;Burgenland;Südburgenland;+43 664 5310020;;ÖWM-Betriebssuche
Kleidosty;Andauer Strasse 9;7162;Tadten;AT;Burgenland;Neusiedlersee;;;ÖWM-Betriebssuche
Klein (Untere Hauptstrasse);Untere Hauptstrasse 37;7142;Illmitz;AT;Burgenland;Neusiedlersee;+43 2175 24282;klein.illmitz@hotmail.com;ÖWM-Betriebssuche
Klein (Kirchengasse);Kirchengasse 18;7152;Pamhagen;AT;Burgenland;Neusiedlersee;+43 2175 3161;;ÖWM-Betriebssuche
Klein Jacqueline;Baumhöhäcker 10;7163;Andau;AT;Burgenland;Neusiedlersee;+43 664 75124505;info@klein-wein.at;ÖWM-Betriebssuche
Kleinhöfleinerhof Fam. Ackerl;Kleinhöfleiner Hauptstrasse 41;7000;Eisenstadt;AT;Burgenland;Leithaberg;+43 2682 61451;info@kleinhoefleinerhof.at;ÖWM-Betriebssuche
Kleinl (Eisenstädter Strasse);Eisenstädter Strasse 59;7081;Schützen am Gebirge;AT;Burgenland;Leithaberg;+43 2684 2258;;ÖWM-Betriebssuche
Kleinl (Hauptstrasse);Hauptstrasse 139;7081;Schützen am Gebirge;AT;Burgenland;Leithaberg;+43 2684 2249;info@kleinl.at;ÖWM-Betriebssuche
Kleinl Claudia;Waldgasse 10;7081;Schützen am Gebirge;AT;Burgenland;Leithaberg;+43 2684 2269;;ÖWM-Betriebssuche
Klemenschitz;Hauptstrasse 32;7011;Siegendorf;AT;Burgenland;Leithaberg;;;ÖWM-Betriebssuche
Klinger;Wasserzeile 3;7143;Apetlon;AT;Burgenland;Neusiedlersee;+43 2175 2375;;ÖWM-Betriebssuche
Kloster am Spitz;Waldsiedlung 2b;7083;Purbach am Neusiedler See;AT;Burgenland;Leithaberg;+43 676 9608875;weingut@klosteramspitz.at;ÖWM-Betriebssuche
Klosterkeller Siegendorf;Rathausplatz 12;7011;Siegendorf;AT;Burgenland;Leithaberg;+43 2687 48948;office@klosterkeller-siegendorf.at;ÖWM-Betriebssuche
Klosterkeller der Barmherzigen Brüder;Esterhazystrasse 26;7000;Eisenstadt;AT;Burgenland;Leithaberg;+43 2682 6011675;verkauf@klosterkeller.at;ÖWM-Betriebssuche
Klua Hoada;Feldgasse 22;7142;Illmitz;AT;Burgenland;Neusiedlersee;+43 2175 3439;pension@weinguthaider.com;ÖWM-Betriebssuche
Knoll;Neusiedler Straße 19;7083;Purbach am Neusiedler See;AT;Burgenland;Leithaberg;+43 2683 5550;;ÖWM-Betriebssuche
Kobelrausch;Hauptstrasse 70a;7361;Lutzmannsburg;AT;Burgenland;Mittelburgenland;+43 2615 87437;;ÖWM-Betriebssuche
Koch Reinhard & Dietlinde;Mitterbergweg;7471;Rechnitz;AT;Burgenland;Südburgenland;+43 664 4215308;office@koch-weine.at;ÖWM-Betriebssuche
Koglmann;Bachstraße 28;7543;Kukmirn;AT;Burgenland;Südburgenland;+43 3328 32392;weinhof.koglmann@gmx.at;ÖWM-Betriebssuche
Kolby;Bahngasse 35;7123;Mönchhof;AT;Burgenland;Neusiedlersee;;;ÖWM-Betriebssuche
Kolfok;Lange Zeile 28;7311;Neckenmarkt;AT;Burgenland;Mittelburgenland;+43 664 4648479;kolfok@kolfok.com;ÖWM-Betriebssuche
Koller;Baumschulgasse 2b;7123;Mönchhof;AT;Burgenland;Neusiedlersee;+43 2173 80317;info@weingutkoller.at;ÖWM-Betriebssuche
Kollwentz;Hauptstraße 120;7051;Großhöflein;AT;Burgenland;Leithaberg;+43 2682 651580;kollwentz@kollwentz.at;ÖWM-Betriebssuche
Kolp;Hauptstrasse 95;7051;Großhöflein;AT;Burgenland;Leithaberg;+43 2682 62348;;ÖWM-Betriebssuche
Kopfensteiner;Untere Hauptstrasse 31;7474;Deutsch Schützen-Eisenberg;AT;Burgenland;Südburgenland;+43 3365 2236;weingut@kopfensteiner.at;ÖWM-Betriebssuche
Koppi;Wallernerstrasse 45;7143;Apetlon;AT;Burgenland;Neusiedlersee;;;ÖWM-Betriebssuche
Koppitsch;Oberer Satzweg 55;7100;Neusiedl am See;AT;Burgenland;Neusiedlersee;+43 2167 2636;wein@wein-koppitsch.at;ÖWM-Betriebssuche
Alex & Maria Koppitsch;Weinbergstrasse 22;7100;Neusiedl am See;AT;Burgenland;Neusiedlersee;+43 650 8611322;hello@koppitsch.wine;ÖWM-Betriebssuche
Kornfeld (Hauptstrasse);Hauptstrasse 35;7092;Winden am See;AT;Burgenland;Leithaberg;;;ÖWM-Betriebssuche
Kornfeld (Neusiedlerstrasse);Neusiedlerstrasse 3;7092;Winden am See;AT;Burgenland;Leithaberg;+43 2160 8298;;ÖWM-Betriebssuche
Kotzenmacher;Hauptstrasse 20;7152;Pamhagen;AT;Burgenland;Neusiedlersee;+43 2174 2280;hofatoni@gmx.at;ÖWM-Betriebssuche
Kovacs;Elisabethgasse 41;7301;Deutschkreutz;AT;Burgenland;Mittelburgenland;+43 2613 89793;info@weinbau-kovacs.at;ÖWM-Betriebssuche
Kracher;Apetlonerstrasse 37;7142;Illmitz;AT;Burgenland;Neusiedlersee;+43 2175 3377;office@kracher.at;ÖWM-Betriebssuche
Sabine & Sepp Kracher;Wasserzeile 55-57;7143;Apetlon;AT;Burgenland;Neusiedlersee;+43 664 2532289;weingut@seppkracher.at;ÖWM-Betriebssuche
Sohm & Kracher GmbH;Apetlonerstraße 37;7142;Illmitz;AT;Burgenland;Neusiedlersee;+43 2175 3377;office@kracher.at;ÖWM-Betriebssuche
Kraft;Conradplatz 11;7071;Rust;AT;Burgenland;Ruster Ausbruch;+43 664 9208012;info@kraftausrust.at;ÖWM-Betriebssuche
Kral Steffanus;Conradplatz 5;7071;Rust;AT;Burgenland;Ruster Ausbruch;+43 2685 23933;pavol@kral-steffanus.eu;ÖWM-Betriebssuche
Kranixfeld Fam. Fischl;Steinergasse 3;7072;Mörbisch am See;AT;Burgenland;Leithaberg;+43 2685 8348;kranixfeld-fischl@aon.at;ÖWM-Betriebssuche
Kraxner;Florianigasse 41;7521;Bildein;AT;Burgenland;Südburgenland;+43 3323 2934;kraxner.weine@aon.at;ÖWM-Betriebssuche
Kreiler;Kirchengasse 53;7083;Purbach am Neusiedler See;AT;Burgenland;Leithaberg;+43 650 2866433;weingut@kreiler.at;ÖWM-Betriebssuche
Krikler;Markt 24;7121;Weiden am See;AT;Burgenland;Neusiedlersee;+43 2167 7217;weingut.krikler@aon.at;ÖWM-Betriebssuche
Krikler Helga und Herbert;Neubaugasse 40;7121;Weiden am See;AT;Burgenland;Neusiedlersee;+43 2167 7945;weingut.helgakrikler@bnet.at;ÖWM-Betriebssuche
Krisanits;Gartengasse 32;7011;Siegendorf;AT;Burgenland;Leithaberg;;;ÖWM-Betriebssuche
Krizan;Hauptstrasse 14;7051;Großhöflein;AT;Burgenland;Leithaberg;+43 2682 3230;;ÖWM-Betriebssuche
Kroiss (Quergasse);Quergasse 13;7142;Illmitz;AT;Burgenland;Neusiedlersee;+43 2175 2395;wein@kroiss-weingut.at;ÖWM-Betriebssuche
Kroiss (Angergasse);Angergasse 20;7142;Illmitz;AT;Burgenland;Neusiedlersee;+43 2175 3102;;ÖWM-Betriebssuche
Kroiss (Apetlonerstrasse);Apetlonerstrasse 25;7142;Illmitz;AT;Burgenland;Neusiedlersee;+43 2175 2333;kroiss13@gmail.com;ÖWM-Betriebssuche
Kroiss (Ufergasse);Ufergasse 14;7142;Illmitz;AT;Burgenland;Neusiedlersee;+43 2175 3538;kroiss@interwein.at;ÖWM-Betriebssuche
Kroiss (Obere Hauptstrasse);Obere Hauptstrasse 28;7142;Illmitz;AT;Burgenland;Neusiedlersee;+43 2175 2234;weingut.kroiss@aon.at;ÖWM-Betriebssuche
Kroiss Andi;Untere Hauptstrasse 32;7142;Illmitz;AT;Burgenland;Neusiedlersee;+43 660 5764904;weingut.kroiss@bnet.at;ÖWM-Betriebssuche
Kroiss Roland;Untere Hauptstraße 32;7142;Illmitz;AT;Burgenland;Neusiedlersee;+43 2175 2137;kroiss.wien-illmitz@gmx.at;ÖWM-Betriebssuche
Kroyer (Hauptstrasse 14);Hauptstrasse 14;7092;Winden am See;AT;Burgenland;Leithaberg;+43 2160 8276;;ÖWM-Betriebssuche
Kroyer (Brucker Gasse);Brucker Gasse 8;7093;Jois;AT;Burgenland;Leithaberg;+43 2160 265;;ÖWM-Betriebssuche
Kroyer (Johannesstrasse);Johannesstrasse 37;7082;Donnerskirchen;AT;Burgenland;Leithaberg;+43 2683 8525;;ÖWM-Betriebssuche
Kroyer (Hauptstrasse 55);Hauptstrasse 55;7092;Winden am See;AT;Burgenland;Leithaberg;+43 660 5553613;weinbau@kroyer.at;ÖWM-Betriebssuche
Kruisz;Eisenstädter Straße 48;7011;Siegendorf;AT;Burgenland;Leithaberg;+43 2687 8351;;ÖWM-Betriebssuche
Krumpeck;Neusiedler Straße 78;7081;Schützen am Gebirge;AT;Burgenland;Leithaberg;+43 2684 2373;;ÖWM-Betriebssuche
Krutzler;Winzerstraße 68;7474;Deutsch Schützen-Eisenberg;AT;Burgenland;Südburgenland;+43 664 1431983;weingut@krutzler.at;ÖWM-Betriebssuche
Kugler (Obere Hauptstrasse);Obere Hauptstrasse 60;7121;Weiden am See;AT;Burgenland;Neusiedlersee;+43 2167 7250;;ÖWM-Betriebssuche
Kugler (Lisztstrasse);Lisztstrasse 15;7092;Winden am See;AT;Burgenland;Leithaberg;;;ÖWM-Betriebssuche
Kugler Vinum Saxum;Heidegasse 4;7062;St.Margarethen i.Burgenland;AT;Burgenland;Leithaberg;+43 2680 7061;info@kuglerwein.at;ÖWM-Betriebssuche
Julius Kuhm;Neubaugasse 5;7123;Mönchhof;AT;Burgenland;Neusiedlersee;+43 676 842618814;service@kuhm.at;ÖWM-Betriebssuche
Kummer (Stiftsgasse);Stiftsgasse 6;7123;Mönchhof;AT;Burgenland;Neusiedlersee;+43 664 3443658;eduard.pacher@web.de;ÖWM-Betriebssuche
Kummer (Quergasse);Quergasse 1;7123;Mönchhof;AT;Burgenland;Neusiedlersee;+43 699 11176655;info@weingut-kummer.at;ÖWM-Betriebssuche
Kummer-Schuster;Erzherzog-Friedrich- Strasse 9;7131;Halbturn;AT;Burgenland;Neusiedlersee;+43 699 17910230;office@rainerwein.com;ÖWM-Betriebssuche
Kurtz;Bachgasse 6;7092;Winden am See;AT;Burgenland;Leithaberg;+43 2160 7493;;ÖWM-Betriebssuche
Kurz;Hauptplatz 12;7521;Eberau;AT;Burgenland;Südburgenland;+43 3323 2532;;ÖWM-Betriebssuche
Kusmits;Hauptstraße 73;7081;Schützen am Gebirge;AT;Burgenland;Leithaberg;+43 2684 2809;;ÖWM-Betriebssuche
Kutrovatz;Untere Hauptstrasse 27;7041;Wulkaprodersdorf;AT;Burgenland;Leithaberg;;;ÖWM-Betriebssuche
Köllerhaus (Hotterweg);Hotterweg 66;7000;Eisenstadt;AT;Burgenland;Leithaberg;+43 2682 68571;koeller@bkf.at;ÖWM-Betriebssuche
Köllerhaus (Wienerstrasse);Wienerstrasse 35;7000;Eisenstadt;AT;Burgenland;Leithaberg;+43 2682 62772;;ÖWM-Betriebssuche
Königshofer;Untere Hauptstraße 34;7100;Neusiedl am See;AT;Burgenland;Neusiedlersee;+43 699 11850173;office@koenigshofer-wein.at;ÖWM-Betriebssuche
Köstner;Prangerstrasse 5;7091;Breitenbrunn;AT;Burgenland;Leithaberg;+43 676 6361893;office@biohof-koestner.at;ÖWM-Betriebssuche
Küfler;Stiftgasse 32;7123;Mönchhof;AT;Burgenland;Neusiedlersee;;;ÖWM-Betriebssuche
Lackner (Weinberggasse);Weinberggasse 15;7071;Rust;AT;Burgenland;Ruster Ausbruch;+43 2685 551;;ÖWM-Betriebssuche
Lackner (Apetloner Strasse);Apetloner Strasse 15;7132;Frauenkirchen;AT;Burgenland;Neusiedlersee;+43 2172 3102;;ÖWM-Betriebssuche
Laczko Alfons;Badersdorf 64;7512;Badersdorf;AT;Burgenland;Südburgenland;;weingut@laczko.at;ÖWM-Betriebssuche
Landauer;J. Haydngasse 5;7071;Rust;AT;Burgenland;Ruster Ausbruch;+43 2685 278;weingut@landauer.info;ÖWM-Betriebssuche
Landesweingut Burgenland - Weinbauschule;Neusiedlerstrasse 6;7000;Eisenstadt;AT;Burgenland;Leithaberg;+43 2682 63644;lfs.eisenstadt@weinbauschule.at;ÖWM-Betriebssuche
Lang (Lindengasse 16);Lindengasse 16;7072;Mörbisch am See;AT;Burgenland;Leithaberg;+43 2685 8489;;ÖWM-Betriebssuche
Lang (Lange Zeile);Lange Zeile 36;7311;Neckenmarkt;AT;Burgenland;Mittelburgenland;+43 2610 2719;weingut.lang@aon.at;ÖWM-Betriebssuche
Lang (Lindengasse 8);Lindengasse 8;7072;Mörbisch am See;AT;Burgenland;Leithaberg;+43 2685 8376;g.a-lang@aon.at;ÖWM-Betriebssuche
Lang (Söllnergasse);Söllnergasse 12;7161;Sankt Andrä am Zicksee;AT;Burgenland;Neusiedlersee;+43 2176 3530;;ÖWM-Betriebssuche
Lang (Nussau);Nussau 13;7072;Mörbisch am See;AT;Burgenland;Leithaberg;+43 2685 8595;;ÖWM-Betriebssuche
Lang (Raiffeisenstrasse);Raiffeisenstrasse 1;7072;Mörbisch am See;AT;Burgenland;Leithaberg;+43 2685 8305;;ÖWM-Betriebssuche
Lang Ernst & Renate;Obere Hauptstrasse 3;7142;Illmitz;AT;Burgenland;Neusiedlersee;+43 2175 21050;info@weingut-lang.at;ÖWM-Betriebssuche
Helmut Lang;Quergasse 5;7142;Illmitz See;AT;Burgenland;Neusiedlersee;+43 2175 2923;office@helmutlang.at;ÖWM-Betriebssuche
Rotweine Lang;Herrengasse 2;7311;Neckenmarkt;AT;Burgenland;Mittelburgenland;+43 2610 42384;office@rotweinelang.at;ÖWM-Betriebssuche
Lange;Am Anger 12;7312;Horitschon;AT;Burgenland;Mittelburgenland;+43 2610 3251;;ÖWM-Betriebssuche
Lantschbauer;Dr.-Ratzgasse 3;7071;Rust;AT;Burgenland;Ruster Ausbruch;+43 316 272372;;ÖWM-Betriebssuche
Lass;Josefistrasse 8;7132;Frauenkirchen;AT;Burgenland;Neusiedlersee;+43 2172 2163;;ÖWM-Betriebssuche
Lassl;Wiener Neustädter Strasse 60;7032;Sigleß;AT;Burgenland;Leithaberg;+43 2626 71381;office@weingut-lassl.at;ÖWM-Betriebssuche
Laubenkeller Miehl;Hauptstrasse 47;7062;St.Margarethen i.Burgenland;AT;Burgenland;Leithaberg;+43 2680 3544;;ÖWM-Betriebssuche
Leban;Untere Hauptstrasse 41;2421;Kittsee;AT;Burgenland;Neusiedlersee;+43 2143 2234;info@gasthaus-leban.at;ÖWM-Betriebssuche
Leberl (Kleinhöfleiner Hauptstrasse);Kleinhöfleiner Hauptstrasse 9;7000;Eisenstadt;AT;Burgenland;Leithaberg;;;ÖWM-Betriebssuche
Leberl (Hauptstrasse);Hauptstrasse 91;7051;Großhöflein;AT;Burgenland;Leithaberg;+43 2682 67800;weingut@leberl.at;ÖWM-Betriebssuche
Lebmann;Mittlere Hauptstrasse 5;2425;Nickelsdorf;AT;Burgenland;Neusiedlersee;+43 2146 2232;;ÖWM-Betriebssuche
Leeb (Kirchenplatz);Kirchenplatz 23;7000;Eisenstadt;AT;Burgenland;Leithaberg;+43 2682 61013;;ÖWM-Betriebssuche
Leeb (Brunnengasse);Brunnengasse 11;7000;Eisenstadt;AT;Burgenland;Leithaberg;+43 2682 68817;;ÖWM-Betriebssuche
Leeb (Kleinhöfleiner Hauptstraße);Kleinhöfleiner Hauptstraße 23;7000;Eisenstadt;AT;Burgenland;Leithaberg;+43 2682 63861;;ÖWM-Betriebssuche
Leeb (Hauptstrasse);Hauptstrasse 41;7092;Winden am See;AT;Burgenland;Leithaberg;+43 2160 8255;;ÖWM-Betriebssuche
Leeb Hermann;Stiftgasse 1;7092;Winden am See;AT;Burgenland;Leithaberg;+43 664 9172719;info@weingut-leeb.at;ÖWM-Betriebssuche
Leeb - Pelzmann;Untere Hauptstraße 9;7162;Tadten;AT;Burgenland;Neusiedlersee;+43 2176 2296;;ÖWM-Betriebssuche
Lehner (Kirchengasse);Kirchengasse 47;7000;Eisenstadt;AT;Burgenland;Leithaberg;+43 2682 73270;;ÖWM-Betriebssuche
Lehner (Schulgasse 19);Schulgasse 19;2443;Leithaprodersdorf;AT;Burgenland;Neusiedlersee;+43 2255 6574;;ÖWM-Betriebssuche
Lehner (Wiener Straße);Wiener Straße 130;7000;Eisenstadt;AT;Burgenland;Leithaberg;+43 2682 61005;;ÖWM-Betriebssuche
Lehner (Dr. Alfred Ratzgasse);Dr. Alfred Ratzgasse 2;7071;Rust;AT;Burgenland;Ruster Ausbruch;;winzerhof-lehner@gmx.at;ÖWM-Betriebssuche
Lehner (Schulgasse 11);Schulgasse 11;7083;Purbach am Neusiedler See;AT;Burgenland;Leithaberg;+43 2683 2469;testtest@gamil.com;ÖWM-Betriebssuche
Lehner Erwin u. Sigrid;Neustiftgasse 15;7122;Gols;AT;Burgenland;Neusiedlersee;+43 2173 2647;weingut.lehner@bnet.at;ÖWM-Betriebssuche
Thomas Lehner;Druschplatz 1;7122;Gols;AT;Burgenland;Neusiedlersee;+43 660 1690920;lehner.1@icloud.com;ÖWM-Betriebssuche
Lehrner;Wiesengasse 29;7312;Horitschon;AT;Burgenland;Mittelburgenland;+43 2610 42525;office@weinbau-lehrner.at;ÖWM-Betriebssuche
Lehrner e.U. Paul;Hauptstrasse 56;7312;Horitschon;AT;Burgenland;Mittelburgenland;+43 664 4556999;weingut@paul-lehrner.at;ÖWM-Betriebssuche
Leichtl;Bruckerg.18;7093;Jois;AT;Burgenland;Leithaberg;;;ÖWM-Betriebssuche
Leidl;Neusiedlerstraße 6;7083;Purbach am Neusiedler See;AT;Burgenland;Leithaberg;+43 676 7043999;weingut-leidl@bnet.at;ÖWM-Betriebssuche
Leidl-Hermann;Fellnergasse 34a;7083;Purbach am Neusiedler See;AT;Burgenland;Leithaberg;;;ÖWM-Betriebssuche
Leidl-Putz;Sätzgasse 13;7083;Purbach am Neusiedler See;AT;Burgenland;Leithaberg;+43 2683 5118;leidl.putz@purbach.at;ÖWM-Betriebssuche
Leitgeb (Sportplatzgasse);Sportplatzgasse 6;7032;Sigleß;AT;Burgenland;Leithaberg;+43 2626 7594;;ÖWM-Betriebssuche
Leitgeb (Weinberggasse);Weinberggasse 7;7071;Rust;AT;Burgenland;Ruster Ausbruch;+43 2685 380;wein@leitgeb-rust.at;ÖWM-Betriebssuche
Leitner;Quellengasse 33;7122;Gols;AT;Burgenland;Neusiedlersee;+43 2173 2593;weingut@leitner-gols.at;ÖWM-Betriebssuche
Lendl (Obere Hauptstraße);Obere Hauptstraße 21;7553;Bocksdorf;AT;Burgenland;Südburgenland;+43 664 5038808;weinbau.lendl@gmail.com;ÖWM-Betriebssuche
Lendl (Luising);Luising 20;7522;Strem;AT;Burgenland;Südburgenland;;;ÖWM-Betriebssuche
Lengauer;Kirchengasse 36;7143;Apetlon;AT;Burgenland;Neusiedlersee;;;ÖWM-Betriebssuche
Lentsch (Hauptstrasse);Hauptstrasse 68b;7082;Donnerskirchen;AT;Burgenland;Leithaberg;+43 2683 8108;info@weingut-lentsch.at;ÖWM-Betriebssuche
Lentsch (Untere Hauptstrasse);Untere Hauptstrasse 60;7093;Jois;AT;Burgenland;Leithaberg;+43 664 2124179;info@winzerhof-lentsch.at;ÖWM-Betriebssuche
Lentsch (Ratschin);Ratschin 35;7123;Mönchhof;AT;Burgenland;Neusiedlersee;;lentsch.k@aon.at;ÖWM-Betriebssuche
Seegut Lentsch;Neusiedlerstrasse 40;7141;Podersdorf am See;AT;Burgenland;Neusiedlersee;+43 660 6548405;info@seegut-lentsch.com;ÖWM-Betriebssuche
Leser Inge & Pepi;Ödenburger Strasse 9;7301;Deutschkreutz;AT;Burgenland;Mittelburgenland;+43 2613 89644;leser@weingut-leser.at;ÖWM-Betriebssuche
Leyrer;Hauptstrasse 19;7152;Pamhagen;AT;Burgenland;Neusiedlersee;;;ÖWM-Betriebssuche
Lichtenberger González;Seestrasse 42;7091;Breitenbrunn;AT;Burgenland;Leithaberg;+43 664 3426861;office@lichtenbergergonzalez.at;ÖWM-Betriebssuche
Lichtscheidl;Schanzstraße 52;7000;Eisenstadt;AT;Burgenland;Leithaberg;+43 2682 68598;kontakt@weingut-lichtscheidl.com;ÖWM-Betriebssuche
Lidy;Obere Hauptstrasse 2;7162;Tadten;AT;Burgenland;Neusiedlersee;+43 676 9210671;lidy@bnet.at;ÖWM-Betriebssuche
Liegenfeld;Johannesstrasse 25;7082;Donnerskirchen;AT;Burgenland;Leithaberg;+43 2683 8307;weingut@liegenfeld.at;ÖWM-Betriebssuche
Manfred Limbeck;Obere Hauptstrasse 62;7122;Gols;AT;Burgenland;Neusiedlersee;+43 2173 2292;weinbau@limbeck.at;ÖWM-Betriebssuche
Limp;Mittlere Haupstrasse 45;2425;Nickelsdorf;AT;Burgenland;Neusiedlersee;+43 2146 2752;;ÖWM-Betriebssuche
Lindenhof;Lindengasse 18;7072;Mörbisch am See;AT;Burgenland;Leithaberg;+43 2685 8227;wg.lindenhof@aon.at;ÖWM-Betriebssuche
Liszt;Hauptstrasse 10;2443;Leithaprodersdorf;AT;Burgenland;Neusiedlersee;+43 2255 6227;office@lisztwein.at;ÖWM-Betriebssuche
Loos;Illmitzerstraße 2;7143;Apetlon;AT;Burgenland;Neusiedlersee;+43 676 3346570;office@weingut-loos.at;ÖWM-Betriebssuche
Lorenz;Am Tafelberg 23;8380;Jennersdorf;AT;Burgenland;Südburgenland;+43 676 4557551;info@weinbau-lorenz.at;ÖWM-Betriebssuche
Luisser;Hagensdorf 22;7522;Strem;AT;Burgenland;Südburgenland;;;ÖWM-Betriebssuche
Luntsch;Eisenstädterstrasse;7093;Jois;AT;Burgenland;Leithaberg;;;ÖWM-Betriebssuche
Lunzer (Obere Hauptstrasse);Obere Hauptstrasse 20;7162;Tadten;AT;Burgenland;Neusiedlersee;+43 699 11366275;heinrich@weingutlunzer.at;ÖWM-Betriebssuche
Lunzer (Untere Hauptstrasse);Untere Hauptstrasse 98;7122;Gols;AT;Burgenland;Neusiedlersee;+43 2173 3364;weingut.mg.lunzer@aon.at;ÖWM-Betriebssuche
Lunzer (Breitenäcker);Breitenäcker 1;7122;Gols;AT;Burgenland;Neusiedlersee;+43 2173 2500;weingut@heinrich-lunzer.at;ÖWM-Betriebssuche
Lunzer Erwin u. Ingrid;Am Berg 7;7122;Gols;AT;Burgenland;Neusiedlersee;+43 2173 2314;info@weingut-lunzer.at;ÖWM-Betriebssuche
Lunzer Georg;Sportplatzgasse 4;7122;Gols;AT;Burgenland;Neusiedlersee;+43 2173 2776;georglunzer@aon.at;ÖWM-Betriebssuche
Löffler Winklhofer;Gartenweg 15;7503;Welgersdorf;AT;Burgenland;Südburgenland;+43 664 88194781;office@loeffler-winklhofer.at;ÖWM-Betriebssuche
Löschnauer;Lisztstrasse 1;7321;Raiding;AT;Burgenland;Mittelburgenland;;;ÖWM-Betriebssuche
MAD;Antonigasse 1;7063;Oggau am Neusiedler See;AT;Burgenland;Leithaberg;+43 2685 7207;office@weingut-mad.at;ÖWM-Betriebssuche
Mack & Schühle AG;Untere Hauptstrasse 19;7122;Gols;AT;Burgenland;Neusiedlersee;+43 664 6209330;geribeck@a1.net;ÖWM-Betriebssuche
Mad & Wine GmbH;Antonigasse 1;7063;Oggau am Neusiedler See;AT;Burgenland;Leithaberg;;office@madini.at;ÖWM-Betriebssuche
Mader;Eisenstädter Strasse 78;7081;Schützen am Gebirge;AT;Burgenland;Leithaberg;+43 2684 2121;;ÖWM-Betriebssuche
Magdalenenhof Kaiser;Kleinhöfleiner Hauptstrasse 86;7000;Eisenstadt;AT;Burgenland;Leithaberg;+43 2682 68624;kaiser@magdalenenhof.at;ÖWM-Betriebssuche
Magedler;Hauptstraße 66;7361;Lutzmannsburg;AT;Burgenland;Mittelburgenland;+43 2615 87722;;ÖWM-Betriebssuche
Maixner;Dorfstraße 50;7474;Deutsch Schützen-Eisenberg;AT;Burgenland;Südburgenland;+43 3365 2525;;ÖWM-Betriebssuche
Manfred Leeb - Das Weiner-leeb-nis;Am Platzl 8;7000;Eisenstadt;AT;Burgenland;Leithaberg;+43 2682 72055;;ÖWM-Betriebssuche
Mann Rita und Walter;Triftsteig 4;7063;Oggau am Neusiedler See;AT;Burgenland;Leithaberg;+43 664 73747819;walter.mann@aon.at;ÖWM-Betriebssuche
Marczinger;Bundesstrasse 31;7093;Jois;AT;Burgenland;Leithaberg;;;ÖWM-Betriebssuche
Margl;Hauptstrasse 30;7092;Winden am See;AT;Burgenland;Leithaberg;+43 2160 7422;;ÖWM-Betriebssuche
Mariel;Untere Hauptstrasse 51;7041;Wulkaprodersdorf;AT;Burgenland;Leithaberg;+43 2687 62995;office@mariel.at;ÖWM-Betriebssuche
Mariell;Hauptstrasse 74;7051;Großhöflein;AT;Burgenland;Leithaberg;+43 2682 61522;weinundschnaps@mariell.at;ÖWM-Betriebssuche
Marinits;Untere Hauptstrasse 9;7041;Wulkaprodersdorf;AT;Burgenland;Leithaberg;+43 2687 62977;office@marinits.at;ÖWM-Betriebssuche
Markus Tschida;Illmitzerstrasse 8;7143;Apetlon;AT;Burgenland;Neusiedlersee;+43 2175 2533;office@markus-tschida.at;ÖWM-Betriebssuche
Marlovits;Tiefer Weg;7471;Rechnitz;AT;Burgenland;Südburgenland;+43 664 4300877;wein@marlovits.cc;ÖWM-Betriebssuche
Martin Pasler;Obere Hauptstrasse 44;7093;Jois;AT;Burgenland;Leithaberg;+43 2160 8374;office@martinpasler.com;ÖWM-Betriebssuche
Marx (Blumentalgasse);Blumentalgasse 44;7072;Mörbisch am See;AT;Burgenland;Leithaberg;+43 2685 8844;;ÖWM-Betriebssuche
Marx (Herrengasse);Herrengasse 4;7072;Mörbisch am See;AT;Burgenland;Leithaberg;+43 2685 8255;;ÖWM-Betriebssuche
Maszlovits;Hauptstrasse 34;7201;Neudörfl;AT;Burgenland;Rosalia;;;ÖWM-Betriebssuche
Mate;Hauptstrasse 43;7011;Siegendorf;AT;Burgenland;Leithaberg;+43 2687 42116;;ÖWM-Betriebssuche
Matthias Wendelin;Feldgasse 3;7122;Gols;AT;Burgenland;Neusiedlersee;+43 2173 2485;office@matthias-wendelin.at;ÖWM-Betriebssuche
Mattis;Deutsch Ehrensdorf 54;7522;Strem;AT;Burgenland;Südburgenland;;;ÖWM-Betriebssuche
Matyas;Moschendorf 159;7540;Krottendorf;AT;Burgenland;Südburgenland;;;ÖWM-Betriebssuche
Mayer;Eisenstädter Straße 13;7082;Donnerskirchen;AT;Burgenland;Leithaberg;+43 2683 8197;winzermeistermayer@gmail.com;ÖWM-Betriebssuche
Mayer Robert;Untere Bahngasse 26;7131;Halbturn;AT;Burgenland;Neusiedlersee;+43 664 6369445;robertg.mayer@aon.at;ÖWM-Betriebssuche
Mayrhofer;Hauptstrasse 36;7312;Horitschon;AT;Burgenland;Mittelburgenland;+43 2610 42326;office@weingut-mayrhofer.at;ÖWM-Betriebssuche
Meczywor;Dorfstr. 52;7474;Deutsch Schützen-Eisenberg;AT;Burgenland;Südburgenland;+43 3365 2529;;ÖWM-Betriebssuche
Meinklang;Apetlonerstraße 38;7152;Pamhagen;AT;Burgenland;Neusiedlersee;+43 2174 216811;office@meinklang.at;ÖWM-Betriebssuche
Meitz;Hauptstraße 46;8383;Welten;AT;Burgenland;Südburgenland;+43 664 3867040;info@weingut-meitz.at;ÖWM-Betriebssuche
Melanie und Ronald Herczeg;Maria Weinberg 121;7521;Gaas;AT;Burgenland;Südburgenland;+43 664 9186545;office@weinherczeg.com;ÖWM-Betriebssuche
Meltsch;Gartengasse 24;7474;Hannersdorf;AT;Burgenland;Südburgenland;+43 3365 2613;;ÖWM-Betriebssuche
Menitz;Untere Hauptstraße 31;2443;Leithaprodersdorf;AT;Burgenland;Neusiedlersee;+43 676 5031698;menitzgeorg@aon.at;ÖWM-Betriebssuche
Merum;Sandgasse 7;7162;Tadten;AT;Burgenland;Neusiedlersee;+43 676 7204888;heinz.wurzinger@gmx.at;ÖWM-Betriebssuche
Messetler;Sandgrube 9;7143;Apetlon;AT;Burgenland;Neusiedlersee;;;ÖWM-Betriebssuche
Meszaros;Obere Hauptstraße 17;7162;Tadten;AT;Burgenland;Neusiedlersee;+43 2176 2127;;ÖWM-Betriebssuche
Michlits;Hauptgasse 20;7123;Mönchhof;AT;Burgenland;Neusiedlersee;+43 2173 80630;lisimichlits@gmx.at;ÖWM-Betriebssuche
Michlits-Stadlmann;Hauptstrasse 12;7161;Sankt Andrä am Zicksee;AT;Burgenland;Neusiedlersee;+43 664 2536498;office@weingut-stadlmann.com;ÖWM-Betriebssuche
Migschitz;Seegasse 13;7063;Oggau am Neusiedler See;AT;Burgenland;Leithaberg;+43 2685 7214;;ÖWM-Betriebssuche
Weingut Migsich;Kleine Zeile 66;7042;Antau;AT;Burgenland;Leithaberg;+43 2687 62253;office@migsich.at;ÖWM-Betriebssuche
Mikovits;Moschendorf 157;7540;Krottendorf;AT;Burgenland;Südburgenland;+43 3324 569;;ÖWM-Betriebssuche
Mild;Hauptstraße 59;7052;Müllendorf;AT;Burgenland;Leithaberg;+43 2682 65922;;ÖWM-Betriebssuche
Millner;Untere Hauptstrasse 43;7121;Weiden am See;AT;Burgenland;Neusiedlersee;+43 2167 7587;service@weinbau-millner.at;ÖWM-Betriebssuche
Mingler;Bahnstraße 70;7064;Oslip;AT;Burgenland;Leithaberg;+43 2684 2287;mingler-weine@gmx.at;ÖWM-Betriebssuche
Mittl;St. Kathrein 34;7474;Hannersdorf;AT;Burgenland;Südburgenland;+43 3365 2588;weingut.mittl@a1.net;ÖWM-Betriebssuche
Mock;Wiener Straße 72;7100;Neusiedl am See;AT;Burgenland;Neusiedlersee;+43 2167 2693;;ÖWM-Betriebssuche
Mollatz;Hauptstraße 9;7081;Schützen am Gebirge;AT;Burgenland;Leithaberg;+43 2684 2254;;ÖWM-Betriebssuche
Moravitz;Hauptstraße 1 a;7023;Zemendorf;AT;Burgenland;Leithaberg;+43 2626 5167;;ÖWM-Betriebssuche
Moric - Roland Velich;Kirchengasse 3;7051;Großhöflein;AT;Burgenland;Leithaberg;+43 664 4003231;office@moric.at;ÖWM-Betriebssuche
Moritz (Schulgasse);Schulgasse 1;7312;Horitschon;AT;Burgenland;Mittelburgenland;+43 2610 43220;office@blaufraenkisch.at;ÖWM-Betriebssuche
Moritz (Basteig.);Basteig.11;7461;Stadtschlaining;AT;Burgenland;Südburgenland;;;ÖWM-Betriebssuche
Moritzhof;Günserstrasse 18;7312;Horitschon;AT;Burgenland;Mittelburgenland;+43 2610 2401;;ÖWM-Betriebssuche
Moser;Untere Hauptstrasse 71;7121;Weiden am See;AT;Burgenland;Neusiedlersee;+43 699 19864210;office@moser-wein.at;ÖWM-Betriebssuche
Moser Hans;St. Georgener Hauptstrasse 13;7000;Eisenstadt;AT;Burgenland;Leithaberg;+43 2682 66607;weingut@hans-moser.at;ÖWM-Betriebssuche
Moser Weine GmbH;Am Heideboden 1;7122;Gols;AT;Burgenland;Neusiedlersee;+43 2173 2272;office@moserweine.at;ÖWM-Betriebssuche
Muntner;Schulgasse 5;7083;Purbach am Neusiedler See;AT;Burgenland;Leithaberg;+43 2683 5557;weingut@muntner.at;ÖWM-Betriebssuche
Munzenrieder (Kirchengasse);Kirchengasse 4;7143;Apetlon;AT;Burgenland;Neusiedlersee;+43 2175 24893;;ÖWM-Betriebssuche
Munzenrieder (Obere Hauptstraße);Obere Hauptstraße 38;7142;Illmitz;AT;Burgenland;Neusiedlersee;+43 2175 3567;;ÖWM-Betriebssuche
Mädl;Hauptgasse 23;7123;Mönchhof;AT;Burgenland;Neusiedlersee;;;ÖWM-Betriebssuche
Mühlgassner;Dreifaltigkeitsstrasse 72;7000;Eisenstadt;AT;Burgenland;Leithaberg;+43 2682 64473;weinbau.muehlgassner@bkf.at;ÖWM-Betriebssuche
Müllner (Obere Hauptstrasse);Obere Hauptstrasse 9/11;7100;Neusiedl am See;AT;Burgenland;Neusiedlersee;+43 2167 3395;office@weinbau-muellner.com;ÖWM-Betriebssuche
Müllner (Oberbildein);Oberbildein 36;7521;Eberau;AT;Burgenland;Südburgenland;+43 3323 2561;lfsguessing-direktion@aon.at;ÖWM-Betriebssuche
Münzenrieder;Wallernerstrasse 27;7143;Apetlon;AT;Burgenland;Neusiedlersee;+43 2175 2259;info@muenzenrieder.at;ÖWM-Betriebssuche
Nebenmayer;Eisenstädter Strasse 30;7091;Breitenbrunn;AT;Burgenland;Leithaberg;;;ÖWM-Betriebssuche
Neckenmarkt die Winzer eGen;Harkauerweg 2;7311;Neckenmarkt;AT;Burgenland;Mittelburgenland;+43 2610 42388;diewinzer@neckenmarkt.at;ÖWM-Betriebssuche
Neff - Perepatics Christopher;Neubaugasse 11;7141;Podersdorf am See;AT;Burgenland;Neusiedlersee;+43 660 3456980;office@neff-wein.at;ÖWM-Betriebssuche
Nehrer;St. Georgener Hauptstrasse 16;7000;Eisenstadt;AT;Burgenland;Leithaberg;+43 650 5322103;weingut@nehrer.at;ÖWM-Betriebssuche
Nekowitsch (Untere Hauptstrasse);Untere Hauptstrasse 17;7142;Illmitz;AT;Burgenland;Neusiedlersee;+43 699 12341468;office@weinbau-nekowitsch.at;ÖWM-Betriebssuche
Nekowitsch (Urbanusgasse);Urbanusgasse 2;7142;Illmitz;AT;Burgenland;Neusiedlersee;+43 2175 2039;nekowitsch.weine@aon.at;ÖWM-Betriebssuche
Nestor Wine;Lerchengasse 6;7131;Halbturn;AT;Burgenland;Neusiedlersee;+43 699 15262601;mail@nestor.wine;ÖWM-Betriebssuche
Neubauer Andreas;Mittelgasse 6;7301;Deutschkreutz;AT;Burgenland;Mittelburgenland;+43 2613 89748;office@weingut-neubauer.at;ÖWM-Betriebssuche
Neuberghof;Bundesstrasse 12;7093;Jois;AT;Burgenland;Leithaberg;+43 2160 8379;;ÖWM-Betriebssuche
Neuwirth (Hofgasse);Hofgasse 1;7000;Eisenstadt;AT;Burgenland;Leithaberg;+43 2682 68333;;ÖWM-Betriebssuche
Neuwirth (Hauptstrasse);Hauptstrasse 105;7051;Großhöflein;AT;Burgenland;Leithaberg;+43 2682 67977;;ÖWM-Betriebssuche
Nevrkla;Am Wehrturm 3;7083;Purbach am Neusiedler See;AT;Burgenland;Leithaberg;+43 664 4312460;nevrkla@aon.at;ÖWM-Betriebssuche
Niegl;Hauptstrasse 12;7000;Eisenstadt;AT;Burgenland;Leithaberg;;;ÖWM-Betriebssuche
Nier Fine Wines;Kreuzjoch 1;7123;Mönchhof;AT;Burgenland;Neusiedlersee;+43 2173 80885;nier-group@speed.at;ÖWM-Betriebssuche
Niessl;Bundesstrasse 23;7093;Jois;AT;Burgenland;Leithaberg;+43 2160 8234;wein@weingut-niessl.at;ÖWM-Betriebssuche
Nikles;Apfelstraße 35;7543;Kukmirn;AT;Burgenland;Südburgenland;+43 3328 32081;info@nikles.at;ÖWM-Betriebssuche
Nittnaus;Neubaugasse 2 Nittnaus;7122;Gols;AT;Burgenland;Neusiedlersee;+43 2173 2522;weingut@nitt-wein.at;ÖWM-Betriebssuche
Nittnaus Anita & Hans;Untere Hauptstrasse 49;7122;Gols;AT;Burgenland;Neusiedlersee;+43 2173 2248;office@nittnaus.at;ÖWM-Betriebssuche
Gebrüder Nittnaus;Untere Hauptstrasse 105;7122;Gols;AT;Burgenland;Neusiedlersee;+43 2173 2186;weingut@nittnaus.net;ÖWM-Betriebssuche
Winzerhaus Nittnaus;Obere Hauptstrasse 32;7122;Gols;AT;Burgenland;Neusiedlersee;+43 2173 2622;office@nittnaus-gols.at;ÖWM-Betriebssuche
Noe;Moschendorf 100;7540;Krottendorf;AT;Burgenland;Südburgenland;;;ÖWM-Betriebssuche
Sibylle und Josef Novak;Parkstraße 12;7131;Halbturn;AT;Burgenland;Neusiedlersee;+43 664 4535807;sibylle.novak@gmx.at;ÖWM-Betriebssuche
Nährer;Dreifaltigkeitsstrasse 18;7000;Eisenstadt;AT;Burgenland;Leithaberg;;;ÖWM-Betriebssuche
Oberhauser;Herrengasse 28;7311;Neckenmarkt;AT;Burgenland;Mittelburgenland;+43 2610 43612;weinbau.oberhauser@gmx.at;ÖWM-Betriebssuche
Ochs;Rosenberggasse 20;7121;Weiden am See;AT;Burgenland;Neusiedlersee;+43 1 3657865680;weingut-ochs@aon.at;ÖWM-Betriebssuche
Ohr;Ruster Strasse 51;7000;Eisenstadt;AT;Burgenland;Leithaberg;+43 2682 62460;info@hotelohr.at;ÖWM-Betriebssuche
Oleander Heuriger;Flugplatzstrasse 7;7061;Trausdorf an der Wulka;AT;Burgenland;Leithaberg;+43 2682 62153;oleander@vienna.at;ÖWM-Betriebssuche
Oleanderhof-Kroyer;Hauptstrasse 28;7092;Winden am See;AT;Burgenland;Leithaberg;+43 2160 8413;wohnen@oleanderhof-kroyer.at;ÖWM-Betriebssuche
Opitz;Grabengasse 37;7142;Illmitz;AT;Burgenland;Neusiedlersee;+43 2175 2095;;ÖWM-Betriebssuche
Opitz Michael;Quergasse 17;7143;Apetlon;AT;Burgenland;Neusiedlersee;+43 664 73574683;office@wein-opitz.at;ÖWM-Betriebssuche
Willi Opitz Illmitz;St.Bartholomäusgasse 18;7142;Illmitz;AT;Burgenland;Neusiedlersee;+43 2175 2084;winery@willi-opitz.at;ÖWM-Betriebssuche
Szemes Illa und Oscar;Weinhoferplatz 7;7423;Pinkafeld;AT;Burgenland;Südburgenland;+43 664 5107002;office@szemes.at;ÖWM-Betriebssuche
Osterseher;Neue Gasse 20;7071;Rust;AT;Burgenland;Ruster Ausbruch;;;ÖWM-Betriebssuche
PMC Münzenrieder;Triftgasse 31;7143;Apetlon;AT;Burgenland;Neusiedlersee;+43 2175 26700;office@weingut-pmc.at;ÖWM-Betriebssuche
Pachinger;Brunnengasse 45;7000;Eisenstadt;AT;Burgenland;Leithaberg;+43 660 5540171;weingut.pachinger@gmx.at;ÖWM-Betriebssuche
Pairits;Weingartenstraße 41;7000;Eisenstadt;AT;Burgenland;Leithaberg;+43 699 11454156;;ÖWM-Betriebssuche
Paldan;Zickhöhe 24;7142;Illmitz;AT;Burgenland;Neusiedlersee;;;ÖWM-Betriebssuche
Palkovich;Burggasse 4a;7061;Trausdorf an der Wulka;AT;Burgenland;Leithaberg;;w.palko@gmx.at;ÖWM-Betriebssuche
Palkowitsch;Obere Hauptstrasse 71;7142;Illmitz;AT;Burgenland;Neusiedlersee;+43 2175 3218;weingut-palkowitsch@aon.at;ÖWM-Betriebssuche
Panta Rhei;Weingartenstraße 37;7000;Eisenstadt;AT;Burgenland;Leithaberg;+43 664 4344190;office@schwarz-weine.at;ÖWM-Betriebssuche
Paradeis;Gänsgasse 16;2421;Kittsee;AT;Burgenland;Neusiedlersee;+43 2143 2050;;ÖWM-Betriebssuche
Pasler (Untere Hauptstrasse);Untere Hauptstrasse 30;7093;Jois;AT;Burgenland;Leithaberg;+43 2160 7385;office@franzpasler.at;ÖWM-Betriebssuche
Pasler (Untere Hauptstraße);Untere Hauptstraße 29;7093;Jois;AT;Burgenland;Leithaberg;+43 2160 7385;michael.pasler@franzpasler.at;ÖWM-Betriebssuche
Pasler-Bäck Georg;Untere Hauptstraße 53;7093;Jois;AT;Burgenland;Leithaberg;+43 2160 8232;office@pasler-baeck.at;ÖWM-Betriebssuche
Pavitsich;Wiener Strasse 33;7052;Müllendorf;AT;Burgenland;Leithaberg;+43 2682 72954;pavitsich@gmx.net;ÖWM-Betriebssuche
Payer (Kirchengasse);Kirchengasse 82;7062;St.Margarethen i.Burgenland;AT;Burgenland;Leithaberg;+43 2680 2834;;ÖWM-Betriebssuche
Payer (Sportplatzgasse);Sportplatzgasse 17;7143;Apetlon;AT;Burgenland;Neusiedlersee;+43 2175 24091;office@weingut-payer.at;ÖWM-Betriebssuche
Payer (Marktstrasse);Marktstrasse 17;7152;Pamhagen;AT;Burgenland;Neusiedlersee;+43 2174 2124;;ÖWM-Betriebssuche
Peck;Hauptgasse 17/2;7163;Andau;AT;Burgenland;Neusiedlersee;+43 699 12335240;peck.franz@gmx.at;ÖWM-Betriebssuche
Manuela Peck;Weingartengasse 1a;7163;Andau;AT;Burgenland;Neusiedlersee;+43 680 1165030;geraldpeck@gmx.at;ÖWM-Betriebssuche
Peer;Hubert-Zumpf- Gasse 3;7400;Oberwart;AT;Burgenland;Südburgenland;+43 3352 31252;;ÖWM-Betriebssuche
Peischler;Dorfstraße 35;7474;Hannersdorf;AT;Burgenland;Südburgenland;+43 3365 2580;;ÖWM-Betriebssuche
Pension Ulrike;Pfarrhofsteg 2;7072;Mörbisch am See;AT;Burgenland;Leithaberg;+43 2685 8655;;ÖWM-Betriebssuche
Pepek;Grenzlandstraße 32;7474;Deutsch Schützen-Eisenberg;AT;Burgenland;Südburgenland;+43 3365 2563;;ÖWM-Betriebssuche
Perl;Fabriksg.1;7503;Großpetersdorf;AT;Burgenland;Südburgenland;;;ÖWM-Betriebssuche
Peterhof;Neustiftgasse 22;7072;Mörbisch am See;AT;Burgenland;Leithaberg;+43 2685 8400;peterhof@aon.at;ÖWM-Betriebssuche
Peto;Haupstraße 35;7064;Oslip;AT;Burgenland;Leithaberg;+43 2684 26352;;ÖWM-Betriebssuche
Petzl - Tschida;Zickhöhe 46;7142;Illmitz;AT;Burgenland;Neusiedlersee;+43 2175 2984;;ÖWM-Betriebssuche
Pfeffer;Nr.70;7473;Burg;AT;Burgenland;Südburgenland;;pfeffer.reinhard@gmx.at;ÖWM-Betriebssuche
Pfeiffer (Hauptstrasse);Hauptstrasse 44;7092;Winden am See;AT;Burgenland;Leithaberg;+43 2160 8278;;ÖWM-Betriebssuche
Pfeiffer (Heiligenbrunn);Heiligenbrunn 9;7522;Strem;AT;Burgenland;Südburgenland;+43 3324 246;;ÖWM-Betriebssuche
Pfeller;Hauptstrasse 21;7092;Winden am See;AT;Burgenland;Leithaberg;;;ÖWM-Betriebssuche
Lisa Pfneisl;Karrnergasse 30-32;7301;Deutschkreutz;AT;Burgenland;Mittelburgenland;+43 2613 80048;wein@weingut-pfneisl.at;ÖWM-Betriebssuche
Pillinger;Neustiftgasse 50;7123;Mönchhof;AT;Burgenland;Neusiedlersee;;;ÖWM-Betriebssuche
Pinetz;Haydngasse 32-34;7132;Frauenkirchen;AT;Burgenland;Neusiedlersee;+43 2172 2534;weingut@pinetz.com;ÖWM-Betriebssuche
Pingitzer (Zickhöhe);Zickhöhe 16;7142;Illmitz;AT;Burgenland;Neusiedlersee;+43 2175 2086;;ÖWM-Betriebssuche
Pingitzer (Apetlonerstrasse);Apetlonerstrasse 11;7142;Illmitz;AT;Burgenland;Neusiedlersee;+43 2175 2122;;ÖWM-Betriebssuche
Pinter;Deutsch Schützen 80;7474;Deutsch Schützen-Eisenberg;AT;Burgenland;Südburgenland;+43 3365 2246;;ÖWM-Betriebssuche
Piribauer;Hauptstrasse 71;7201;Neudörfl;AT;Burgenland;Rosalia;+43 2622 77291;office@piribauer.net;ÖWM-Betriebssuche
Pittnauer (Obere Hauptstrasse 3);Obere Hauptstrasse 3;7122;Gols;AT;Burgenland;Neusiedlersee;+43 2173 2287;;ÖWM-Betriebssuche
Pittnauer (Obere Hauptstrasse 86);Obere Hauptstrasse 86;7122;Gols;AT;Burgenland;Neusiedlersee;+43 699 11782638;info@weingut-pittnauer.at;ÖWM-Betriebssuche
Erich & Birgit Pittnauer;Alte Satz 24;7122;Gols;AT;Burgenland;Neusiedlersee;+43 664 3905377;info@pittnauerwein.at;ÖWM-Betriebssuche
Pittnauer Gerald, Adele & Barbara;Zeile 15;7122;Gols;AT;Burgenland;Neusiedlersee;+43 2173 3381;info@wein-pittnauer.at;ÖWM-Betriebssuche
Pittnauer Gerhard und Brigitte;Neubaugasse 90;7122;Gols;AT;Burgenland;Neusiedlersee;+43 2173 3407;weingut@pittnauer.com;ÖWM-Betriebssuche
Pitzer;Reitschulgasse 12;7131;Halbturn;AT;Burgenland;Neusiedlersee;+43 2172 8235;pitzerg@aon.at;ÖWM-Betriebssuche
Pitzl (Neubaugasse);Neubaugasse 7;7143;Apetlon;AT;Burgenland;Neusiedlersee;+43 2175 3786;weinbaupitzl@bnet.at;ÖWM-Betriebssuche
Pitzl (Frauenkirchnerstrasse);Frauenkirchnerstrasse 6;7143;Apetlon;AT;Burgenland;Neusiedlersee;+43 2175 2101;;ÖWM-Betriebssuche
Pluschkovits;Schulgasse 11;2443;Leithaprodersdorf;AT;Burgenland;Neusiedlersee;+43 664 5304127;weingut@pluschkovits.at;ÖWM-Betriebssuche
Polczer;Gartengasse 20;7474;Deutsch Schützen-Eisenberg;AT;Burgenland;Südburgenland;+43 664 8117586;weingut@polczer.at;ÖWM-Betriebssuche
Poller;Höll 43;7474;Deutsch Schützen-Eisenberg;AT;Burgenland;Südburgenland;+43 664 5151926;helmut@weingut-poller.at;ÖWM-Betriebssuche
Posch (Untere Bahnstrasse);Untere Bahnstrasse 17;7083;Purbach am Neusiedler See;AT;Burgenland;Leithaberg;+43 2683 5203;;ÖWM-Betriebssuche
Posch (Moschendorf);Moschendorf 59;7540;Krottendorf;AT;Burgenland;Südburgenland;+43 3324 541;;ÖWM-Betriebssuche
Prangl;Nr.180;7473;Hannersdorf;AT;Burgenland;Südburgenland;;;ÖWM-Betriebssuche
Praunseis;Sebastianstrasse 44;7063;Oggau am Neusiedler See;AT;Burgenland;Leithaberg;+43 2685 7162;;ÖWM-Betriebssuche
Preiner;Erzherzog- Friedrich-Strasse 26;7131;Halbturn;AT;Burgenland;Neusiedlersee;+43 2172 8588;;ÖWM-Betriebssuche
Preiner Wein GmbH;Sportplatzgasse 21;7143;Apetlon;AT;Burgenland;Neusiedlersee;+43 699 19202966;office@preinerwein.at;ÖWM-Betriebssuche
Preisinger;Untere Hauptstrasse 127;7122;Gols;AT;Burgenland;Neusiedlersee;+43 2173 2641;;ÖWM-Betriebssuche
Claus Preisinger;Goldbergstraße 60;7122;Gols;AT;Burgenland;Neusiedlersee;+43 2173 2592;wein@clauspreisinger.at;ÖWM-Betriebssuche
Georg Preisinger;Neubaugasse 26;7122;Gols;AT;Burgenland;Neusiedlersee;+43 2173 2256;wein@georgpreisinger.at;ÖWM-Betriebssuche
Preisinger Helmut & Gabriele;Neubaugasse 19;7122;Gols;AT;Burgenland;Neusiedlersee;+43 2173 2362;office@weingut-preisinger.at;ÖWM-Betriebssuche
Preschitz;Kalvarienbergstraße 29;7100;Neusiedl am See;AT;Burgenland;Neusiedlersee;+43 660 2795437;willkommen@preschitz.at;ÖWM-Betriebssuche
Pressl;Obere Bahngasse 15;7083;Purbach am Neusiedler See;AT;Burgenland;Leithaberg;;;ÖWM-Betriebssuche
Pretterebner;Weinberggasse 10;7011;Siegendorf;AT;Burgenland;Leithaberg;+43 2687 42310;weinbau@pretterebner.com;ÖWM-Betriebssuche
Prickler;Birkenhain 1;7361;Lutzmannsburg;AT;Burgenland;Mittelburgenland;+43 2615 87742;rotweingut@prickler.at;ÖWM-Betriebssuche
Pridt Herbert;Marktgasse 5;7122;Gols;AT;Burgenland;Neusiedlersee;;;ÖWM-Betriebssuche
Pridt-Sengl;Untere Hauptstrasse 27;7122;Gols;AT;Burgenland;Neusiedlersee;+43 2173 2245;office@sengl-pridt.at;ÖWM-Betriebssuche
Prieler;Hauptstrasse 181;7081;Schützen am Gebirge;AT;Burgenland;Leithaberg;+43 2684 2229;weingut@prieler.at;ÖWM-Betriebssuche
Probszt (Neugasse);Neugasse 24;7321;Raiding;AT;Burgenland;Mittelburgenland;;;ÖWM-Betriebssuche
Probszt (Mariengasse);Mariengasse 13a;7311;Neckenmarkt;AT;Burgenland;Mittelburgenland;+43 2610 43334;;ÖWM-Betriebssuche
Projekt Wildtyp;Hauptstraße 14;7062;St.Margarethen i.Burgenland;AT;Burgenland;Leithaberg;+43 676 5506022;projektwildtyp@gmail.com;ÖWM-Betriebssuche
Prommer;Hauptstrasse 32;7092;Winden am See;AT;Burgenland;Leithaberg;;;ÖWM-Betriebssuche
Putz;Eichengasse 9;7312;Horitschon;AT;Burgenland;Mittelburgenland;+43 699 11865736;stadlheuriger.putz@gmail.com;ÖWM-Betriebssuche
Pöckl;Zwergäcker 1;7123;Mönchhof;AT;Burgenland;Neusiedlersee;+43 2173 80258;info@poeckl.com;ÖWM-Betriebssuche
Qualitätsweinbau Fuhrmann;Neustift 9;7121;Weiden am See;AT;Burgenland;Neusiedlersee;+43 2167 7129;;ÖWM-Betriebssuche
Rabold Dietmar & Liane;Dorfstraße 17;7474;Hannersdorf;AT;Burgenland;Südburgenland;;weinbau.rabold@eisenberg.at;ÖWM-Betriebssuche
Racz;Annagasse 3;7311;Neckenmarkt;AT;Burgenland;Mittelburgenland;+43 2610 42310;;ÖWM-Betriebssuche
Radlerkeller Haider;Angergasse 34;7142;Illmitz;AT;Burgenland;Neusiedlersee;+43 2175 3472;;ÖWM-Betriebssuche
Rainhof;Friedhofgasse 67;7121;Weiden am See;AT;Burgenland;Neusiedlersee;+43 2167 7677;;ÖWM-Betriebssuche
Rainprecht Christian;Hauptstrasse 32;7063;Oggau am Neusiedler See;AT;Burgenland;Leithaberg;+43 2685 7222;weingut@rainprecht.at;ÖWM-Betriebssuche
Rapp;Angergasse 37;7123;Mönchhof;AT;Burgenland;Neusiedlersee;;;ÖWM-Betriebssuche
Rath;Kellerring 6e;7091;Breitenbrunn;AT;Burgenland;Leithaberg;+43 2683 57754;;ÖWM-Betriebssuche
Ratz;Conradplatz 14;7071;Rust;AT;Burgenland;Ruster Ausbruch;+43 2685 6412;;ÖWM-Betriebssuche
Rauchbauer (Kellerberg);Kellerberg 6;7000;Eisenstadt;AT;Burgenland;Leithaberg;+43 2682 64829;bibi.rauchbauer@aon.at;ÖWM-Betriebssuche
Rauchbauer (Kirchenplatz);Kirchenplatz 29;7000;Eisenstadt;AT;Burgenland;Leithaberg;+43 2682 68709;info@weingut-rauchbauer.at;ÖWM-Betriebssuche
Rausch;Josef Haydng.16;7093;Jois;AT;Burgenland;Leithaberg;;;ÖWM-Betriebssuche
Rauschnittweine;Oberer Hauptstraße 30;7122;Gols;AT;Burgenland;Neusiedlersee;+43 680 3175808;rauschnittweine@gmail.com;ÖWM-Betriebssuche
Rebhof Sommer;Kirchengasse 4;7072;Mörbisch am See;AT;Burgenland;Leithaberg;+43 660 2116557;office@wein-sommer.at;ÖWM-Betriebssuche
Hannes Reeh GmbH;Augasse 11A;7163;Andau;AT;Burgenland;Neusiedlersee;+43 2176 27011;wein@hannesreeh.at;ÖWM-Betriebssuche
Reichardt;Johannesstrasse 28;7082;Donnerskirchen;AT;Burgenland;Leithaberg;+43 2683 8163;office@weingut-reichardt.at;ÖWM-Betriebssuche
Reichow;Strandgasse 9;7141;Podersdorf am See;AT;Burgenland;Neusiedlersee;;;ÖWM-Betriebssuche
Reimann;Eisenstädter Strasse 36;7011;Siegendorf;AT;Burgenland;Leithaberg;;;ÖWM-Betriebssuche
Reinfeld;Hauptstrasse 36 a;7301;Deutschkreutz;AT;Burgenland;Mittelburgenland;+43 2613 80307;mail@weinbaureinfeld.at;ÖWM-Betriebssuche
Reinfeld Martin;Hauptstraße 19;7081;Schützen am Gebirge;AT;Burgenland;Leithaberg;+43 699 11506264;office@martinreinfeld.at;ÖWM-Betriebssuche
Reinprecht;Triftsteig 9;7063;Oggau am Neusiedler See;AT;Burgenland;Leithaberg;;;ÖWM-Betriebssuche
Reinprecht Gerti & Hans;Hauptstrasse 20;7063;Oggau am Neusiedler See;AT;Burgenland;Leithaberg;+43 2685 7650;office@weinbau-reinprecht.at;ÖWM-Betriebssuche
Remushof Jagschitz;Untere Lerchengasse 15;7064;Oslip;AT;Burgenland;Leithaberg;+43 664 4328320;jagschitz@remushof.at;ÖWM-Betriebssuche
Rendl;Feldgasse 15;7062;St.Margarethen i.Burgenland;AT;Burgenland;Leithaberg;;;ÖWM-Betriebssuche
Renner & rennersistas;Obere Hauptstrasse 97;7122;Gols;AT;Burgenland;Neusiedlersee;+43 2173 2259;office@rennerundsistas.at;ÖWM-Betriebssuche
Rennhofer;Am Naturpark 16;7474;Deutsch Schützen-Eisenberg;AT;Burgenland;Südburgenland;+43 664 6542518;weingut@rennhofer.cc;ÖWM-Betriebssuche
Grenzlandhof Familie Reumann;Friedlbrunngasse 1;7301;Deutschkreutz;AT;Burgenland;Mittelburgenland;+43 2613 89847;mail@grenzlandhof-reumann.at;ÖWM-Betriebssuche
Reumann Josef u. Maria;Neubaugasse 39;7301;Deutschkreutz;AT;Burgenland;Mittelburgenland;+43 664 1213285;info@weingut-reumann.at;ÖWM-Betriebssuche
Reunion Wein;Apetlonerstraße 37;7142;Illmitz;AT;Burgenland;Neusiedlersee;+43 2175 3377;office@kracherfinewine.at;ÖWM-Betriebssuche
Richter;Josef-Haydn-Gasse 13;7093;Jois;AT;Burgenland;Leithaberg;+43 2160 8328;urlaub@winzerhof-richter.at;ÖWM-Betriebssuche
Riedenhof Kadlec;Untere Hauptstraße 34;7142;Illmitz;AT;Burgenland;Neusiedlersee;+43 664 1031306;k.kadlec@aon.at;ÖWM-Betriebssuche
Rieger;Nr.85;7463;Weiden bei Rechnitz;AT;Burgenland;Südburgenland;;;ÖWM-Betriebssuche
Riepl;Schulgasse 4;7122;Gols;AT;Burgenland;Neusiedlersee;+43 676 9066323;office@weingut-riepl.at;ÖWM-Betriebssuche
Ringbauer;Frauenkirchnerstrasse 18;7141;Podersdorf am See;AT;Burgenland;Neusiedlersee;;;ÖWM-Betriebssuche
Ringhofer;Ödenburgerstrasse 10;7051;Großhöflein;AT;Burgenland;Leithaberg;+43 2682 61413;harald.pairits@gmx.at;ÖWM-Betriebssuche
Ringhofer-Pairits;Raiffeisenplatz 3;7051;Großhöflein;AT;Burgenland;Leithaberg;+43 699 11454156;office@winzerei.at;ÖWM-Betriebssuche
Ritter;Hauptstrasse 15;7082;Donnerskirchen;AT;Burgenland;Leithaberg;+43 2683 8339;;ÖWM-Betriebssuche
Rittsteuer (Hauptplatz);Hauptplatz 18;7100;Neusiedl am See;AT;Burgenland;Neusiedlersee;+43 664 2238136;office@weingut-rittsteuer.at;ÖWM-Betriebssuche
Rittsteuer (Feldgasse);Feldgasse 1;7100;Neusiedl am See;AT;Burgenland;Neusiedlersee;+43 2167 2449;;ÖWM-Betriebssuche
Robitza;Rosengasse 4;7064;Oslip;AT;Burgenland;Leithaberg;+43 699 12338540;office@robitza-wein.at;ÖWM-Betriebssuche
Rohrer;Hauptstrasse 21;7361;Lutzmannsburg;AT;Burgenland;Mittelburgenland;+43 2615 81204;;ÖWM-Betriebssuche
Familie Rohrer;Hauptstrasse 92;7361;Lutzmannsburg;AT;Burgenland;Mittelburgenland;+43 650 8122384;info@rohrerwein.at;ÖWM-Betriebssuche
Roll;Seestrasse 12;7161;Sankt Andrä am Zicksee;AT;Burgenland;Neusiedlersee;+43 2176 2327;;ÖWM-Betriebssuche
Rommer;Neubaugasse 20;7122;Gols;AT;Burgenland;Neusiedlersee;+43 2173 3129;office@weingut-rommer.at;ÖWM-Betriebssuche
Rosenhof;Florianigasse 1;7142;Illmitz;AT;Burgenland;Neusiedlersee;+43 2175 2232;illmitz@rosenhof.cc;ÖWM-Betriebssuche
Roth;Obere Hauptstrasse 43;2423;Deutsch Jahrndorf;AT;Burgenland;Neusiedlersee;+43 650 8536633;office@rothwein.at;ÖWM-Betriebssuche
RotweinHof Amminger;Günser Straße 8;7312;Horitschon;AT;Burgenland;Mittelburgenland;+43 2610 42212;info@rotweinhof.at;ÖWM-Betriebssuche
Rudolf Klein „Wein aus der Hölle“;Hölle 1;7142;Illmitz;AT;Burgenland;Neusiedlersee;+43 699 19568137;rudi@hoelle1.com;ÖWM-Betriebssuche
Rupprecht (Wienerstrasse);Wienerstrasse 5 und 7;7123;Mönchhof;AT;Burgenland;Neusiedlersee;+43 2173 80761;;ÖWM-Betriebssuche
Rupprecht (Wiener Strasse);Wiener Strasse 1;7123;Mönchhof;AT;Burgenland;Neusiedlersee;+43 2173 80314;;ÖWM-Betriebssuche
Ruttrich;Josefistrasse 40;7132;Frauenkirchen;AT;Burgenland;Neusiedlersee;+43 2172 3433;;ÖWM-Betriebssuche
Römerstein;Seegasse 18;7142;Illmitz;AT;Burgenland;Neusiedlersee;+43 2175 2771;info@waltschekweine.at;ÖWM-Betriebssuche
Rüssel-Maikis;Neubaugasse 12;7083;Purbach am Neusiedler See;AT;Burgenland;Leithaberg;+43 2683 2936;;ÖWM-Betriebssuche
SCHUHMANNS WEINHOF;Altenberg 1;7122;Gols;AT;Burgenland;Neusiedlersee;+43 2173 2594;wein@schuhmannsweinhof.at;ÖWM-Betriebssuche
Sailer;Untere Hauptstrasse 8;7142;Illmitz;AT;Burgenland;Neusiedlersee;+43 2175 3893;;ÖWM-Betriebssuche
Salzer;Obere Kellergasse 101;7474;Deutsch Schützen-Eisenberg;AT;Burgenland;Südburgenland;;;ÖWM-Betriebssuche
Salzl (Angergasse);Angergasse 22 Salzl;7142;Illmitz;AT;Burgenland;Neusiedlersee;+43 2175 2140;info@salzlwein.at;ÖWM-Betriebssuche
Salzl (Angergasse 7);Angergasse 7;7142;Illmitz;AT;Burgenland;Neusiedlersee;+43 2175 3106;;ÖWM-Betriebssuche
Salzl Seewinkelhof;Zwischen den Reben 1;7142;Illmitz;AT;Burgenland;Neusiedlersee;+43 2175 24342;weingut@salzl.at;ÖWM-Betriebssuche
Sammer (Prangerstraße);Prangerstraße 45;7091;Breitenbrunn;AT;Burgenland;Leithaberg;+43 2683 2836;;ÖWM-Betriebssuche
Sammer (Grabenstrasse);Grabenstrasse 55;7540;Güssing;AT;Burgenland;Südburgenland;;;ÖWM-Betriebssuche
Sammer (Spitalgasse);Spitalgasse 30;7091;Breitenbrunn;AT;Burgenland;Leithaberg;+43 2683 2040;;ÖWM-Betriebssuche
Samwald;Lindengasse 9;7051;Großhöflein;AT;Burgenland;Leithaberg;;;ÖWM-Betriebssuche
Sandhofer (Am Anger);Am Anger 12;7091;Breitenbrunn;AT;Burgenland;Leithaberg;+43 699 15007550;weingut@hubertsandhofer.com;ÖWM-Betriebssuche
Sandhofer (Kellergasse);Kellergasse 6;7083;Purbach am Neusiedler See See;AT;Burgenland;Leithaberg;+43 2683 5502;weingut@sandhofer.net;ÖWM-Betriebssuche
Sattler (Untere Hauptstraße);Untere Hauptstraße 166;7100;Neusiedl am See;AT;Burgenland;Neusiedlersee;+43 2167 2773;;ÖWM-Betriebssuche
Sattler (Obere Hauptstrasse);Obere Hauptstrasse 10;7162;Tadten;AT;Burgenland;Neusiedlersee;+43 699 11658571;erichsattler@gmx.at;ÖWM-Betriebssuche
Sattler (Klausenberg);Klausenberg;7093;Jois;AT;Burgenland;Leithaberg;+43 676 5426866;info@sattler-seeblick.at;ÖWM-Betriebssuche
Sattler (Hauptgasse);Hauptgasse 24;7163;Andau;AT;Burgenland;Neusiedlersee;+43 2176 2243;;ÖWM-Betriebssuche
Schaller vom See;Frauenkirchnerstrasse 20;7141;Podersdorf am See;AT;Burgenland;Neusiedlersee;+43 650 2177225;wein@schallervomsee.at;ÖWM-Betriebssuche
Schandl (Pielgasse);Pielgasse 18;7025;Pöttelsdorf;AT;Burgenland;Leithaberg;;;ÖWM-Betriebssuche
Schandl (Haydngasse);Haydngasse 3;7071;Rust;AT;Burgenland;Ruster Ausbruch;+43 2685 265;info@schandlwein.com;ÖWM-Betriebssuche
Schandl's Weingut;Kellerweg 15;7025;Pöttelsdorf;AT;Burgenland;Leithaberg;+43 2626 5200;weingut@schandls.at;ÖWM-Betriebssuche
Scharaditsch;Sportplatzstraße 9;7081;Schützen am Gebirge;AT;Burgenland;Leithaberg;+43 2684 2331;;ÖWM-Betriebssuche
Schautz;Hauptstrasse 35;7011;Siegendorf;AT;Burgenland;Leithaberg;;;ÖWM-Betriebssuche
Scheiblhofer - The Wine;Halbturnerstrasse 1a;7163;Andau;AT;Burgenland;Neusiedlersee;+43 2176 2610;office@scheiblhofer.at;ÖWM-Betriebssuche
Scheibstock;Hauptstraße 43;7062;St.Margarethen i.Burgenland;AT;Burgenland;Leithaberg;+43 2680 2216;;ÖWM-Betriebssuche
Scheidl-Landauer;Sebastianstrasse 68;7063;Oggau am Neusiedler See;AT;Burgenland;Leithaberg;+43 2685 7297;;ÖWM-Betriebssuche
Scheller;Lindengasse 5;7072;Mörbisch am See;AT;Burgenland;Leithaberg;;;ÖWM-Betriebssuche
Schemitz;Hauptstrasse 66;7082;Donnerskirchen;AT;Burgenland;Leithaberg;+43 2683 8506;info@schemitz.at;ÖWM-Betriebssuche
Scheuhammer;Stefanniegasse 32;7062;St.Margarethen i.Burgenland;AT;Burgenland;Leithaberg;;;ÖWM-Betriebssuche
Schiefer pur.bach & cie;Welgersdorf 3;7503;Großpetersdorf;AT;Burgenland;Südburgenland;+43 664 5219047;schiefer.pur.bach@gmail.com;ÖWM-Betriebssuche
Schiefer.pur;Angerstraße 14;7503;Welgersdorf;AT;Burgenland;Südburgenland;+43 664 5219047;office@weinbau-schiefer.at;ÖWM-Betriebssuche
Schimetich;Neugasse 25;7013;Klingenbach;AT;Burgenland;Leithaberg;+43 2687 2388;;ÖWM-Betriebssuche
Schindler (Neubaugasse);Neubaugasse 2;7072;Mörbisch am See;AT;Burgenland;Leithaberg;+43 2685 8424;;ÖWM-Betriebssuche
Schindler (Rusterstrasse);Rusterstrasse 16;7072;Mörbisch am See;AT;Burgenland;Leithaberg;+43 2685 8318;info@weinhof-schindler.at;ÖWM-Betriebssuche
Schindler (Weinbergstrasse);Weinbergstrasse 21a;7064;Oslip;AT;Burgenland;Leithaberg;+43 2684 2265;;ÖWM-Betriebssuche
Schindler Franz;Neustiftgasse 6;7072;Mörbisch am See;AT;Burgenland;Leithaberg;+43 2685 8326;office@weingut-schindler.at;ÖWM-Betriebssuche
Schindler Harald;Kinogasse 9;7072;Mörbisch am See;AT;Burgenland;Leithaberg;+43 2685 8389;wein@winzerhof-schindler.at;ÖWM-Betriebssuche
Schiwampl;Kirchengasse 1;7091;Breitenbrunn;AT;Burgenland;Leithaberg;;;ÖWM-Betriebssuche
Schlaffer;Deutsch Schützen 230;7474;Deutsch Schützen-Eisenberg;AT;Burgenland;Südburgenland;+43 3365 2466;b.schlaffer@deutsch-schuetzen-eisenberg.bgld.gv.at;ÖWM-Betriebssuche
Schlögl (Aussiedlergasse);Aussiedlergasse 13;7372;Draßmarkt;AT;Burgenland;Mittelburgenland;+43 2617 2250;;ÖWM-Betriebssuche
Schlögl (Hauptstraße);Hauptstraße 31;7361;Lutzmannsburg;AT;Burgenland;Mittelburgenland;+43 660 3435777;weingut@pension-schloegl.at;ÖWM-Betriebssuche
Schlögl Johannes;Breitengasse 12;7361;Lutzmannsburg;AT;Burgenland;Mittelburgenland;+43 2615 81330;info@advinum.at;ÖWM-Betriebssuche
Schmelzer (Hauptplatz);Hauptplatz 23;7122;Gols;AT;Burgenland;Neusiedlersee;+43 2173 2375;;ÖWM-Betriebssuche
Schmelzer (Feldgasse);Feldgasse 12;7122;Gols;AT;Burgenland;Neusiedlersee;+43 2173 2486;;ÖWM-Betriebssuche
Schmelzer Horst u. Georg;Neubaugasse 29;7122;Gols;AT;Burgenland;Neusiedlersee;+43 2173 3490;info@wein-schmelzer.at;ÖWM-Betriebssuche
Schmelzer's Weingut;Heideweg 3;7122;Gols;AT;Burgenland;Neusiedlersee;+43 699 11188309;wein@schmelzer.at;ÖWM-Betriebssuche
Schmid;Margarethengasse 19;7063;Oggau am Neusiedler See;AT;Burgenland;Leithaberg;+43 699 15990016;;ÖWM-Betriebssuche
Schmidt;Neustiftgasse 61;7122;Gols;AT;Burgenland;Neusiedlersee;+43 676 5059854;;ÖWM-Betriebssuche
Schmidtbauer;Sportplatzstraße 19;7081;Schützen am Gebirge;AT;Burgenland;Leithaberg;+43 2684 2384;;ÖWM-Betriebssuche
Schmit;Seegasse 31;7063;Oggau am Neusiedler See;AT;Burgenland;Leithaberg;+43 2685 7197;;ÖWM-Betriebssuche
Schneeberger;Seestrasse 24;7072;Mörbisch am See;AT;Burgenland;Leithaberg;+43 2685 87004;;ÖWM-Betriebssuche
Schneeberger-Haus Martin;Neubaugasse 24;7072;Mörbisch am See;AT;Burgenland;Leithaberg;+43 664 5465957;info@schneeberger-moerbisch.at;ÖWM-Betriebssuche
Schneider (Budapesterstraße);Budapesterstraße 31;7131;Halbturn;AT;Burgenland;Neusiedlersee;+43 2172 8421;b.leitner@lbg.at;ÖWM-Betriebssuche
Schneider (Hauptstrasse);Hauptstrasse 134;7062;St.Margarethen i.Burgenland;AT;Burgenland;Leithaberg;+43 2680 2890;weingut-schneider@gmx.at;ÖWM-Betriebssuche
Schopf;Strebergasse 16;7163;Andau;AT;Burgenland;Neusiedlersee;+43 664 3865589;erichschopf@gmx.at;ÖWM-Betriebssuche
Schrammel (Florianigasse);Florianigasse 15;7521;Bildein;AT;Burgenland;Südburgenland;+43 3323 2565;;ÖWM-Betriebssuche
Schrammel (Deutsch Schützen);Deutsch Schützen 47;7474;Deutsch Schützen-Eisenberg;AT;Burgenland;Südburgenland;+43 3365 2298;;ÖWM-Betriebssuche
Schranz;Weinberggasse 28;7072;Mörbisch am See;AT;Burgenland;Leithaberg;;;ÖWM-Betriebssuche
Schrauf (Rosengasse);Rosengasse 7;7072;Mörbisch am See;AT;Burgenland;Leithaberg;+43 2685 8616;;ÖWM-Betriebssuche
Schrauf (Neustiftgasse);Neustiftgasse 12;7072;Mörbisch am See;AT;Burgenland;Leithaberg;+43 2685 8332;;ÖWM-Betriebssuche
Schreiner (Mühlgasse);Mühlgasse 23;7122;Gols;AT;Burgenland;Neusiedlersee;+43 2173 2392;;ÖWM-Betriebssuche
Schreiner (Hauptstraße);Hauptstraße 4;7071;Rust;AT;Burgenland;Ruster Ausbruch;+43 688 8229591;office@weinbau-schreiner.at;ÖWM-Betriebssuche
Schrett;Reitschulg.16;7093;Jois;AT;Burgenland;Leithaberg;;;ÖWM-Betriebssuche
Schruiff Erich;Hauptstrasse 67-69;7064;Oslip;AT;Burgenland;Leithaberg;+43 2684 21171;office@schruiff.at;ÖWM-Betriebssuche
Heidi Schröck & Söhne;Rathausplatz 8;7071;Rust;AT;Burgenland;Ruster Ausbruch;+43 2685 229;heidi@heidi-schroeck.com;ÖWM-Betriebssuche
Schuber;Untere Hauptstrasse 26;7093;Jois;AT;Burgenland;Leithaberg;+43 2160 8258;;ÖWM-Betriebssuche
Schuch;Nr.126;7473;Burg;AT;Burgenland;Südburgenland;;;ÖWM-Betriebssuche
Schuhmann;Marktgasse 2-6;7122;Gols;AT;Burgenland;Neusiedlersee;+43 664 3125907;info@weingut-schuhmann.at;ÖWM-Betriebssuche
Schuller (Hauptstrasse);Hauptstrasse 25;7011;Siegendorf;AT;Burgenland;Leithaberg;+43 2687 8197;;ÖWM-Betriebssuche
Schuller (Drassburgerstrasse);Drassburgerstrasse 2;7011;Siegendorf;AT;Burgenland;Leithaberg;;;ÖWM-Betriebssuche
Schuller Markus;Triftgasse 40;7063;Oggau am Neusiedler See;AT;Burgenland;Leithaberg;+43 7475 52709;office@schullerwein.at;ÖWM-Betriebssuche
Schullerwein;Johannesstraße 1;3364;Neuhofen an der Ybbs;AT;Burgenland;;+43 7475 527090;;ÖWM-Betriebssuche
Schumich;Bachgasse 1;7064;Oslip;AT;Burgenland;Leithaberg;+43 2684 2130;office@weinhaus-schumich.at;ÖWM-Betriebssuche
Schumitsch-Stocker;Lisztstraße 4;7321;Raiding;AT;Burgenland;Mittelburgenland;+43 2619 7482;info@lisztweine.at;ÖWM-Betriebssuche
Schuster (Rosengasse);Rosengasse 1;7064;Oslip;AT;Burgenland;Leithaberg;+43 2684 2157;;ÖWM-Betriebssuche
Schuster (Margaretengasse);Margaretengasse 5;7063;Oggau am Neusiedler See;AT;Burgenland;Leithaberg;+43 2685 7191;;ÖWM-Betriebssuche
Schuster Rosi;Prangergasse 2;7062;Sankt Margarethen im Burgenland;AT;Burgenland;Leithaberg;+43 650 9799990;weingut@rosischuster.at;ÖWM-Betriebssuche
Schwalbennest;Untere Hauptstraße 39;7142;Illmitz;AT;Burgenland;Neusiedlersee;+43 2175 3555;;ÖWM-Betriebssuche
Schwartz;Untere Hauptstraße 45;7121;Weiden am See;AT;Burgenland;Neusiedlersee;+43 2167 7837;;ÖWM-Betriebssuche
Schwarz Michael;Baumhöhäcker 16;7163;Andau;AT;Burgenland;Neusiedlersee;+43 2176 3231;office@schwarz-weine.at;ÖWM-Betriebssuche
Schwarzbauer (Josef Haydngasse);Josef Haydngasse 34;7093;Jois;AT;Burgenland;Leithaberg;;;ÖWM-Betriebssuche
Schwarzbauer (Friedhofgasse);Friedhofgasse 7a;7142;Illmitz;AT;Burgenland;Neusiedlersee;+43 2175 2163;;ÖWM-Betriebssuche
Schwarzhofer;Luising 35;7522;Strem;AT;Burgenland;Südburgenland;;;ÖWM-Betriebssuche
Dieter Schweifer;Kleinhöfleiner Hauptstrasse 31;7000;Eisenstadt;AT;Burgenland;Leithaberg;+43 664 3945276;office@weinbau-schweifer.at;ÖWM-Betriebssuche
Schöll;Weinberggasse 1;7072;Mörbisch am See;AT;Burgenland;Leithaberg;+43 2685 8865;;ÖWM-Betriebssuche
Schönberger;Hauptstraße 82;7072;Mörbisch am See;AT;Burgenland;Leithaberg;+43 650 3125298;ente@schoenberger.eu;ÖWM-Betriebssuche
Schügerl;Hauptstrasse 69;7201;Neudörfl;AT;Burgenland;Rosalia;;;ÖWM-Betriebssuche
Schüller (Eisenstädterstrasse);Eisenstädterstrasse 6;7062;St.Margarethen i.Burgenland;AT;Burgenland;Leithaberg;+43 2680 2943;weinschloessl@gmx.at;ÖWM-Betriebssuche
Schüller (Sandergasse);Sandergasse 17;7083;Purbach am Neusiedler See;AT;Burgenland;Leithaberg;+43 2683 2517;;ÖWM-Betriebssuche
Schüller (Eisenstädterstraße);Eisenstädterstraße 9;7083;Purbach am Neusiedler See;AT;Burgenland;Leithaberg;+43 2683 56512;;ÖWM-Betriebssuche
Schüller (Hauptgasse);Hauptgasse 12;7083;Purbach am Neusiedler See;AT;Burgenland;Leithaberg;+43 2683 5558;;ÖWM-Betriebssuche
Schüller Weinhaus;Fellnergasse 18 / Kellergasse 12;7083;Purbach am Neusiedler See;AT;Burgenland;Leithaberg;+43 2683 2973;office@weinhaus-schueller.at;ÖWM-Betriebssuche
Schütz;Raiffeisenplatz 2;7121;Weiden am See;AT;Burgenland;Neusiedlersee;+43 2167 7283;;ÖWM-Betriebssuche
Schützenhof;Winzerstraße 41;7474;Deutsch Schützen-Eisenberg;AT;Burgenland;Südburgenland;+43 664 75107273;office@weingut-schuetzenhof.at;ÖWM-Betriebssuche
Seeadler;Neubaugasse 31;7141;Podersdorf am See;AT;Burgenland;Neusiedlersee;+43 2177 2446;;ÖWM-Betriebssuche
Seehof-Weingut und Gasthof Gisch;Seeufergasse 23;7141;Podersdorf am See;AT;Burgenland;Neusiedlersee;+43 2177 2380;office@seehof-gisch.at;ÖWM-Betriebssuche
Seewinkelweingut Klein;Ufergasse 12;7142;Illmitz;AT;Burgenland;Neusiedlersee;+43 2175 2342;franz.klein@seewinkelwein.at;ÖWM-Betriebssuche
Seewirt Karner;Strandplatz 1;7141;Podersdorf am See;AT;Burgenland;Neusiedlersee;+43 2177 2415;contact@seewirtkarner.at;ÖWM-Betriebssuche
Seidl;Hauptstrasse 109;7361;Lutzmannsburg;AT;Burgenland;Mittelburgenland;+43 2615 87718;;ÖWM-Betriebssuche
Seidler Robert und Susanne;Weinberg 181;7521;Eberau;AT;Burgenland;Südburgenland;+43 664 2437946;wein@robert-seidler.at;ÖWM-Betriebssuche
Seier;Moschendorf 80;7540;Krottendorf;AT;Burgenland;Südburgenland;;;ÖWM-Betriebssuche
Seiler;Conradplatz 10;7071;Rust;AT;Burgenland;Ruster Ausbruch;+43 699 12293228;office@weingut-seiler.at;ÖWM-Betriebssuche
Sekt und Wein - Walter Klein;Obere Hauptstrasse 90;7142;Illmitz;AT;Burgenland;Neusiedlersee;+43 2175 2213;klein@sektundwein.at;ÖWM-Betriebssuche
Siegl;Josef Haydn Gasse 7;7091;Breitenbrunn;AT;Burgenland;Leithaberg;+43 2683 5276;johannessiegl@aon.at;ÖWM-Betriebssuche
Siess;Ruster Strasse 3;7063;Oggau am Neusiedler See;AT;Burgenland;Leithaberg;;;ÖWM-Betriebssuche
Sigma Vinum;Wiener Straße 106;7051;Großhöflein;AT;Burgenland;Leithaberg;+43 664 2339233;office@sigmavinum.com;ÖWM-Betriebssuche
Sinkovits;Nr.80;7473;Hannersdorf;AT;Burgenland;Südburgenland;;;ÖWM-Betriebssuche
Sivkovits;Neusiedlerg.3;7093;Jois;AT;Burgenland;Leithaberg;;;ÖWM-Betriebssuche
Sloboda;Alte Satz 1;7141;Podersdorf am See;AT;Burgenland;Neusiedlersee;+43 699 11950313;weingut@sloboda.at;ÖWM-Betriebssuche
Sodla Wirt;Obere Haupstrasse 46;7142;Illmitz;AT;Burgenland;Neusiedlersee;+43 2175 2326;sodla-wirt@bnet.at;ÖWM-Betriebssuche
Sommer (St. Margaretherstrasse);St. Margaretherstrasse 30;7072;Mörbisch am See;AT;Burgenland;Leithaberg;+43 2685 8576;;ÖWM-Betriebssuche
Sommer (Ruster Straße);Ruster Straße 1;7072;Mörbisch am See;AT;Burgenland;Leithaberg;+43 676 7377444;weingut@sommer-moerbisch.at;ÖWM-Betriebssuche
Sommer (Herrengasse);Herrengasse 16;7072;Mörbisch am See;AT;Burgenland;Leithaberg;+43 2685 8221;vogelsang@gmx.at;ÖWM-Betriebssuche
Sommer (Hauptstrasse);Hauptstrasse 107;7072;Mörbisch am See;AT;Burgenland;Leithaberg;+43 2685 8269;office@weingutsommer.at;ÖWM-Betriebssuche
Sommer (Dr. Wurditschgasse);Dr. Wurditschgasse 2;7072;Mörbisch am See;AT;Burgenland;Leithaberg;+43 2685 8290;;ÖWM-Betriebssuche
Sommer (Johannesstraße);Johannesstraße 26;7082;Donnerskirchen;AT;Burgenland;Leithaberg;+43 2683 8504;info@weingut-sommer.at;ÖWM-Betriebssuche
Somogyi (Brückelgasse);Brückelgasse 5a;7471;Rechnitz;AT;Burgenland;Südburgenland;+43 3363 7492;;ÖWM-Betriebssuche
Somogyi (Hannersdorf);Hannersdorf 196;7473;Hannersdorf;AT;Burgenland;Südburgenland;+43 3364 2300;;ÖWM-Betriebssuche
Sonnenmulde;Goldbergstrasse 2;7122;Gols;AT;Burgenland;Neusiedlersee;+43 2173 2249;weingut@sonnenmulde.at;ÖWM-Betriebssuche
Sorger;Burggasse 7;7061;Trausdorf an der Wulka;AT;Burgenland;Leithaberg;+43 676 6125175;wein@romansorger.at;ÖWM-Betriebssuche
Stacherl;Margarethengasse 18;7063;Oggau am Neusiedler See;AT;Burgenland;Leithaberg;+43 2685 7679;wein@stacherl.net;ÖWM-Betriebssuche
Stadler;Frauenkirchner Straße 8;7131;Halbturn;AT;Burgenland;Neusiedlersee;+43 650 3305206;familie@weingut-stadler.at;ÖWM-Betriebssuche
Stampfel;Neustiftgasse 54;7122;Gols;AT;Burgenland;Neusiedlersee;+43 2173 2528;;ÖWM-Betriebssuche
Stangl;Hauptstraße 125;7521;Bildein;AT;Burgenland;Südburgenland;+43 3323 2942;;ÖWM-Betriebssuche
Starek;Bundesstrasse 58;7093;Jois;AT;Burgenland;Leithaberg;+43 2160 8634;;ÖWM-Betriebssuche
Stefanits;Untere Hauptstrasse 45a;7041;Wulkaprodersdorf;AT;Burgenland;Leithaberg;;;ÖWM-Betriebssuche
Stefanshof GmbH;Neustiftgasse 82;7123;Mönchhof;AT;Burgenland;Neusiedlersee;+43 2173 80320;office@stefanshof.at;ÖWM-Betriebssuche
Stegschandl - Stadl;Bachzeile 1;7025;Pöttelsdorf;AT;Burgenland;Leithaberg;+43 2626 5821;gabi.schandl@stegschandl.at;ÖWM-Betriebssuche
Steidl (Ob. Hauptstrasse);Ob. Hauptstrasse 31;7093;Jois;AT;Burgenland;Leithaberg;;;ÖWM-Betriebssuche
Steidl (Haydng.);Haydng. 37;7093;Jois;AT;Burgenland;Leithaberg;;;ÖWM-Betriebssuche
Steiger;Hauptstrasse 16;7201;Neudörfl;AT;Burgenland;Rosalia;+43 2622 77440;franz@weingut-steiger.at;ÖWM-Betriebssuche
Steindl;Untere Bahngasse 48;7083;Purbach am Neusiedler See;AT;Burgenland;Leithaberg;+43 2683 56124;kellerschenkesteindl@gmx.at;ÖWM-Betriebssuche
Steindorfer;Illmitzerstraße 25;7143;Apetlon;AT;Burgenland;Neusiedlersee;+43 2175 2241;office@weingut-steindorfer.at;ÖWM-Betriebssuche
Steiner (Hauptstrasse);Hauptstrasse 35;7152;Pamhagen;AT;Burgenland;Neusiedlersee;+43 2174 2198;info@edelbrandsteiner.at;ÖWM-Betriebssuche
Steiner (Seestrasse 89);Seestrasse 89;7141;Podersdorf am See;AT;Burgenland;Neusiedlersee;+43 2177 2358;;ÖWM-Betriebssuche
Steiner (Weinberggasse);Weinberggasse 41;7141;Podersdorf am See;AT;Burgenland;Neusiedlersee;+43 2177 2155;;ÖWM-Betriebssuche
Steiner (Seestrasse 33);Seestrasse 33;7121;Weiden am See;AT;Burgenland;Neusiedlersee;+43 2177 2790;weinbau@steinergg.at;ÖWM-Betriebssuche
Steiner (Seeufergasse 5);Seeufergasse 5;7141;Podersdorf am See;AT;Burgenland;Neusiedlersee;+43 2177 2342;;ÖWM-Betriebssuche
Steiner (Seeufergasse 14);Seeufergasse 14;7141;Podersdorf am See;AT;Burgenland;Neusiedlersee;+43 2177 2163;;ÖWM-Betriebssuche
Steiner Gerald;Seestrasse 54;7141;Podersdorf am See;AT;Burgenland;Neusiedlersee;+43 2177 2506;info@podersdorf-steiner.at;ÖWM-Betriebssuche
Steiner Hans;Florianigasse 20;7141;Podersdorf am See;AT;Burgenland;Neusiedlersee;+43 2177 2914;info@der-steiner.at;ÖWM-Betriebssuche
Steiner Julius;Seezeile 2;7141;Podersdorf am See;AT;Burgenland;Neusiedlersee;+43 2177 2743;info@julius-steiner.at;ÖWM-Betriebssuche
Martin Steiner;Seestrasse 66;7141;Podersdorf am See;AT;Burgenland;Neusiedlersee;+43 699 18470807;office@martinsteiner.wine;ÖWM-Betriebssuche
Steiner Weingut Hölle;Mühlstrasse 3;7141;Podersdorf am See;AT;Burgenland;Neusiedlersee;+43 2177 2252;;ÖWM-Betriebssuche
Steinhofer (Girmerstrasse);Girmerstrasse 48;7301;Deutschkreutz;AT;Burgenland;Mittelburgenland;+43 2613 80560;paul.steinhofer@aon.at;ÖWM-Betriebssuche
Steinhofer (Hauptstrasse);Hauptstrasse 60;7152;Pamhagen;AT;Burgenland;Neusiedlersee;+43 2174 2010;;ÖWM-Betriebssuche
Steinwandtner;Bundesstrasse 1;7093;Jois;AT;Burgenland;Leithaberg;;office@schnepfenhof.at;ÖWM-Betriebssuche
Steinwandtner M.u.M.;Untere Hauptstrasse 67;7093;Jois;AT;Burgenland;Leithaberg;+43 676 5347080;m.steinwandtner@wellcom.at;ÖWM-Betriebssuche
StephanO Das-Wein- Gut;Unterer Weinweg 11;7474;Deutsch Schützen-Eisenberg;AT;Burgenland;Südburgenland;+43 664 2636939;office@stephano.at;ÖWM-Betriebssuche
Steuer;Untere Hauptstrasse 53-55;7122;Gols;AT;Burgenland;Neusiedlersee;+43 2173 3193;;ÖWM-Betriebssuche
Steurer;Bahnstrasse 28 Steurer;7093;Jois;AT;Burgenland;Leithaberg;+43 664 5511780;hst@hannessteurer.at;ÖWM-Betriebssuche
Stiegelmar;Goldberg 6;7122;Gols;AT;Burgenland;Neusiedlersee;+43 2173 2317;weingut@stiegelmar.com;ÖWM-Betriebssuche
Stix;Markt Neuhodis 294;7464;Markt Neuhodis;AT;Burgenland;Südburgenland;+43 3363 79671;;ÖWM-Betriebssuche
Stoiber Roman;Weinberggasse 5;7072;Mörbisch am See;AT;Burgenland;Leithaberg;+43 2685 60666;info@weingut-stoiber.at;ÖWM-Betriebssuche
Storchenblick;Obere Hauptstrasse 7;7142;Illmitz;AT;Burgenland;Neusiedlersee;+43 2175 2355;office@storchenblick.at;ÖWM-Betriebssuche
Storchenhof - Widder;Hauptstr. 7;7071;Rust;AT;Burgenland;Ruster Ausbruch;+43 2685 369;info@storchenhof.net;ÖWM-Betriebssuche
Straka;Bahnhofstrasse 15;7471;Rechnitz;AT;Burgenland;Südburgenland;+43 664 2016396;office@straka.wine;ÖWM-Betriebssuche
Strass;Mühlgasse 24;7372;Draßmarkt;AT;Burgenland;Mittelburgenland;+43 2617 2724;strass@weingut-strass.at;ÖWM-Betriebssuche
Strauby;Markt 34;7121;Weiden am See;AT;Burgenland;Neusiedlersee;;;ÖWM-Betriebssuche
Strehn;Weinbergweg 1;7301;Deutschkreutz;AT;Burgenland;Mittelburgenland;+43 664 1636570;office@strehn.at;ÖWM-Betriebssuche
Strommer (Untere Bahngasse);Untere Bahngasse 50;7083;Purbach am Neusiedler See;AT;Burgenland;Leithaberg;+43 2683 5549;office@strommer.wine;ÖWM-Betriebssuche
Strommer (Seegasse);Seegasse 35;7142;Illmitz;AT;Burgenland;Neusiedlersee;+43 2175 3695;;ÖWM-Betriebssuche
Strommer-Gabriel;Hauptstrasse 17;7071;Rust;AT;Burgenland;Ruster Ausbruch;+43 2685 290;strommer-gabriel@gmx.at;ÖWM-Betriebssuche
Strudler Johannes Erich Franz;Weinberggasse 57;7141;Podersdorf am See;AT;Burgenland;Neusiedlersee;+43 699 17168966;info@jost-strudler.at;ÖWM-Betriebssuche
Strudler Johannes und Klaudia;Seezeile 8;7141;Podersdorf am See;AT;Burgenland;Neusiedlersee;+43 2177 2239;info@johannes-strudler.at;ÖWM-Betriebssuche
Stubits (Dorfstraße);Dorfstraße 18;7474;Deutsch Schützen-Eisenberg;AT;Burgenland;Südburgenland;+43 664 1022196;kellergeheimnis@aon.at;ÖWM-Betriebssuche
Stubits (Harmisch 12);Harmisch 12;7512;Kohfidisch;AT;Burgenland;Südburgenland;+43 664 5366992;office@stubits.at;ÖWM-Betriebssuche
Stukitz;Heiligenbrunn 53;7522;Strem;AT;Burgenland;Südburgenland;;;ÖWM-Betriebssuche
Sturm;Antonigasse 29;7063;Oggau am Neusiedler See;AT;Burgenland;Leithaberg;+43 2685 7880;;ÖWM-Betriebssuche
Stölzerhof;Schrändlgasse 16;7142;Illmitz;AT;Burgenland;Neusiedlersee;+43 2175 2700;wein@stoelzerhof.net;ÖWM-Betriebssuche
Suess;Gartengasse 2;7051;Großhöflein;AT;Burgenland;Leithaberg;;;ÖWM-Betriebssuche
Szalay;Neustiftgasse 28;7123;Mönchhof;AT;Burgenland;Neusiedlersee;;;ÖWM-Betriebssuche
Szarka;Kotezicken 88;7512;Kohfidisch;AT;Burgenland;Südburgenland;+43 3366 76595;;ÖWM-Betriebssuche
Szelianszky;Untere Hauptstrasse 30;2421;Kittsee;AT;Burgenland;Neusiedlersee;+43 2143 3532;;ÖWM-Betriebssuche
Szigeti;Sportplatzgasse 2a;7122;Gols;AT;Burgenland;Neusiedlersee;+43 2173 2167;sektkellerei@szigeti.at;ÖWM-Betriebssuche
Tader;Weirergasse 53;7471;Rechnitz;AT;Burgenland;Südburgenland;;;ÖWM-Betriebssuche
Tallian;Am Brucker Tor 6;7083;Purbach am Neusiedler See;AT;Burgenland;Leithaberg;+43 676 5092240;office@tallian-wein.at;ÖWM-Betriebssuche
Tangl;Pointgasse 9;7471;Rechnitz;AT;Burgenland;Südburgenland;+43 3363 77198;;ÖWM-Betriebssuche
Taschler;Nr. 136;7540;Krottendorf;AT;Burgenland;Südburgenland;+43 3324 522;;ÖWM-Betriebssuche
Uhudler Weingut l Taucher;Siedlungsstraße 25;7562;Eltendorf;AT;Burgenland;Südburgenland;+43 3325 2673;derlandwirt@derlandwirt.at;ÖWM-Betriebssuche
Taurot;Mühlstraße 23a;7141;Podersdorf am See;AT;Burgenland;Neusiedlersee;+43 2177 20021;;ÖWM-Betriebssuche
Taus;Hauptstrasse 88;7051;Großhöflein;AT;Burgenland;Leithaberg;;;ÖWM-Betriebssuche
Temer;Mühlgasse 31;7122;Gols;AT;Burgenland;Neusiedlersee;+43 699 12607328;office@weintemer.at;ÖWM-Betriebssuche
Terra Galos;Obere Hauptstrasse 103;7122;Gols;AT;Burgenland;Neusiedlersee;+43 2173 3107;achs@terragalos.at;ÖWM-Betriebssuche
Tesch Josef;Herrengasse 26;7311;Neckenmarkt;AT;Burgenland;Mittelburgenland;+43 2610 43610;titan@tesch-wein.at;ÖWM-Betriebssuche
Thell (Langegasse);Langegasse 6 Thell;7163;Andau;AT;Burgenland;Neusiedlersee;+43 664 1129623;weingut@wilhelm-thell.at;ÖWM-Betriebssuche
Thell (Wallerer Strasse);Wallerer Strasse 24;7143;Apetlon;AT;Burgenland;Neusiedlersee;+43 2175 3145;;ÖWM-Betriebssuche
Thell (Kirchengasse);Kirchengasse 29;7152;Pamhagen;AT;Burgenland;Neusiedlersee;+43 2174 25644;;ÖWM-Betriebssuche
Thell (Wasserzeile);Wasserzeile 23;7143;Apetlon;AT;Burgenland;Neusiedlersee;+43 2175 2939;weingut_thell@bnet.at;ÖWM-Betriebssuche
Thury (Wienerstrasse 12);Wienerstrasse 12;7131;Halbturn;AT;Burgenland;Neusiedlersee;+43 2172 8519;philip.thury@aon.at;ÖWM-Betriebssuche
Thury (Erzherzog- Friedrich-Strasse);Erzherzog- Friedrich-Strasse 56;7131;Halbturn;AT;Burgenland;Neusiedlersee;+43 2172 8362;;ÖWM-Betriebssuche
Thury (Wienerstrasse 65);Wienerstrasse 65;7131;Halbturn;AT;Burgenland;Neusiedlersee;+43 664 2242798;info@weingut-thury.at;ÖWM-Betriebssuche
Tiedl GmbH;Hauerstrasse 6;7072;Mörbisch am See;AT;Burgenland;Leithaberg;+43 2685 8216;;ÖWM-Betriebssuche
Tinhof (Brunnengasse);Brunnengasse 17;7000;Eisenstadt;AT;Burgenland;Leithaberg;;hans.tinhof@gmx.at;ÖWM-Betriebssuche
Tinhof (Georgistrasse);Georgistrasse 29 a;7000;Eisenstadt;AT;Burgenland;Leithaberg;+43 2682 68532;tinhof@aon.at;ÖWM-Betriebssuche
Tinhof (Hauptstrasse);Hauptstrasse 10;7000;Eisenstadt;AT;Burgenland;Leithaberg;+43 2682 68609;office@weingut-tinhof.com;ÖWM-Betriebssuche
Tinhof (Lindengasse);Lindengasse 22;7071;Rust;AT;Burgenland;Ruster Ausbruch;+43 2685 346;;ÖWM-Betriebssuche
Tinhof (Hausgraben);Hausgraben 1;2443;Leithaprodersdorf;AT;Burgenland;Neusiedlersee;+43 699 12222838;info@weingut-tinhof.at;ÖWM-Betriebssuche
Tinhof (Eisenstädter Straße);Eisenstädter Straße 10;7061;Trausdorf an der Wulka;AT;Burgenland;Leithaberg;+43 2682 62648;wein@tinhof.at;ÖWM-Betriebssuche
Tischler;Quergasse 23;7131;Halbturn;AT;Burgenland;Neusiedlersee;+43 699 18077075;info@weingut-tischler.at;ÖWM-Betriebssuche
Titz;Wasserzeile 5;7143;Apetlon;AT;Burgenland;Neusiedlersee;+43 2175 2027;;ÖWM-Betriebssuche
Tonwerk (Lucky Wines GesbR);Ödenburgerstraße 6;7301;Deutschkreutz;AT;Burgenland;Mittelburgenland;+43 670 6059600;wine@tonwerk.wine;ÖWM-Betriebssuche
Toth (Hauptstrasse);Hauptstrasse 37;7361;Lutzmannsburg;AT;Burgenland;Mittelburgenland;+43 664 5908560;info@winelife.at;ÖWM-Betriebssuche
Toth (Kasernenstrasse);Kasernenstrasse 44;7540;Güssing;AT;Burgenland;Südburgenland;;;ÖWM-Betriebssuche
Traubenmühle;Obere Hauptstrasse 17;;;AT;Burgenland;;+43 2175 2304;;ÖWM-Betriebssuche
Trauttmansdorffwines;Lanzendorferstrasse 8;2325;Himberg;AT;Burgenland;;+43 1 50427925;office@gtwines.com;ÖWM-Betriebssuche
Treiber (Hauptstraße);Hauptstraße 126;7051;Großhöflein;AT;Burgenland;Leithaberg;+43 664 1458644;office@thomas-treiber.at;ÖWM-Betriebssuche
Treiber (Hauptstrasse);Hauptstrasse 34;7051;Großhöflein;AT;Burgenland;Leithaberg;;;ÖWM-Betriebssuche
Treiber (Untere Hauptstrasse);Untere Hauptstrasse 52;7093;Jois;AT;Burgenland;Leithaberg;+43 2160 8365;;ÖWM-Betriebssuche
Tremmel (Raiffeisenstrasse);Raiffeisenstrasse 4;7072;Mörbisch am See;AT;Burgenland;Leithaberg;;;ÖWM-Betriebssuche
Tremmel (Weinberggasse);Weinberggasse 19;7071;Rust;AT;Burgenland;Ruster Ausbruch;+43 2685 368;tremmel@weinbau-tremmel.at;ÖWM-Betriebssuche
Tremmel (Kinogasse);Kinogasse 21;7072;Mörbisch am See;AT;Burgenland;Leithaberg;;;ÖWM-Betriebssuche
Trettl;Hagersdorf 80;7522;Strem;AT;Burgenland;Südburgenland;;;ÖWM-Betriebssuche
Trettler;Gartengasse 45;7311;Neckenmarkt;AT;Burgenland;Mittelburgenland;+43 664 5027646;office@trettler-wein.at;ÖWM-Betriebssuche
Triebaumer Ernst;Raiffeisenstrasse 9;7071;Rust;AT;Burgenland;Ruster Ausbruch;+43 2685 528;office@ernst.triebaumer.com;ÖWM-Betriebssuche
Triebaumer Günter u. Regina;Neuegasse 18;7071;Rust;AT;Burgenland;Ruster Ausbruch;+43 676 7248797;weingut@triebaumer.at;ÖWM-Betriebssuche
Trinkl;Heiligenbrunn 24;7522;Heiligenbrunn;AT;Burgenland;Südburgenland;;;ÖWM-Betriebssuche
Tritremmel;Bachzeile 56;7025;Pöttelsdorf;AT;Burgenland;Leithaberg;+43 2626 5264;;ÖWM-Betriebssuche
Truksitz;Schulstrasse 2;7081;Schützen am Gebirge;AT;Burgenland;Leithaberg;+43 650 2117654;markus@truksitz.at;ÖWM-Betriebssuche
Tschanek;Obere Hauptstrasse 43;7100;Neusiedl am See;AT;Burgenland;Neusiedlersee;+43 2167 2618;;ÖWM-Betriebssuche
Tschank Georg;Untere Hauptstrasse 19;2443;Leithaprodersdorf;AT;Burgenland;Neusiedlersee;+43 676 7468883;weingut.tschank@speed.at;ÖWM-Betriebssuche
Tschida (Rebschulgasse);Rebschulgasse 13;7143;Apetlon;AT;Burgenland;Neusiedlersee;+43 2175 2903;office@tschida-wein.at;ÖWM-Betriebssuche
Tschida (Quergasse);Quergasse 62;7143;Apetlon;AT;Burgenland;Neusiedlersee;;;ÖWM-Betriebssuche
Tschida (Hauptstrasse);Hauptstrasse 63;7152;Pamhagen;AT;Burgenland;Neusiedlersee;+43 2174 2151;;ÖWM-Betriebssuche
Tschida (Obere Hauptstrasse);Obere Hauptstrasse 58;7142;Illmitz;AT;Burgenland;Neusiedlersee;+43 2175 2108;;ÖWM-Betriebssuche
Tschida-Angerhof;Angergasse 5;7142;Illmitz;AT;Burgenland;Neusiedlersee;+43 2175 3150;weingut@angerhof-tschida.at;ÖWM-Betriebssuche
Turkovits;Moschendorf 119;7540;Krottendorf;AT;Burgenland;Südburgenland;;;ÖWM-Betriebssuche
Töltl;Bachweg 11a;7083;Purbach am Neusiedler See;AT;Burgenland;Leithaberg;+43 2683 5158;;ÖWM-Betriebssuche
Török;Conradplatz 13;7071;Rust;AT;Burgenland;Ruster Ausbruch;+43 2685 6824;info@weingut-toeroek.at;ÖWM-Betriebssuche
Tötschinger (Neusiedlerstrasse);Neusiedlerstrasse 21;7092;Winden am See;AT;Burgenland;Leithaberg;+43 2160 8380;;ÖWM-Betriebssuche
Tötschinger (Ob. Hauptstrasse);Ob. Hauptstrasse 27;7093;Jois;AT;Burgenland;Leithaberg;;;ÖWM-Betriebssuche
Türkenkeller Fam. Weisz;Schulgasse 9;7083;Purbach am Neusiedler See;AT;Burgenland;Leithaberg;+43 2683 5112;werner@tuerkenkeller.at;ÖWM-Betriebssuche
Uhudlerhof Pail;Krottendorf 8;7540;Güssing;AT;Burgenland;Südburgenland;+43 664 4013707;pail.robert@aon.at;ÖWM-Betriebssuche
Umathum;St. Andräer Strasse 7;7132;Frauenkirchen;AT;Burgenland;Neusiedlersee;+43 2172 2440;office@umathum.at;ÖWM-Betriebssuche
Unger (Quergasse);Quergasse 25;7131;Halbturn;AT;Burgenland;Neusiedlersee;+43 699 17148080;wein@andreas-unger.at;ÖWM-Betriebssuche
Unger (Nr.);Nr.29;7473;Hannersdorf;AT;Burgenland;Südburgenland;;;ÖWM-Betriebssuche
Unger (Linke Wulkazeile);Linke Wulkazeile 51;7061;Trausdorf an der Wulka;AT;Burgenland;Leithaberg;+43 2682 64744;;ÖWM-Betriebssuche
Unger (Friedhofgasse);Friedhofgasse 16;7121;Weiden am See;AT;Burgenland;Neusiedlersee;+43 2167 7157;;ÖWM-Betriebssuche
Unger (Untere Hauptstrasse);Untere Hauptstrasse 15;7162;Tadten;AT;Burgenland;Neusiedlersee;+43 2176 2258;;ÖWM-Betriebssuche
Unger (Hauptstrasse);Hauptstrasse 19;7151;Wallern im Burgenland;AT;Burgenland;Neusiedlersee;+43 2174 2298;;ÖWM-Betriebssuche
Unger Eduard;Deutsch Schützen 21;7474;Deutsch Schützen-Eisenberg;AT;Burgenland;Südburgenland;+43 664 9951491;;ÖWM-Betriebssuche
Urbanikeller Pillinger;Neustiftgasse 78;7123;Mönchhof;AT;Burgenland;Neusiedlersee;+43 2173 80219;weingut-pillinger@aon.at;ÖWM-Betriebssuche
Urbauer;Rumpersdorf 7;7463;Weiden bei Rechnitz;AT;Burgenland;Südburgenland;+43 3355 21612;;ÖWM-Betriebssuche
Varga;Hirtenweg 6;7122;Gols;AT;Burgenland;Neusiedlersee;+43 650 6051468;office@weinbau-varga.at;ÖWM-Betriebssuche
Varsits;Klostergasse 14a;7471;Rechnitz;AT;Burgenland;Südburgenland;+43 3363 77445;;ÖWM-Betriebssuche
Velich (Seeufergasse);Seeufergasse 12;7143;Apetlon;AT;Burgenland;Neusiedlersee;+43 2175 3187;weingut@velich.at;ÖWM-Betriebssuche
Velich (Preinergasse);Preinergasse 9;7143;Apetlon;AT;Burgenland;Neusiedlersee;;;ÖWM-Betriebssuche
Velikay;Kirchenplatz 3;7201;Neudörfl;AT;Burgenland;Rosalia;;;ÖWM-Betriebssuche
Venarikeller - Steinlechner;Sportplatzgasse 34;2443;Leithaprodersdorf;AT;Burgenland;Neusiedlersee;+43 2255 6635;andrea.knappitsch@aon.at;ÖWM-Betriebssuche
Verein zur Kultivierung der St. Georgener Rebe;St. Georgener Hauptstraße 13;7000;Eisenstadt;AT;Burgenland;Leithaberg;+43 650 8262729;info@georgirebe.at;ÖWM-Betriebssuche
Vinophil;Halbturnerstr. 1a;7163;Andau;AT;Burgenland;Neusiedlersee;+43 664 1031337;wein@andau.com;ÖWM-Betriebssuche
Vitushof;Kleinhöfleiner Hauptstrasse 54 u. 66;7000;Eisenstadt;AT;Burgenland;Leithaberg;+43 2682 63660;andrea.halbwax@gmail.com;ÖWM-Betriebssuche
Vollath;Untere Haupstrasse 42;7121;Weiden am See;AT;Burgenland;Neusiedlersee;+43 2167 7325;wein@vollath.at;ÖWM-Betriebssuche
Wachholder;Nr.22;7473;Burg;AT;Burgenland;Südburgenland;+43 676 9784838;weinbau-wachholder@gmx.at;ÖWM-Betriebssuche
Wachter Thom;Winzerweg 3;7474;Deutsch Schützen-Eisenberg;AT;Burgenland;Südburgenland;+43 664 4622843;office@thomwachter.at;ÖWM-Betriebssuche
Wachter Wiesler;Untere Hauptstrasse 7;7474;Deutsch Schützen-Eisenberg;AT;Burgenland;Südburgenland;+43 3365 2245;wachter@wachter-wiesler.at;ÖWM-Betriebssuche
Wachtler;Neusiedler Strasse 10;7121;Weiden am See;AT;Burgenland;Neusiedlersee;+43 2177 3124;pension.wachtler@gmail.com;ÖWM-Betriebssuche
Wagentristl;Rosengasse 2;7051;Großhöflein;AT;Burgenland;Leithaberg;+43 2682 61415;weingut@wagentristl.com;ÖWM-Betriebssuche
Wagner (Wiener Neustädter Strasse);Wiener Neustädter Strasse 13;7032;Sigleß;AT;Burgenland;Leithaberg;+43 2626 7204;;ÖWM-Betriebssuche
Wagner (Setzgasse);Setzgasse 5;7072;Mörbisch am See;AT;Burgenland;Leithaberg;+43 676 7727021;office@wagnerweine.at;ÖWM-Betriebssuche
Wagner Eva;Wiener Strasse 10-12;7000;Eisenstadt;AT;Burgenland;Leithaberg;+43 2682 63310;evawagner@eisendorf.at;ÖWM-Betriebssuche
Waldherr;Hauptstrasse 146;7201;Neudörfl;AT;Burgenland;Rosalia;+43 2622 77426;waldherr.weingut@aon.at;ÖWM-Betriebssuche
Wallner;Kapellenstrasse 35;7474;Deutsch Schützen-Eisenberg;AT;Burgenland;Südburgenland;+43 664 2412295;weingut@wallnerwein.at;ÖWM-Betriebssuche
Wandler;Neubaugasse 9;7121;Weiden am See;AT;Burgenland;Neusiedlersee;+43 2167 7004;info@wandler.at;ÖWM-Betriebssuche
Wapp (Am Sportplatz);Am Sportplatz 7;7071;Rust;AT;Burgenland;Ruster Ausbruch;;;ÖWM-Betriebssuche
Wapp (Marting.);Marting. 2;7071;Rust;AT;Burgenland;Ruster Ausbruch;;;ÖWM-Betriebssuche
Wartha;Rathausplatz 9;7071;Rust;AT;Burgenland;Ruster Ausbruch;+43 2685 6250;weinbau.wartha@bnet.at;ÖWM-Betriebssuche
Weber (Neustiftgasse);Neustiftgasse 15;7361;Lutzmannsburg;AT;Burgenland;Mittelburgenland;+43 664 5032378;info@weingut-fam-weber.at;ÖWM-Betriebssuche
Weber (Eisenberg);Eisenberg, Am Naturpark 40;7474;Deutsch Schützen-Eisenberg;AT;Burgenland;Südburgenland;+43 664 3930683;weber@eisenberg.at;ÖWM-Betriebssuche
Weber (Girmerstraße);Girmerstraße 49;7301;Deutschkreutz;AT;Burgenland;Mittelburgenland;+43 2613 80373;weinbau-fam-weber@gmx.at;ÖWM-Betriebssuche
Weber (Winzerstraße);Winzerstraße 23;7474;Deutsch Schützen-Eisenberg;AT;Burgenland;Südburgenland;+43 664 7874219;mail@weinweber.at;ÖWM-Betriebssuche
Weber (Bruckerg.);Bruckerg.4;7093;Jois;AT;Burgenland;Leithaberg;+43 2160 8352;weingut@weber-weine.at;ÖWM-Betriebssuche
Weber (Mühlbachgasse);Mühlbachgasse 43;7471;Rechnitz;AT;Burgenland;Südburgenland;+43 3363 79750;;ÖWM-Betriebssuche
Weber Arkadenweinhof;Hauptstraße 75;7361;Lutzmannsburg;AT;Burgenland;Mittelburgenland;+43 2615 87140;weber@arkadenweinhof.at;ÖWM-Betriebssuche
Weber Edwin;Hauptstrasse 68;7361;Lutzmannsburg;AT;Burgenland;Mittelburgenland;+43 2615 87271;info@weinbau-edwin-weber.at;ÖWM-Betriebssuche
Wegleitner (Untere Hauptstrasse);Untere Hauptstrasse 25;7142;Illmitz;AT;Burgenland;Neusiedlersee;+43 2175 3763;;ÖWM-Betriebssuche
Wegleitner (Schrändlgasse);Schrändlgasse 24;7142;Illmitz;AT;Burgenland;Neusiedlersee;+43 2175 2348;;ÖWM-Betriebssuche
Wegleitner Jonny;Frauenkirchenerstrasse 24;7143;Apetlon;AT;Burgenland;Neusiedlersee;+43 699 17042072;weingut@wegleitner.at;ÖWM-Betriebssuche
Weidenbacher;Marting. 6;7071;Rust;AT;Burgenland;Ruster Ausbruch;;;ÖWM-Betriebssuche
Weidinger;Wienerstraße 51;7082;Donnerskirchen;AT;Burgenland;Leithaberg;+43 650 5511389;weinbau.weidinger@gmx.at;ÖWM-Betriebssuche
Wein;Eisenstädter Strasse 71;7091;Breitenbrunn;AT;Burgenland;Leithaberg;;;ÖWM-Betriebssuche
WeinSteindl;Hauptgasse 42;7083;Purbach am Neusiedler See;AT;Burgenland;Leithaberg;+43 2683 5595;office@weinsteindl.at;ÖWM-Betriebssuche
Weinacht;Neustiftgasse 37;7072;Mörbisch am See;AT;Burgenland;Leithaberg;;;ÖWM-Betriebssuche
Weinbau Familie Körper;Untere Hauptstraße 1;7474;Deutsch-Schützen;AT;Burgenland;Südburgenland;+43 3365 2274;weinbau@koerper-erich.at;ÖWM-Betriebssuche
Weinbaumeisterbetrieb Kern;Rusterstrasse 2;7063;Oggau am Neusiedler See;AT;Burgenland;Leithaberg;+43 2685 7242;weinbau.kern@aon.at;ÖWM-Betriebssuche
Weindandl;Zickhöhe 1;7142;Illmitz;AT;Burgenland;Neusiedlersee;;;ÖWM-Betriebssuche
Weinek-Wein;Hagensdorf 28;7522;Heiligenbrunn;AT;Burgenland;Südburgenland;+43 3322 20082;weinek-wein@aon.at;ÖWM-Betriebssuche
Weingut Fabian;Hauptstrasse 87;7063;Oggau am Neusiedler See;AT;Burgenland;Leithaberg;+43 664 73764021;weingut-fabian@aon.at;ÖWM-Betriebssuche
Weingut Jobst;;7083;Purbach am Neusiedler See;AT;Burgenland;Leithaberg;;hubert.jobst7083@aon.at;ÖWM-Betriebssuche
Weinhof Froschauer;Obere Hauptstraße 9;7572;Rohrbrunn;AT;Burgenland;Südburgenland;+43 664 1928891;thomas.froschauer@hotmail.com;ÖWM-Betriebssuche
Weinhäusel;Lange Zeile 31;7311;Neckenmarkt;AT;Burgenland;Mittelburgenland;+43 664 5727870;info@weinhaeusel.at;ÖWM-Betriebssuche
Weinkellerei Burgenland Handelsges.m.b.H.;Mühlstrasse 23;7141;Podersdorf am See;AT;Burgenland;Neusiedlersee;+43 2177 20070;;ÖWM-Betriebssuche
Weinschenke Fiedler;Neustiftgasse 1;7072;Mörbisch am See;AT;Burgenland;Leithaberg;+43 2685 8951;;ÖWM-Betriebssuche
Weiss (Neue Gasse);Neue Gasse 13;7471;Rechnitz;AT;Burgenland;Südburgenland;+43 3363 79368;;ÖWM-Betriebssuche
Weiss (Untere Hauptstraße);Untere Hauptstraße 17;7122;Gols;AT;Burgenland;Neusiedlersee;+43 2173 2615;;ÖWM-Betriebssuche
Weiss Beate und Erik;Hauptplatz 28;7122;Gols;AT;Burgenland;Neusiedlersee;+43 2173 3144;office@weiss-weine.at;ÖWM-Betriebssuche
Christian & Thomas Weiss;Volksfestgasse 12;7122;Gols;AT;Burgenland;Neusiedlersee;+43 2173 2123;info@weingut-weiss.at;ÖWM-Betriebssuche
Weiss Gerhard und Ingeborg;Marktgasse 1;7122;Gols;AT;Burgenland;Neusiedlersee;+43 664 5077777;info@familieweiss.at;ÖWM-Betriebssuche
Weiss Manfred;Wallernerstrasse 51;7143;Apetlon;AT;Burgenland;Neusiedlersee;+43 2175 24148;office@manfred-weiss.at;ÖWM-Betriebssuche
Paul Matthias und Else Weiss;Neustiftgasse 31;7122;Gols;AT;Burgenland;Neusiedlersee;+43 2173 2349;winzerfamilie.weiss@aon.at;ÖWM-Betriebssuche
Weiss-Taschner;Am Berg 11;7122;Gols;AT;Burgenland;Neusiedlersee;+43 664 3735713;wein@wt-gols.com;ÖWM-Betriebssuche
Welkovits;Wiesengasse 2;7011;Siegendorf;AT;Burgenland;Leithaberg;+43 2687 48386;weine@welkovits.at;ÖWM-Betriebssuche
Wellanschitz;Lange Zeile 28;7311;Neckenmarkt;AT;Burgenland;Mittelburgenland;+43 664 4567114;info@wellanschitz.at;ÖWM-Betriebssuche
Wendelin;Bahngasse 1b;7122;Gols;AT;Burgenland;Neusiedlersee;+43 676 7667803;martin.wendelin.mw@gmail.com;ÖWM-Betriebssuche
Wendelin Andreas;Neustiftgasse 59;7122;Gols;AT;Burgenland;Neusiedlersee;+43 2173 2481;wein@wendelin.at;ÖWM-Betriebssuche
Wendelin Günther & Anna;Bahngasse 9;7122;Gols;AT;Burgenland;Neusiedlersee;+43 2173 2480;weingut.wendelin@aon.at;ÖWM-Betriebssuche
Wendelin Hans & Else;Hauptplatz 8;7122;Gols;AT;Burgenland;Neusiedlersee;+43 2173 2475;weinbau.wendelin@gmx.at;ÖWM-Betriebssuche
Wendelin Lorenz und Elisabeth;Hauptplatz 17;7122;Gols;AT;Burgenland;Neusiedlersee;+43 650 5511061;info@wendelin-weine.at;ÖWM-Betriebssuche
Wendelin Paul & Andrea;Hauptplatz 1;7122;Gols;AT;Burgenland;Neusiedlersee;+43 2173 2627;info@weingutwendelin.at;ÖWM-Betriebssuche
Wendelin- Elisabeth+Christian Gangl;Untere Hauptstrasse 135;7122;Gols;AT;Burgenland;Neusiedlersee;+43 664 5472139;wendelin@weingut-wendelin.at;ÖWM-Betriebssuche
Weninger;Florianigasse 11;7312;Horitschon;AT;Burgenland;Mittelburgenland;+43 2610 42165;weingut@weninger.com;ÖWM-Betriebssuche
Wenzel;Hauptstrasse 29;7071;Rust;AT;Burgenland;Ruster Ausbruch;+43 665 84124;office@michaelwenzel.at;ÖWM-Betriebssuche
Wenzl-Kast;Kellergasse 14;7122;Gols;AT;Burgenland;Neusiedlersee;+43 676 843763600;office@weingut-wenzl-kast.at;ÖWM-Betriebssuche
Werderitsch (Hannersdorf);Hannersdorf 75;7473;Hannersdorf;AT;Burgenland;Südburgenland;+43 3364 2165;;ÖWM-Betriebssuche
Werderitsch (Burg);Burg 31;7423;Pinkafeld;AT;Burgenland;Südburgenland;+43 3364 2893;;ÖWM-Betriebssuche
Werner;Hauptstrasse 18;7063;Oggau am Neusiedler See;AT;Burgenland;Leithaberg;;;ÖWM-Betriebssuche
Wessely;Kirchengasse 3;7312;Horitschon;AT;Burgenland;Mittelburgenland;;;ÖWM-Betriebssuche
Wetschka;Kirchberggasse 5;7093;Jois;AT;Burgenland;Leithaberg;;;ÖWM-Betriebssuche
Wieder Familie;Lange Zeile 17;7311;Neckenmarkt;AT;Burgenland;Mittelburgenland;+43 2610 2474;info@weingut-juliana-wieder.at;ÖWM-Betriebssuche
Juliana Wieder;Lange Zeile 76;7311;Neckenmarkt;AT;Burgenland;Mittelburgenland;+43 2610 42438;info@weingut-juliana-wieder.at;ÖWM-Betriebssuche
Wiedeschitz;Langegasse 25;7301;Deutschkreutz;AT;Burgenland;Mittelburgenland;+43 650 9041286;office@weingut-wiedeschitz.at;ÖWM-Betriebssuche
Wiesler;Deutsch Schützen 81;7474;Deutsch Schützen-Eisenberg;AT;Burgenland;Südburgenland;+43 3365 2641;;ÖWM-Betriebssuche
Wilfing;Dornburgg. 42;7400;Oberwart;AT;Burgenland;Südburgenland;;;ÖWM-Betriebssuche
Wilfinger Gerlinde;Hauptstrasse 124;7033;Pöttsching;AT;Burgenland;Leithaberg;+43 664 4644662;info@bioweinwilfinger.at;ÖWM-Betriebssuche
Wilfinger-Wenzl;Weinberggasse 18;7072;Mörbisch am See;AT;Burgenland;Leithaberg;+43 2685 8356;;ÖWM-Betriebssuche
Wimmer (Hauptstrasse);Hauptstrasse 45;7063;Oggau am Neusiedler See;AT;Burgenland;Leithaberg;+43 699 11109879;office@weingut-wimmer.com;ÖWM-Betriebssuche
Wimmer (Johannesstrasse);Johannesstrasse 10;7082;Donnerskirchen;AT;Burgenland;Leithaberg;;;ÖWM-Betriebssuche
Wind;Kohlgraben 49;7062;St.Margarethen i.Burgenland;AT;Burgenland;Leithaberg;+43 2680 3126;;ÖWM-Betriebssuche
Wind Georg;Hauptstrasse 191;7062;St.Margarethen i.Burgenland;AT;Burgenland;Leithaberg;+43 2680 3136;office@weingut-georg-wind.at;ÖWM-Betriebssuche
Wind Hermann & Gerti;Reitschulgasse 13;7062;St.Margarethen i.Burgenland;AT;Burgenland;Leithaberg;+43 2680 2762;gerti@weingut-wind.at;ÖWM-Betriebssuche
Windholz;Unt.Hauptstrasse10;7093;Jois;AT;Burgenland;Leithaberg;;;ÖWM-Betriebssuche
Windisch;Moschendorf 101;7540;Krottendorf;AT;Burgenland;Südburgenland;;;ÖWM-Betriebssuche
Winkler;Untere Hauptstrasse 59;7142;Illmitz;AT;Burgenland;Neusiedlersee;+43 2175 2808;winkler@weingutwinkler.at;ÖWM-Betriebssuche
Winzergenossenschaft Apetlon;Wallerner Straße;7143;Apetlon;AT;Burgenland;Neusiedlersee;+43 2175 2131;munzenrieder.rudolf@aon.at;ÖWM-Betriebssuche
Winzergenossenschaft Deutschkreutz;Nikitscher Straße;7301;Deutschkreutz;AT;Burgenland;Mittelburgenland;+43 2613 89590;karl.heidenreich@lk-bgld.at;ÖWM-Betriebssuche
Winzergenossenschaft Lutzmannsburg;Hauptstrasse;7361;Lutzmannsburg;AT;Burgenland;Mittelburgenland;+43 2615 87220;;ÖWM-Betriebssuche
Winzergenossenschaft Mönchhof;Sandhöhe;7123;Mönchhof;AT;Burgenland;Neusiedlersee;+43 2173 80869;info@winecommerce.at;ÖWM-Betriebssuche
Winzergenossenschaft Mörbisch;Eschengasse;7072;Mörbisch am See;AT;Burgenland;Leithaberg;+43 2685 8285;;ÖWM-Betriebssuche
Winzergenossenschaft Müllendorf;Dienststelle Raiffeisenverband Eisenstadt;7052;Müllendorf;AT;Burgenland;Leithaberg;+43 2682 691;;ÖWM-Betriebssuche
Winzergenossenschaft St. Georgen;Brunnengasse 11;7000;Eisenstadt;AT;Burgenland;Leithaberg;+43 2682 53159;;ÖWM-Betriebssuche
Winzergenossenschaft Weiden/See;Fasangasse 4;7121;Weiden am See;AT;Burgenland;Neusiedlersee;+43 2167 7819;;ÖWM-Betriebssuche
Winzerkeller Seewinkel;Bahnstrasse 3a;7152;Pamhagen;AT;Burgenland;Neusiedlersee;+43 664 2360488;office@winzerkeller-seewinkel.at;ÖWM-Betriebssuche
Wittmann;Kirchenplatz 10;7201;Neudörfl;AT;Burgenland;Rosalia;;;ÖWM-Betriebssuche
Wlaschitz (Feldgasse);Feldgasse 1;7013;Klingenbach;AT;Burgenland;Leithaberg;+43 2687 8147;;ÖWM-Betriebssuche
Wlaschitz (Obere Hauptstraße);Obere Hauptstraße 10;7042;Antau;AT;Burgenland;Leithaberg;+43 2687 63152;;ÖWM-Betriebssuche
Wohlrab;Untere Hauptstrasse 84;7041;Wulkaprodersdorf;AT;Burgenland;Leithaberg;+43 2687 62035;wein@wohlrab.at;ÖWM-Betriebssuche
Wolf (Lisztstraße);Lisztstraße 38 Wolf;7321;Raiding;AT;Burgenland;Mittelburgenland;+43 664 3897233;rudnik@gmx.at;ÖWM-Betriebssuche
Wolf (Heiligenbrunn);Heiligenbrunn 10;7522;Strem;AT;Burgenland;Südburgenland;+43 3324 4284;;ÖWM-Betriebssuche
Wolf (Haydng.);Haydng. 1;7092;Winden am See;AT;Burgenland;Leithaberg;;;ÖWM-Betriebssuche
Der Wein Wolf;Sandäckerweg 3;7053;Hornstein;AT;Burgenland;Leithaberg;+43 664 2049315;roland@der-wolf-wein.info;ÖWM-Betriebssuche
Wolfbeis;Kirchbergg.8;7093;Jois;AT;Burgenland;Leithaberg;;;ÖWM-Betriebssuche
Woppel;Nr.28;7473;Hannersdorf;AT;Burgenland;Südburgenland;;;ÖWM-Betriebssuche
Wukits;Obertrum 19;7503;Großpetersdorf;AT;Burgenland;Südburgenland;+43 3362 2678;office@weinbau-wukits.at;ÖWM-Betriebssuche
Wurzinger (Ob. Akaziengasse);Ob. Akaziengasse 6a;7143;Apetlon;AT;Burgenland;Neusiedlersee;+43 2175 2069;weingut-wurzinger@gmx.at;ÖWM-Betriebssuche
Wurzinger (Untere Hauptstrasse);Untere Hauptstrasse 16;7162;Tadten;AT;Burgenland;Neusiedlersee;;;ÖWM-Betriebssuche
Wurzinger Pia;Obere Hauptstrasse 11;7162;Tadten;AT;Burgenland;Neusiedlersee;+43 2176 3451;office@weingut-wurzinger.at;ÖWM-Betriebssuche
Wutschitz;Untere Hauptstrasse 78;7042;Antau;AT;Burgenland;Leithaberg;+43 2687 62148;;ÖWM-Betriebssuche
ZANTHO;Dammweg 1A;7163;Andau;AT;Burgenland;Neusiedlersee;+43 2176 27077;office@zantho.com;ÖWM-Betriebssuche
Zarits;Feldgasse 45;7011;Siegendorf;AT;Burgenland;Leithaberg;+43 2687 8594;;ÖWM-Betriebssuche
Zechmeister (Kirchenplatz);Kirchenplatz 9;7000;Eisenstadt;AT;Burgenland;Leithaberg;+43 2682 62977;;ÖWM-Betriebssuche
Zechmeister (Dreifaltigkeitsstrasse);Dreifaltigkeitsstrasse 16;7000;Eisenstadt;AT;Burgenland;Leithaberg;+43 2682 61723;weinbau.zechmeister@aon.at;ÖWM-Betriebssuche
Zechmeister Gernot;Augasse 6;7122;Gols;AT;Burgenland;Neusiedlersee;+43 650 7814446;office@zechmeister-weine.at;ÖWM-Betriebssuche
Zechmeister Johann;Kleinhöfleiner Hauptstrasse 72;7000;Eisenstadt;AT;Burgenland;Leithaberg;+43 2682 68692;info@weingut-zechmeister.at;ÖWM-Betriebssuche
Zehentner;Quergassse 10;7142;Illmitz;AT;Burgenland;Neusiedlersee;+43 664 1515381;info@weingut-zehentner.at;ÖWM-Betriebssuche
Zehetbauer Stefan;Hauptstraße 3;7081;Schützen am Gebirge;AT;Burgenland;Leithaberg;+43 2684 2523;office@zehetbauerwein.at;ÖWM-Betriebssuche
Zehetner (Oggauerstrasse);Oggauerstrasse 9;7071;Rust;AT;Burgenland;Ruster Ausbruch;;;ÖWM-Betriebssuche
Zehetner (Hauptstrasse);Hauptstrasse 5;7071;Rust;AT;Burgenland;Ruster Ausbruch;;zeisz@aon.at;ÖWM-Betriebssuche
Zeitler;Stefaniegasse 48;7062;St.Margarethen i.Burgenland;AT;Burgenland;Leithaberg;;;ÖWM-Betriebssuche
Zemljak;Bahnstrasse 80;7064;Oslip;AT;Burgenland;Leithaberg;;;ÖWM-Betriebssuche
Zentgraf;Setzgasse 1;7072;Mörbisch am See;AT;Burgenland;Leithaberg;+43 2685 24648;office@zentgraf.at;ÖWM-Betriebssuche
Zethner;Hauptstrasse 118;7072;Mörbisch am See;AT;Burgenland;Leithaberg;+43 2685 8692;;ÖWM-Betriebssuche
Zethner Weinparadies;Weinberggasse 6;7072;Mörbisch am See;AT;Burgenland;Leithaberg;+43 2685 8347;;ÖWM-Betriebssuche
Zieger;Altenhof 14;8385;Neuhaus am Klausenbach;AT;Burgenland;Südburgenland;+43 664 7803538;wein@weinhof-zieger.at;ÖWM-Betriebssuche
Zimmermann;Blumentalstrasse 40;7503;Großpetersdorf;AT;Burgenland;Südburgenland;+43 3362 2419;;ÖWM-Betriebssuche
Ziniel;Hauptstrasse 47;7161;Sankt Andrä am Zicksee;AT;Burgenland;Neusiedlersee;+43 2176 2116;office@ziniel.at;ÖWM-Betriebssuche
Zinniel;Neustiftgasse 63-65;7123;Mönchhof;AT;Burgenland;Neusiedlersee;;tobias@weingut-zinniel.at;ÖWM-Betriebssuche
Zwickl (Obere Hauptstrasse);Obere Hauptstrasse 71;7162;Tadten;AT;Burgenland;Neusiedlersee;;;ÖWM-Betriebssuche
Zwickl (Söllnergasse);Söllnergasse 3;7152;Pamhagen;AT;Burgenland;Neusiedlersee;+43 2174 25572;;ÖWM-Betriebssuche
Zwinger;Stiftsgasse 46;7123;Mönchhof;AT;Burgenland;Neusiedlersee;+43 2173 80231;;ÖWM-Betriebssuche
Zöchmeister Christian;Hauptstrasse 107;7051;Großhöflein;AT;Burgenland;Leithaberg;+43 2682 75069;christian@zoechmeister.at;ÖWM-Betriebssuche
Züger;Schulgasse 9;2443;Leithaprodersdorf;AT;Burgenland;Neusiedlersee;+43 2255 6259;;ÖWM-Betriebssuche
biokult;Hauptstrasse 86;7152;Pamhagen;AT;Burgenland;Neusiedlersee;+43 2174 2168;office@meinklang.at;ÖWM-Betriebssuche
dujmo.vino.;Hackenberg 36;7542;Sulz im Burgenland;AT;Burgenland;Südburgenland;+43 676 7711685;georg@dujmovino.com;ÖWM-Betriebssuche
terra finis;Mittlere Hauptstraße 1;2425;Nickelsdorf;AT;Burgenland;Neusiedlersee;+43 676 5668973;biowein@terrafinis.com;ÖWM-Betriebssuche
Öhler;Kirchengasse;7161;Sankt Andrä am Zicksee;AT;Burgenland;Neusiedlersee;;;ÖWM-Betriebssuche
Ötvös;Querstrasse 10;7000;Eisenstadt;AT;Burgenland;Leithaberg;;;ÖWM-Betriebssuche
